ISO-10303-21;
HEADER;
/* Generated by software containing ST-Developer
 * from STEP Tools, Inc. (www.steptools.com) 
 */

FILE_DESCRIPTION(
/* description */ (''),
/* implementation_level */ '2;1');

FILE_NAME(
/* name */ 'simplified_fuselage_solid.step',
/* time_stamp */ '2026-06-22T11:33:05+02:00',
/* author */ (''),
/* organization */ (''),
/* preprocessor_version */ 'ST-DEVELOPER v20.1',
/* originating_system */ 'Autodesk Translation Framework v15.8.0.0',
/* authorisation */ '');

FILE_SCHEMA (('AUTOMOTIVE_DESIGN { 1 0 10303 214 3 1 1 }'));
ENDSEC;

DATA;
#10=MECHANICAL_DESIGN_GEOMETRIC_PRESENTATION_REPRESENTATION('',(#13),#7285);
#11=SHAPE_REPRESENTATION_RELATIONSHIP('SRR','None',#7292,#12);
#12=ADVANCED_BREP_SHAPE_REPRESENTATION('',(#14),#7284);
#13=STYLED_ITEM('',(#7302),#14);
#14=MANIFOLD_SOLID_BREP('Fuselage',#385);
#15=FACE_BOUND('',#128,.T.);
#16=FACE_BOUND('',#130,.T.);
#17=PLANE('',#415);
#18=PLANE('',#416);
#19=PLANE('',#418);
#20=B_SPLINE_CURVE_WITH_KNOTS('',3,(#557,#558,#559,#560,#561,#562),
 .UNSPECIFIED.,.F.,.F.,(4,1,1,4),(-5.3470728840966,-4.7672257733027,-4.57394340303807,
-4.38110556177793),.UNSPECIFIED.);
#21=B_SPLINE_CURVE_WITH_KNOTS('',3,(#564,#565,#566,#567,#568,#569,#570),
 .UNSPECIFIED.,.F.,.F.,(4,1,1,1,4),(-4.38066103277344,-3.50452882621875,
-2.62839661966406,-1.75226441310938,0.),.UNSPECIFIED.);
#22=B_SPLINE_CURVE_WITH_KNOTS('',3,(#573,#574,#575,#576,#577,#578,#579,
#580,#581,#582,#583),.UNSPECIFIED.,.F.,.F.,(4,1,1,1,2,1,1,4),(0.,1.75226441310938,
2.62839661966406,3.50452882621875,4.38066103277344,4.57394340303807,4.7672257733027,
5.3470728840966),.UNSPECIFIED.);
#23=B_SPLINE_CURVE_WITH_KNOTS('',3,(#705,#706,#707,#708,#709,#710,#711,
#712,#713,#714,#715,#716,#717,#718,#719,#720,#721,#722,#723,#724,#725,#726,
#727,#728),.UNSPECIFIED.,.F.,.F.,(4,1,1,1,1,1,1,1,1,1,1,1,1,1,1,1,1,1,1,
1,1,4),(-76.7413685700587,-60.2967895907604,-54.8152632643276,-43.8522106114621,
-32.8891579585966,-21.926105305731,-18.2717544214425,-14.617403537154,-10.9630526528655,
-8.22228948964914,-5.48152632643276,-4.11114474482457,-2.74076316321638,
-2.05557237241229,-1.37038158160819,-1.02778618620614,-0.685190790804095,
-0.342595395402048,-0.171297697701024,-0.0856488488505119,-0.042824424425256,
0.),.UNSPECIFIED.);
#24=B_SPLINE_CURVE_WITH_KNOTS('',3,(#731,#732,#733,#734,#735,#736,#737,
#738,#739,#740,#741,#742,#743,#744,#745,#746,#747,#748,#749,#750,#751,#752,
#753,#754),.UNSPECIFIED.,.F.,.F.,(4,1,1,1,1,1,1,1,1,1,1,1,1,1,1,1,1,1,1,
1,1,4),(0.,0.042824424425256,0.0856488488505119,0.171297697701024,0.342595395402048,
0.685190790804095,1.02778618620614,1.37038158160819,2.05557237241229,2.74076316321638,
4.11114474482457,5.48152632643276,8.22228948964914,10.9630526528655,14.617403537154,
18.2717544214425,21.926105305731,32.8891579585966,43.8522106114621,54.8152632643276,
60.2967895907604,76.7413685700587),.UNSPECIFIED.);
#25=B_SPLINE_CURVE_WITH_KNOTS('',3,(#891,#892,#893,#894,#895,#896,#897,
#898,#899,#900,#901,#902,#903,#904,#905,#906,#907,#908,#909,#910,#911,#912,
#913,#914,#915,#916,#917),.UNSPECIFIED.,.F.,.F.,(4,1,1,1,1,1,1,1,1,1,1,
1,1,1,1,1,1,1,1,1,1,1,1,1,4),(-76.7410691452534,-76.6982448879179,-76.6554206305823,
-76.5697721159113,-76.4841236012403,-76.3984750865692,-76.3128265718982,
-76.2271780572271,-76.0558810278851,-75.7132869692009,-75.3706929105167,
-74.6855047931484,-74.00031667578,-72.6299404410434,-71.2595642063067,-68.5188117368334,
-65.77805926736,-58.4693860154311,-54.8150493894667,-43.8520395115734,-32.88902963368,
-27.4075246947333,-16.44451481684,-10.9630098778933,0.),.UNSPECIFIED.);
#26=B_SPLINE_CURVE_WITH_KNOTS('',3,(#920,#921,#922,#923,#924,#925,#926,
#927,#928,#929,#930,#931,#932,#933,#934,#935,#936,#937,#938,#939,#940,#941,
#942,#943,#944,#945,#946),.UNSPECIFIED.,.F.,.F.,(4,1,1,1,1,1,1,1,1,1,1,
1,1,1,1,1,1,1,1,1,1,1,1,1,4),(0.,10.9630098778933,16.44451481684,27.4075246947333,
32.88902963368,43.8520395115734,54.8150493894667,58.4693860154311,65.77805926736,
68.5188117368334,71.2595642063067,72.6299404410434,74.00031667578,74.6855047931484,
75.3706929105167,75.7132869692009,76.0558810278851,76.2271780572271,76.3128265718982,
76.3984750865692,76.4841236012403,76.5697721159113,76.6554206305823,76.6982448879179,
76.7410691452534),.UNSPECIFIED.);
#27=B_SPLINE_CURVE_WITH_KNOTS('',3,(#1028,#1029,#1030,#1031,#1032,#1033,
#1034,#1035,#1036),.UNSPECIFIED.,.F.,.F.,(4,1,1,1,1,1,4),(-5.34011563700003,
-3.58897762829424,-2.71340862394134,-1.83783961958844,-1.400055117412,-1.18116286632377,
-0.962270615235548),.UNSPECIFIED.);
#28=B_SPLINE_CURVE_WITH_KNOTS('',3,(#1037,#1038,#1039,#1040),
 .UNSPECIFIED.,.F.,.F.,(4,4),(-0.962075102635873,-1.99453090679084E-10),
 .UNSPECIFIED.);
#29=B_SPLINE_CURVE_WITH_KNOTS('',3,(#1041,#1042,#1043,#1044,#1045,#1046,
#1047,#1048,#1049,#1050,#1051),.UNSPECIFIED.,.F.,.F.,(4,2,1,1,1,1,1,4),
(1.99453090679084E-10,0.962270615235548,1.18116286632377,1.400055117412,
1.83783961958844,2.71340862394134,3.58897762829424,5.34011563700003),
 .UNSPECIFIED.);
#30=B_SPLINE_CURVE_WITH_KNOTS('',3,(#1165,#1166,#1167,#1168,#1169,#1170,
#1171,#1172,#1173,#1174,#1175,#1176,#1177,#1178),.UNSPECIFIED.,.F.,.F.,
(4,1,1,1,1,1,2,1,1,1,4),(0.,1.44185119125709,2.88370238251417,4.32555357377126,
5.76740476502834,8.65110714754252,10.0929583387996,13.4273141639664,16.7616699891331,
23.4303816394666,33.4334491149669),.UNSPECIFIED.);
#31=B_SPLINE_CURVE_WITH_KNOTS('',3,(#1181,#1182,#1183,#1184,#1185,#1186,
#1187,#1188,#1189,#1190,#1191,#1192,#1193,#1194),.UNSPECIFIED.,.F.,.F.,
(4,1,1,1,2,1,1,1,1,1,4),(-33.4334491149669,-23.4303816394666,-16.7616699891331,
-13.4273141639664,-10.0929583387996,-8.65110714754252,-5.76740476502834,
-4.32555357377126,-2.88370238251417,-1.44185119125709,0.),.UNSPECIFIED.);
#32=B_SPLINE_CURVE_WITH_KNOTS('',3,(#1290,#1291,#1292,#1293,#1294,#1295,
#1296,#1297),.UNSPECIFIED.,.F.,.F.,(4,1,1,1,1,4),(-18.6201526467919,-14.337417633343,
-12.9098392955267,-12.1960501266185,-11.8391555421644,-11.4830535511398),
 .UNSPECIFIED.);
#33=B_SPLINE_CURVE_WITH_KNOTS('',3,(#1298,#1299,#1300,#1301,#1302,#1303,
#1304,#1305,#1306),.UNSPECIFIED.,.F.,.F.,(4,2,1,1,1,4),(-11.4830535511398,
-11.4822609577104,-10.3340348619393,-9.18580876616829,-4.59290438308414,
0.),.UNSPECIFIED.);
#34=B_SPLINE_CURVE_WITH_KNOTS('',3,(#1307,#1308,#1309,#1310,#1311,#1312,
#1313,#1314,#1315,#1316,#1317,#1318,#1319),.UNSPECIFIED.,.F.,.F.,(4,1,1,
1,2,1,1,1,1,4),(0.,4.59290438308414,9.18580876616829,10.3340348619393,11.4822609577104,
11.8391555421644,12.1960501266185,12.9098392955267,14.337417633343,18.6201526467919),
 .UNSPECIFIED.);
#35=B_SPLINE_CURVE_WITH_KNOTS('',3,(#1421,#1422,#1423,#1424,#1425,#1426,
#1427,#1428,#1429,#1430,#1431,#1432,#1433,#1434,#1435,#1436,#1437,#1438,
#1439,#1440),.UNSPECIFIED.,.F.,.F.,(4,1,1,1,1,1,1,1,1,1,1,1,1,1,1,1,1,4),
(-42.8021865721964,-30.5729904087117,-24.4583923269694,-18.343794245227,
-12.2291961634847,-10.1909968029039,-6.11459808174235,-4.58594856130676,
-3.05729904087117,-2.29297428065338,-1.52864952043559,-1.14648714032669,
-0.764324760217793,-0.382162380108897,-0.191081190054448,-0.0955405950272242,
-0.0477702975136121,0.),.UNSPECIFIED.);
#36=B_SPLINE_CURVE_WITH_KNOTS('',3,(#1443,#1444,#1445,#1446,#1447,#1448,
#1449,#1450,#1451,#1452,#1453,#1454,#1455,#1456,#1457,#1458,#1459,#1460,
#1461,#1462),.UNSPECIFIED.,.F.,.F.,(4,1,1,1,1,1,1,1,1,1,1,1,1,1,1,1,1,4),
(0.,0.0477702975136121,0.0955405950272242,0.191081190054448,0.382162380108897,
0.764324760217793,1.14648714032669,1.52864952043559,2.29297428065338,3.05729904087117,
4.58594856130676,6.11459808174235,10.1909968029039,12.2291961634847,18.343794245227,
24.4583923269694,30.5729904087117,42.8021865721964),.UNSPECIFIED.);
#37=B_SPLINE_CURVE_WITH_KNOTS('',3,(#1584,#1585,#1586,#1587,#1588,#1589,
#1590,#1591,#1592,#1593,#1594,#1595,#1596,#1597,#1598,#1599,#1600,#1601,
#1602,#1603,#1604,#1605,#1606,#1607),.UNSPECIFIED.,.F.,.F.,(4,1,1,1,1,1,
1,1,1,1,1,1,1,1,1,1,1,1,1,1,1,4),(-42.4803100065291,-42.432898946254,-42.3854878859788,
-42.2906657654285,-42.1958436448782,-42.101021524328,-42.0061994037777,
-41.9113772832274,-41.7217330421268,-41.3424445599257,-40.9631560777245,
-40.2045791133222,-39.4460021489199,-37.9288482201153,-36.4116942913107,
-34.3888223862378,-30.3430785760922,-26.2973347659466,-24.2744628608738,
-18.2058471456553,-12.1372314304369,0.),.UNSPECIFIED.);
#38=B_SPLINE_CURVE_WITH_KNOTS('',3,(#1610,#1611,#1612,#1613,#1614,#1615,
#1616,#1617,#1618,#1619,#1620,#1621,#1622,#1623,#1624,#1625,#1626,#1627,
#1628,#1629,#1630,#1631,#1632,#1633),.UNSPECIFIED.,.F.,.F.,(4,1,1,1,1,1,
1,1,1,1,1,1,1,1,1,1,1,1,1,1,1,4),(0.,12.1372314304369,18.2058471456553,
24.2744628608738,26.2973347659466,30.3430785760922,34.3888223862378,36.4116942913107,
37.9288482201153,39.4460021489199,40.2045791133222,40.9631560777245,41.3424445599257,
41.7217330421268,41.9113772832274,42.0061994037777,42.101021524328,42.1958436448782,
42.2906657654285,42.3854878859788,42.432898946254,42.4803100065291),
 .UNSPECIFIED.);
#39=B_SPLINE_CURVE_WITH_KNOTS('',3,(#1743,#1744,#1745,#1746,#1747,#1748,
#1749,#1750,#1751,#1752,#1753,#1754),.UNSPECIFIED.,.F.,.F.,(4,1,1,1,1,1,
1,2,4),(-18.9431339749568,-16.6464535066947,-12.0530925701706,-9.75641210190856,
-8.60807186777753,-8.03390175071201,-7.74681669217926,-7.4597316336465,
-7.45887317532603),.UNSPECIFIED.);
#40=B_SPLINE_CURVE_WITH_KNOTS('',3,(#1755,#1756,#1757,#1758,#1759,#1760,
#1761),.UNSPECIFIED.,.F.,.F.,(4,1,1,1,4),(-7.4597316336465,-5.96778530692165,
-4.47583898019679,-2.98389265347194,-2.22328911494026E-11),
 .UNSPECIFIED.);
#41=B_SPLINE_CURVE_WITH_KNOTS('',3,(#1762,#1763,#1764,#1765,#1766,#1767,
#1768,#1769,#1770,#1771,#1772,#1773,#1774,#1775,#1776),.UNSPECIFIED.,.F.,
 .F.,(4,1,1,1,2,1,1,1,1,1,1,4),(2.22328911494026E-11,2.98389265347194,4.47583898019679,
5.96778530692165,7.4597316336465,7.74681669217926,8.03390175071201,8.60807186777753,
9.75641210190856,12.0530925701706,16.6464535066947,18.9431339749568),
 .UNSPECIFIED.);
#42=B_SPLINE_CURVE_WITH_KNOTS('',3,(#1875,#1876,#1877,#1878,#1879,#1880,
#1881,#1882,#1883,#1884,#1885,#1886,#1887,#1888),.UNSPECIFIED.,.F.,.F.,
(4,1,1,1,2,1,1,1,1,1,4),(0.,6.66871143304057,13.3374228660811,20.0061342991217,
23.340490015642,24.7820588233965,26.2236276311511,27.6651964389056,29.1067652466601,
30.5483340544147,33.4314716699237),.UNSPECIFIED.);
#43=B_SPLINE_CURVE_WITH_KNOTS('',3,(#1889,#1890,#1891,#1892,#1893,#1894,
#1895,#1896,#1897,#1898,#1899,#1900,#1901,#1902),.UNSPECIFIED.,.F.,.F.,
(4,1,1,1,1,1,2,1,1,1,4),(-33.4314716699237,-30.5483340544147,-29.1067652466601,
-27.6651964389056,-26.2236276311511,-24.7820588233965,-23.340490015642,
-20.0061342991217,-13.3374228660811,-6.66871143304057,0.),.UNSPECIFIED.);
#44=B_SPLINE_CURVE_WITH_KNOTS('',3,(#4153,#4154,#4155,#4156,#4157),
 .UNSPECIFIED.,.F.,.F.,(4,1,4),(0.699874056014082,0.775581041650429,1.),
 .UNSPECIFIED.);
#45=B_SPLINE_CURVE_WITH_KNOTS('',3,(#4159,#4160,#4161,#4162,#4163,#4164,
#4165,#4166,#4167,#4168,#4169,#4170,#4171,#4172,#4173,#4174,#4175,#4176,
#4177,#4178,#4179,#4180,#4181,#4182,#4183,#4184,#4185,#4186,#4187,#4188),
 .UNSPECIFIED.,.F.,.F.,(4,1,1,1,1,1,1,1,1,1,1,1,1,1,1,1,1,1,1,1,1,1,2,1,
1,1,4),(0.,0.0438952604126072,0.0877905208252145,0.117054027766953,0.139001657973256,
0.146317534708691,0.175581041650429,0.190212795121298,0.204844548592167,
0.234108055533905,0.248739809004774,0.256055685740209,0.263371562475643,
0.285319192681947,0.307266822888251,0.329214453094554,0.351162083300858,
0.373109713507162,0.395057343713465,0.417004973919769,0.427978789022921,
0.433465696574497,0.438952604126072,0.495057343713465,0.551162083300858,
0.775581041650429,1.),.UNSPECIFIED.);
#46=B_SPLINE_CURVE_WITH_KNOTS('',3,(#4189,#4190,#4191,#4192,#4193,#4194,
#4195,#4196,#4197,#4198,#4199,#4200),.UNSPECIFIED.,.F.,.F.,(4,1,1,1,1,1,
1,1,1,4),(0.,0.0438952604126072,0.0877905208252145,0.117054027766953,0.139001657973256,
0.146317534708691,0.175581041650429,0.190212795121298,0.204844548592167,
0.226321567663414),.UNSPECIFIED.);
#47=B_SPLINE_CURVE_WITH_KNOTS('',3,(#4202,#4203,#4204,#4205,#4206,#4207,
#4208,#4209,#4210,#4211,#4212,#4213,#4214,#4215,#4216,#4217,#4218,#4219,
#4220,#4221,#4222,#4223,#4224,#4225,#4226,#4227,#4228,#4229,#4230,#4231,
#4232,#4233,#4234,#4235,#4236,#4237,#4238,#4239,#4240,#4241,#4242,#4243,
#4244,#4245,#4246,#4247,#4248,#4249,#4250,#4251,#4252,#4253,#4254,#4255,
#4256,#4257,#4258,#4259,#4260,#4261),.UNSPECIFIED.,.F.,.F.,(4,2,1,1,1,1,
1,1,1,1,1,1,1,1,1,1,1,1,1,1,1,1,1,1,1,1,1,1,1,1,1,1,1,1,1,1,1,1,1,1,1,1,
1,1,1,1,1,1,1,2,1,1,1,1,1,4),(35.686459072537,35.6864596124706,35.9543440386823,
36.222228464894,36.4901128911058,36.7579973173175,37.0258817435292,37.293766169741,
37.5616505959527,37.8295350221644,38.0974194483762,38.3653038745879,38.6331883007996,
38.9010727270113,39.1689571532231,39.4368415794348,39.7047260056465,39.9726104318583,
40.24049485807,40.5083792842817,40.7762637104934,41.0441481367052,41.3120325629169,
41.5799169891286,41.8478014153403,42.1156858415521,42.3835702677638,42.6514546939755,
42.9193391201873,43.187223546399,43.4551079726107,43.7229923988225,43.9908768250342,
44.2587612512459,44.7945301036694,45.3302989560928,45.8660678085163,46.4018366609398,
46.9376055133632,47.4733743657867,48.0091432182101,48.5449120706336,49.080680923057,
49.6164497754805,50.1522186279039,50.6879874803274,51.2237563327509,51.7595251851743,
52.2952940375978,52.8310628900212,52.8607771461659,52.8904914023105,52.9499199145998,
53.0687769391784,53.187633963757,53.3064909883356),.UNSPECIFIED.);
#48=B_SPLINE_CURVE_WITH_KNOTS('',3,(#4262,#4263,#4264,#4265,#4266,#4267,
#4268,#4269,#4270,#4271,#4272,#4273,#4274,#4275,#4276,#4277,#4278,#4279,
#4280,#4281,#4282,#4283,#4284,#4285,#4286,#4287,#4288,#4289,#4290,#4291,
#4292,#4293,#4294,#4295,#4296,#4297,#4298,#4299,#4300,#4301,#4302,#4303,
#4304,#4305,#4306,#4307,#4308,#4309,#4310,#4311,#4312,#4313,#4314,#4315,
#4316,#4317,#4318,#4319,#4320,#4321,#4322,#4323,#4324,#4325,#4326,#4327,
#4328,#4329,#4330,#4331,#4332,#4333,#4334,#4335,#4336,#4337,#4338,#4339,
#4340,#4341,#4342,#4343,#4344,#4345,#4346,#4347,#4348,#4349,#4350,#4351,
#4352,#4353,#4354,#4355,#4356,#4357,#4358,#4359,#4360,#4361,#4362,#4363,
#4364,#4365,#4366,#4367,#4368,#4369,#4370,#4371,#4372),.UNSPECIFIED.,.F.,
 .F.,(4,1,1,1,1,1,1,1,1,1,1,1,1,1,1,1,1,1,1,1,1,1,1,1,1,2,1,1,1,1,1,1,1,
1,1,1,1,1,1,1,1,1,1,1,1,1,1,1,1,1,1,1,1,1,1,1,1,1,1,1,1,1,1,1,1,1,1,1,1,
1,1,1,1,1,1,1,1,1,1,1,1,1,1,1,1,1,1,1,1,1,1,1,1,1,1,1,1,1,1,1,1,1,1,1,1,
2,4),(-7.02602910312848,-6.58690228418295,-6.14777546523742,-5.70864864629189,
-5.26952182734636,-4.83039500840083,-4.3912681894553,-3.95214137050977,
-3.732577961037,-3.51301455156424,-3.29345114209147,-3.07388773261871,-2.85432432314594,
-2.63476091367318,-2.41519750420041,-2.19563409472765,-1.97607068525488,
-1.75650727578212,-1.31738045683659,-0.87825363789106,-0.43912681894553,
-0.219563409472765,-0.109781704736382,-0.0548908523681912,-0.0274454261840956,
0.,0.557581766097516,1.11516353219503,1.67274529829255,2.23032706439007,
2.78790883048758,3.3454905965851,3.90307236268261,4.46065412878013,5.01823589487765,
5.57581766097516,6.13339942707268,6.6909811931702,7.24856295926771,7.80614472536523,
8.36372649146275,8.92130825756026,9.47889002365778,10.0364717897553,10.5940535558528,
11.1516353219503,11.7092170880478,12.2667988541454,12.8243806202429,13.3819623863404,
13.9395441524379,14.4971259185354,15.0547076846329,15.6122894507305,16.169871216828,
16.7274529829255,17.285034749023,17.8426165151205,18.400198281218,18.9577800473156,
19.5153618134131,20.0729435795106,20.6305253456081,21.1881071117056,21.7456888778031,
22.3032706439007,22.8608524099982,23.4184341760957,23.9760159421932,24.254806825242,
24.5335977082907,24.8123885913395,25.0911794743882,25.369970357437,25.6487612404858,
25.9275521235345,26.2063430065833,26.485133889632,26.7639247726808,27.0427156557295,
27.3215065387783,27.6002974218271,27.8790883048758,28.1578791879246,28.4366700709733,
28.7154609540221,28.9942518370709,29.2730427201196,29.5518336031684,29.8306244862171,
30.1094153692659,30.6669971353634,30.9457880184122,31.2245789014609,31.5033697845097,
31.7821606675584,32.3397424336559,32.6185333167047,32.8973241997535,33.454905965851,
34.0124877319485,34.2912786149973,34.570069498046,34.8488603810948,35.1276512641435,
35.6852330302411,35.686459072537),.UNSPECIFIED.);
#49=B_SPLINE_CURVE_WITH_KNOTS('',3,(#4426,#4427,#4428,#4429,#4430,#4431,
#4432,#4433,#4434,#4435,#4436,#4437,#4438,#4439,#4440,#4441,#4442,#4443,
#4444,#4445,#4446,#4447,#4448,#4449,#4450,#4451,#4452,#4453,#4454,#4455,
#4456,#4457,#4458,#4459,#4460,#4461,#4462,#4463,#4464,#4465),
 .UNSPECIFIED.,.F.,.F.,(4,2,2,1,1,1,1,1,1,1,1,1,1,1,1,1,1,1,1,1,1,1,1,1,
1,1,1,1,1,1,1,1,1,1,1,4),(-17.1435082295938,-17.1435075841935,-17.1422810245736,
-16.8744328835647,-16.6065847425557,-16.3387366015467,-16.0708884605378,
-15.5351921785198,-14.9994958965019,-14.463799614484,-13.9281033324661,
-13.6602551914571,-13.3924070504481,-12.8567107684302,-12.3210144864123,
-12.0531663454033,-11.7853182043944,-11.2496219223764,-10.7139256403585,
-10.4460774993496,-10.1782293583406,-9.64253307632267,-9.10683679430474,
-8.83898865329578,-8.57114051228681,-8.30329237127785,-8.03544423026889,
-7.49974794825096,-6.96405166623304,-6.69620352522407,-6.42835538421511,
-5.89265910219718,-5.35696282017926,-4.82126653816133,-4.28557025614341,
-3.78133869686975),.UNSPECIFIED.);
#50=B_SPLINE_CURVE_WITH_KNOTS('',3,(#4466,#4467,#4468,#4469,#4470,#4471,
#4472,#4473,#4474,#4475,#4476,#4477,#4478,#4479,#4480,#4481,#4482,#4483,
#4484,#4485,#4486,#4487,#4488,#4489,#4490,#4491,#4492,#4493,#4494,#4495,
#4496,#4497,#4498,#4499,#4500,#4501,#4502,#4503,#4504,#4505,#4506,#4507,
#4508,#4509,#4510,#4511,#4512),.UNSPECIFIED.,.F.,.F.,(4,1,1,1,1,1,1,1,1,
1,1,1,1,1,1,1,1,1,1,1,1,1,1,1,1,1,1,1,1,1,1,1,1,1,1,1,1,1,1,1,1,1,1,1,4),
(-41.4648935355409,-41.1229253039325,-40.5652644267293,-40.0076035495261,
-39.4499426723228,-38.8922817951196,-38.3346209179164,-37.7769600407131,
-37.2192991635099,-36.6616382863067,-36.1039774091034,-35.5463165319002,
-34.988655654697,-34.4309947774937,-33.8733339002905,-33.3156730230873,
-32.758012145884,-32.2003512686808,-31.6426903914775,-31.0850295142743,
-30.5273686370711,-29.9697077598678,-29.4120468826646,-28.8543860054614,
-28.2967251282581,-27.7390642510549,-27.1814033738517,-26.6237424966484,
-26.0660816194452,-25.508420742242,-24.9507598650387,-24.3930989878355,
-23.8354381106323,-23.277777233429,-22.7201163562258,-22.1624554790226,
-21.6047946018193,-21.0471337246161,-20.4894728474129,-19.9318119702096,
-19.3741510930064,-18.8164902158032,-18.2588293385999,-17.7011684613967,
-17.1435082295938),.UNSPECIFIED.);
#51=B_SPLINE_CURVE_WITH_KNOTS('',3,(#4904,#4905,#4906,#4907,#4908,#4909,
#4910,#4911,#4912,#4913,#4914,#4915,#4916,#4917,#4918,#4919,#4920,#4921,
#4922,#4923,#4924,#4925,#4926,#4927,#4928,#4929,#4930,#4931,#4932,#4933,
#4934,#4935,#4936,#4937,#4938,#4939,#4940,#4941,#4942,#4943,#4944,#4945,
#4946,#4947,#4948,#4949,#4950,#4951,#4952,#4953,#4954,#4955,#4956,#4957,
#4958,#4959,#4960,#4961,#4962,#4963,#4964,#4965,#4966,#4967,#4968,#4969,
#4970,#4971,#4972,#4973,#4974,#4975,#4976,#4977,#4978,#4979,#4980,#4981,
#4982,#4983,#4984,#4985,#4986,#4987,#4988,#4989,#4990,#4991,#4992,#4993,
#4994,#4995,#4996,#4997,#4998,#4999,#5000,#5001),.UNSPECIFIED.,.F.,.F.,
(4,2,1,1,1,1,1,1,1,1,1,1,1,1,1,1,1,1,1,1,1,1,1,1,1,1,1,1,1,1,1,1,1,1,1,
1,1,1,1,1,1,1,1,1,1,1,1,1,1,1,1,1,1,1,1,1,1,1,1,1,1,1,1,1,1,2,1,1,1,1,1,
1,1,1,1,1,1,1,1,1,1,1,1,1,1,1,1,1,1,1,1,1,1,4),(17.1422815369488,17.1435075841935,
17.7011684613967,18.2588293385999,18.8164902158032,19.3741510930064,19.9318119702096,
20.4894728474129,21.0471337246161,21.6047946018193,22.1624554790226,22.7201163562258,
23.277777233429,23.8354381106323,24.3930989878355,24.9507598650387,25.508420742242,
26.0660816194452,26.6237424966484,27.1814033738517,27.7390642510549,28.2967251282581,
28.8543860054614,29.4120468826646,29.9697077598678,30.5273686370711,31.0850295142743,
31.6426903914775,32.2003512686808,32.758012145884,33.3156730230873,33.8733339002905,
34.4309947774937,34.988655654697,35.5463165319002,36.1039774091034,36.6616382863067,
37.2192991635099,37.7769600407131,38.3346209179164,38.8922817951196,39.4499426723228,
40.0076035495261,40.5652644267293,41.1229253039325,41.6805861811358,42.238247058339,
42.7959079355422,43.3535688127455,43.9112296899487,44.4688905671519,45.0265514443552,
45.5842123215584,46.1418731987617,46.6995340759649,47.2571949531681,47.8148558303714,
48.3725167075746,48.9301775847778,49.4878384619811,50.0454993391843,50.6031602163875,
51.1608210935908,51.718481970794,52.2761428479972,52.8338037252005,52.8481533950601,
52.8625030649197,52.891202404639,52.9486010840775,53.0633984429545,53.2929931607084,
53.5225878784624,53.7521825962164,53.9817773139704,54.2113720317244,54.4409667494784,
54.6705614672324,54.9001561849864,55.1297509027404,55.3593456204944,55.5889403382484,
55.8185350560024,56.0481297737564,56.2777244915104,56.5073192092644,56.9665086447723,
57.4256980802803,57.8848875157883,58.3440769512963,58.8032663868043,59.2624558223123,
59.7216452578202,60.1808346933282),.UNSPECIFIED.);
#52=B_SPLINE_CURVE_WITH_KNOTS('',3,(#5002,#5003,#5004,#5005,#5006,#5007,
#5008,#5009,#5010,#5011,#5012,#5013,#5014,#5015,#5016,#5017,#5018,#5019,
#5020,#5021,#5022,#5023,#5024,#5025,#5026,#5027,#5028,#5029,#5030,#5031,
#5032,#5033,#5034,#5035,#5036,#5037,#5038,#5039,#5040,#5041,#5042,#5043,
#5044,#5045,#5046,#5047,#5048,#5049,#5050,#5051,#5052,#5053,#5054),
 .UNSPECIFIED.,.F.,.F.,(4,1,1,1,1,1,1,2,1,1,1,1,1,1,1,1,1,1,1,1,1,1,1,1,
1,1,1,1,1,1,1,1,1,1,1,1,1,1,1,1,1,1,1,1,1,1,1,2,4),(-0.476965878153099,
-0.357724408614824,-0.238482939076549,-0.119241469538275,-0.0596207347691374,
-0.0298103673845687,-0.0149051836922843,0.,0.535696282017926,1.07139256403585,
1.60708884605378,2.1427851280717,2.67848141008963,3.21417769210756,3.74987397412548,
4.28557025614341,4.82126653816133,5.35696282017926,5.89265910219718,6.42835538421511,
6.69620352522407,6.96405166623304,7.49974794825096,8.03544423026889,8.30329237127785,
8.57114051228681,8.83898865329578,9.10683679430474,9.64253307632267,10.1782293583406,
10.4460774993496,10.7139256403585,11.2496219223764,11.7853182043944,12.0531663454033,
12.3210144864123,12.8567107684302,13.3924070504481,13.6602551914571,13.9281033324661,
14.463799614484,14.9994958965019,15.5351921785198,16.0708884605378,16.3387366015467,
16.6065847425557,16.8744328835647,17.1422810245736,17.1422815369488),
 .UNSPECIFIED.);
#53=B_SPLINE_CURVE_WITH_KNOTS('',3,(#5055,#5056,#5057,#5058,#5059,#5060,
#5061,#5062,#5063,#5064,#5065,#5066,#5067,#5068,#5069,#5070,#5071,#5072,
#5073,#5074,#5075,#5076,#5077,#5078),.UNSPECIFIED.,.F.,.F.,(4,1,1,1,1,1,
1,1,1,1,1,1,2,1,1,1,2,2,4),(0.,0.0354605993359826,0.0709211986719652,0.0945615982292869,
0.118201997786609,0.130022197565269,0.14184239734393,0.165482796901252,
0.189123196458574,0.212763596015895,0.230493895683887,0.248224195351878,
0.283684794687861,0.322501747047414,0.361318699406967,0.400135651766519,
0.438952604126072,0.672170130836469,1.),.UNSPECIFIED.);
#54=B_SPLINE_CURVE_WITH_KNOTS('',3,(#6651,#6652,#6653,#6654,#6655,#6656,
#6657,#6658,#6659,#6660,#6661,#6662,#6663,#6664,#6665,#6666,#6667,#6668,
#6669,#6670,#6671,#6672,#6673,#6674,#6675,#6676,#6677,#6678,#6679,#6680,
#6681,#6682,#6683,#6684,#6685,#6686,#6687,#6688,#6689,#6690,#6691,#6692,
#6693,#6694,#6695,#6696,#6697,#6698),.UNSPECIFIED.,.F.,.F.,(4,1,1,1,1,1,
1,1,1,1,1,1,1,1,1,1,1,1,1,1,1,1,1,1,1,1,1,1,1,1,1,1,1,1,1,1,1,1,1,1,1,2,
2,4),(-49.0484704491329,-48.5449120706336,-48.0091432182101,-47.4733743657867,
-46.9376055133632,-46.4018366609398,-45.8660678085163,-45.3302989560928,
-44.7945301036694,-44.2587612512459,-43.9908768250342,-43.7229923988225,
-43.4551079726107,-43.187223546399,-42.9193391201873,-42.6514546939755,
-42.3835702677638,-42.1156858415521,-41.8478014153403,-41.5799169891286,
-41.3120325629169,-41.0441481367052,-40.7762637104934,-40.5083792842817,
-40.24049485807,-39.9726104318583,-39.7047260056465,-39.4368415794348,-39.1689571532231,
-38.9010727270113,-38.6331883007996,-38.3653038745879,-38.0974194483762,
-37.8295350221644,-37.5616505959527,-37.293766169741,-37.0258817435292,
-36.7579973173175,-36.4901128911058,-36.222228464894,-35.9543440386823,
-35.6864596124706,-35.6852330302411,-35.6852323851926),.UNSPECIFIED.);
#55=B_SPLINE_CURVE_WITH_KNOTS('',3,(#6699,#6700,#6701,#6702,#6703,#6704,
#6705,#6706,#6707,#6708,#6709,#6710,#6711,#6712,#6713,#6714,#6715,#6716,
#6717,#6718,#6719,#6720,#6721,#6722,#6723,#6724,#6725,#6726,#6727,#6728,
#6729,#6730,#6731,#6732,#6733,#6734,#6735,#6736,#6737,#6738,#6739,#6740,
#6741,#6742,#6743,#6744,#6745,#6746,#6747,#6748,#6749,#6750,#6751,#6752,
#6753,#6754,#6755,#6756,#6757,#6758,#6759,#6760,#6761),.UNSPECIFIED.,.F.,
 .F.,(4,1,1,1,1,1,1,1,1,1,1,1,1,1,1,1,1,1,1,1,1,1,1,1,1,1,1,1,1,1,1,1,1,
1,1,1,1,1,1,1,1,1,1,1,1,1,1,1,1,1,1,1,1,1,1,1,1,1,1,1,4),(-35.6852323851926,
-35.1276512641435,-34.8488603810948,-34.570069498046,-34.2912786149973,
-34.0124877319485,-33.454905965851,-32.8973241997535,-32.6185333167047,
-32.3397424336559,-31.7821606675584,-31.5033697845097,-31.2245789014609,
-30.9457880184122,-30.6669971353634,-30.1094153692659,-29.8306244862171,
-29.5518336031684,-29.2730427201196,-28.9942518370709,-28.7154609540221,
-28.4366700709733,-28.1578791879246,-27.8790883048758,-27.6002974218271,
-27.3215065387783,-27.0427156557295,-26.7639247726808,-26.485133889632,
-26.2063430065833,-25.9275521235345,-25.6487612404858,-25.369970357437,
-25.0911794743882,-24.8123885913395,-24.5335977082907,-24.254806825242,
-23.9760159421932,-23.4184341760957,-22.8608524099982,-22.3032706439007,
-21.7456888778031,-21.1881071117056,-20.6305253456081,-20.0729435795106,
-19.5153618134131,-18.9577800473156,-18.400198281218,-17.8426165151205,
-17.285034749023,-16.7274529829255,-16.169871216828,-15.6122894507305,-15.0547076846329,
-14.4971259185354,-13.9395441524379,-13.3819623863404,-12.8243806202429,
-12.2667988541454,-11.7092170880478,-11.3692107572444),.UNSPECIFIED.);
#56=B_SPLINE_CURVE_WITH_KNOTS('',3,(#6821,#6822,#6823,#6824),
 .UNSPECIFIED.,.F.,.F.,(4,4),(-9.67951224164714,-9.60495212925456),
 .UNSPECIFIED.);
#57=B_SPLINE_CURVE_WITH_KNOTS('',3,(#6829,#6830,#6831,#6832),
 .UNSPECIFIED.,.F.,.F.,(4,4),(-9.37372561251486,-9.30165296419098),
 .UNSPECIFIED.);
#58=B_SPLINE_CURVE_WITH_KNOTS('',3,(#6850,#6851,#6852,#6853),
 .UNSPECIFIED.,.F.,.F.,(4,4),(-0.0660607254239662,0.),.UNSPECIFIED.);
#59=B_SPLINE_CURVE_WITH_KNOTS('',3,(#6870,#6871,#6872,#6873),
 .UNSPECIFIED.,.F.,.F.,(4,4),(-0.0660607198707928,0.),.UNSPECIFIED.);
#60=B_SPLINE_CURVE_WITH_KNOTS('',3,(#7066,#7067,#7068,#7069,#7070,#7071,
#7072,#7073,#7074,#7075,#7076,#7077,#7078,#7079,#7080,#7081,#7082,#7083,
#7084,#7085,#7086,#7087,#7088,#7089),.UNSPECIFIED.,.F.,.F.,(4,1,1,1,1,1,
1,1,1,1,1,1,2,1,1,1,2,2,4),(0.,0.0354605993359826,0.0709211986719652,0.0945615982292869,
0.118201997786609,0.130022197565269,0.14184239734393,0.165482796901252,
0.189123196458574,0.212763596015895,0.230493895683887,0.248224195351878,
0.283684794687861,0.322501747047414,0.361318699406967,0.400135651766519,
0.438952604126072,0.672170130836469,1.),.UNSPECIFIED.);
#61=B_SPLINE_SURFACE_WITH_KNOTS('',3,3,((#476,#477,#478,#479,#480,#481,
#482,#483,#484,#485,#486),(#487,#488,#489,#490,#491,#492,#493,#494,#495,
#496,#497),(#498,#499,#500,#501,#502,#503,#504,#505,#506,#507,#508),(#509,
#510,#511,#512,#513,#514,#515,#516,#517,#518,#519),(#520,#521,#522,#523,
#524,#525,#526,#527,#528,#529,#530),(#531,#532,#533,#534,#535,#536,#537,
#538,#539,#540,#541),(#542,#543,#544,#545,#546,#547,#548,#549,#550,#551,
#552)),.UNSPECIFIED.,.F.,.F.,.F.,(4,1,1,1,4),(4,1,1,1,2,1,1,4),(0.,0.285714285714286,
0.571428571428571,0.857142857142857,1.),(0.,1.75226441310938,2.62839661966406,
3.50452882621875,4.38066103277344,4.57394340303807,4.7672257733027,5.3470728840966),
 .UNSPECIFIED.);
#62=B_SPLINE_SURFACE_WITH_KNOTS('',3,3,((#584,#585,#586,#587,#588,#589,
#590,#591,#592,#593,#594,#595,#596,#597,#598,#599,#600,#601,#602,#603,#604,
#605,#606,#607),(#608,#609,#610,#611,#612,#613,#614,#615,#616,#617,#618,
#619,#620,#621,#622,#623,#624,#625,#626,#627,#628,#629,#630,#631),(#632,
#633,#634,#635,#636,#637,#638,#639,#640,#641,#642,#643,#644,#645,#646,#647,
#648,#649,#650,#651,#652,#653,#654,#655),(#656,#657,#658,#659,#660,#661,
#662,#663,#664,#665,#666,#667,#668,#669,#670,#671,#672,#673,#674,#675,#676,
#677,#678,#679),(#680,#681,#682,#683,#684,#685,#686,#687,#688,#689,#690,
#691,#692,#693,#694,#695,#696,#697,#698,#699,#700,#701,#702,#703)),
 .UNSPECIFIED.,.F.,.F.,.F.,(4,1,4),(4,1,1,1,1,1,1,1,1,1,1,1,1,1,1,1,1,1,
1,1,1,4),(0.,0.571428571428571,1.),(0.,0.042824424425256,0.0856488488505119,
0.171297697701024,0.342595395402048,0.685190790804095,1.02778618620614,
1.37038158160819,2.05557237241229,2.74076316321638,4.11114474482457,5.48152632643276,
8.22228948964914,10.9630526528655,14.617403537154,18.2717544214425,21.926105305731,
32.8891579585966,43.8522106114621,54.8152632643276,60.2967895907604,76.7413685700587),
 .UNSPECIFIED.);
#63=B_SPLINE_SURFACE_WITH_KNOTS('',3,3,((#755,#756,#757,#758,#759,#760,
#761,#762,#763,#764,#765,#766,#767,#768,#769,#770,#771,#772,#773,#774,#775,
#776,#777,#778,#779,#780,#781),(#782,#783,#784,#785,#786,#787,#788,#789,
#790,#791,#792,#793,#794,#795,#796,#797,#798,#799,#800,#801,#802,#803,#804,
#805,#806,#807,#808),(#809,#810,#811,#812,#813,#814,#815,#816,#817,#818,
#819,#820,#821,#822,#823,#824,#825,#826,#827,#828,#829,#830,#831,#832,#833,
#834,#835),(#836,#837,#838,#839,#840,#841,#842,#843,#844,#845,#846,#847,
#848,#849,#850,#851,#852,#853,#854,#855,#856,#857,#858,#859,#860,#861,#862),
(#863,#864,#865,#866,#867,#868,#869,#870,#871,#872,#873,#874,#875,#876,
#877,#878,#879,#880,#881,#882,#883,#884,#885,#886,#887,#888,#889)),
 .UNSPECIFIED.,.F.,.F.,.F.,(4,1,4),(4,1,1,1,1,1,1,1,1,1,1,1,1,1,1,1,1,1,
1,1,1,1,1,1,4),(0.,0.571428571428571,1.),(0.,10.9630098778933,16.44451481684,
27.4075246947333,32.88902963368,43.8520395115734,54.8150493894667,58.4693860154311,
65.77805926736,68.5188117368334,71.2595642063067,72.6299404410434,74.00031667578,
74.6855047931484,75.3706929105167,75.7132869692009,76.0558810278851,76.2271780572271,
76.3128265718982,76.3984750865692,76.4841236012403,76.5697721159113,76.6554206305823,
76.6982448879179,76.7410691452534),.UNSPECIFIED.);
#64=B_SPLINE_SURFACE_WITH_KNOTS('',3,3,((#947,#948,#949,#950,#951,#952,
#953,#954,#955,#956,#957),(#958,#959,#960,#961,#962,#963,#964,#965,#966,
#967,#968),(#969,#970,#971,#972,#973,#974,#975,#976,#977,#978,#979),(#980,
#981,#982,#983,#984,#985,#986,#987,#988,#989,#990),(#991,#992,#993,#994,
#995,#996,#997,#998,#999,#1000,#1001),(#1002,#1003,#1004,#1005,#1006,#1007,
#1008,#1009,#1010,#1011,#1012),(#1013,#1014,#1015,#1016,#1017,#1018,#1019,
#1020,#1021,#1022,#1023)),.UNSPECIFIED.,.F.,.F.,.F.,(4,1,1,1,4),(4,2,1,
1,1,1,1,4),(0.,0.285714285714286,0.571428571428571,0.857142857142857,1.),
(1.99453090679084E-10,0.962270615235548,1.18116286632377,1.400055117412,
1.83783961958844,2.71340862394134,3.58897762829424,5.34011563700003),
 .UNSPECIFIED.);
#65=B_SPLINE_SURFACE_WITH_KNOTS('',3,3,((#1052,#1053,#1054,#1055,#1056,
#1057,#1058,#1059,#1060,#1061,#1062,#1063,#1064,#1065),(#1066,#1067,#1068,
#1069,#1070,#1071,#1072,#1073,#1074,#1075,#1076,#1077,#1078,#1079),(#1080,
#1081,#1082,#1083,#1084,#1085,#1086,#1087,#1088,#1089,#1090,#1091,#1092,
#1093),(#1094,#1095,#1096,#1097,#1098,#1099,#1100,#1101,#1102,#1103,#1104,
#1105,#1106,#1107),(#1108,#1109,#1110,#1111,#1112,#1113,#1114,#1115,#1116,
#1117,#1118,#1119,#1120,#1121),(#1122,#1123,#1124,#1125,#1126,#1127,#1128,
#1129,#1130,#1131,#1132,#1133,#1134,#1135),(#1136,#1137,#1138,#1139,#1140,
#1141,#1142,#1143,#1144,#1145,#1146,#1147,#1148,#1149),(#1150,#1151,#1152,
#1153,#1154,#1155,#1156,#1157,#1158,#1159,#1160,#1161,#1162,#1163)),
 .UNSPECIFIED.,.F.,.F.,.F.,(4,1,1,1,1,4),(4,1,1,1,2,1,1,1,1,1,4),(0.,0.142857142857143,
0.285714285714286,0.571428571428571,0.857142857142857,1.),(-33.4334491149669,
-23.4303816394666,-16.7616699891331,-13.4273141639664,-10.0929583387996,
-8.65110714754252,-5.76740476502834,-4.32555357377126,-2.88370238251417,
-1.44185119125709,0.),.UNSPECIFIED.);
#66=B_SPLINE_SURFACE_WITH_KNOTS('',3,3,((#1195,#1196,#1197,#1198,#1199,
#1200,#1201,#1202,#1203,#1204,#1205,#1206,#1207),(#1208,#1209,#1210,#1211,
#1212,#1213,#1214,#1215,#1216,#1217,#1218,#1219,#1220),(#1221,#1222,#1223,
#1224,#1225,#1226,#1227,#1228,#1229,#1230,#1231,#1232,#1233),(#1234,#1235,
#1236,#1237,#1238,#1239,#1240,#1241,#1242,#1243,#1244,#1245,#1246),(#1247,
#1248,#1249,#1250,#1251,#1252,#1253,#1254,#1255,#1256,#1257,#1258,#1259),
(#1260,#1261,#1262,#1263,#1264,#1265,#1266,#1267,#1268,#1269,#1270,#1271,
#1272),(#1273,#1274,#1275,#1276,#1277,#1278,#1279,#1280,#1281,#1282,#1283,
#1284,#1285)),.UNSPECIFIED.,.F.,.F.,.F.,(4,1,1,1,4),(4,1,1,1,2,1,1,1,1,
4),(0.,0.285714285714286,0.571428571428571,0.857142857142857,1.),(0.,4.59290438308414,
9.18580876616829,10.3340348619393,11.4822609577104,11.8391555421644,12.1960501266185,
12.9098392955267,14.337417633343,18.6201526467919),.UNSPECIFIED.);
#67=B_SPLINE_SURFACE_WITH_KNOTS('',3,3,((#1320,#1321,#1322,#1323,#1324,
#1325,#1326,#1327,#1328,#1329,#1330,#1331,#1332,#1333,#1334,#1335,#1336,
#1337,#1338,#1339),(#1340,#1341,#1342,#1343,#1344,#1345,#1346,#1347,#1348,
#1349,#1350,#1351,#1352,#1353,#1354,#1355,#1356,#1357,#1358,#1359),(#1360,
#1361,#1362,#1363,#1364,#1365,#1366,#1367,#1368,#1369,#1370,#1371,#1372,
#1373,#1374,#1375,#1376,#1377,#1378,#1379),(#1380,#1381,#1382,#1383,#1384,
#1385,#1386,#1387,#1388,#1389,#1390,#1391,#1392,#1393,#1394,#1395,#1396,
#1397,#1398,#1399),(#1400,#1401,#1402,#1403,#1404,#1405,#1406,#1407,#1408,
#1409,#1410,#1411,#1412,#1413,#1414,#1415,#1416,#1417,#1418,#1419)),
 .UNSPECIFIED.,.F.,.F.,.F.,(4,1,4),(4,1,1,1,1,1,1,1,1,1,1,1,1,1,1,1,1,4),
(0.,0.571428571428571,1.),(0.,0.0477702975136121,0.0955405950272242,0.191081190054448,
0.382162380108897,0.764324760217793,1.14648714032669,1.52864952043559,2.29297428065338,
3.05729904087117,4.58594856130676,6.11459808174235,10.1909968029039,12.2291961634847,
18.343794245227,24.4583923269694,30.5729904087117,42.8021865721964),
 .UNSPECIFIED.);
#68=B_SPLINE_SURFACE_WITH_KNOTS('',3,3,((#1463,#1464,#1465,#1466,#1467,
#1468,#1469,#1470,#1471,#1472,#1473,#1474,#1475,#1476,#1477,#1478,#1479,
#1480,#1481,#1482,#1483,#1484,#1485,#1486),(#1487,#1488,#1489,#1490,#1491,
#1492,#1493,#1494,#1495,#1496,#1497,#1498,#1499,#1500,#1501,#1502,#1503,
#1504,#1505,#1506,#1507,#1508,#1509,#1510),(#1511,#1512,#1513,#1514,#1515,
#1516,#1517,#1518,#1519,#1520,#1521,#1522,#1523,#1524,#1525,#1526,#1527,
#1528,#1529,#1530,#1531,#1532,#1533,#1534),(#1535,#1536,#1537,#1538,#1539,
#1540,#1541,#1542,#1543,#1544,#1545,#1546,#1547,#1548,#1549,#1550,#1551,
#1552,#1553,#1554,#1555,#1556,#1557,#1558),(#1559,#1560,#1561,#1562,#1563,
#1564,#1565,#1566,#1567,#1568,#1569,#1570,#1571,#1572,#1573,#1574,#1575,
#1576,#1577,#1578,#1579,#1580,#1581,#1582)),.UNSPECIFIED.,.F.,.F.,.F.,(4,
1,4),(4,1,1,1,1,1,1,1,1,1,1,1,1,1,1,1,1,1,1,1,1,4),(0.,0.571428571428571,
1.),(0.,12.1372314304369,18.2058471456553,24.2744628608738,26.2973347659466,
30.3430785760922,34.3888223862378,36.4116942913107,37.9288482201153,39.4460021489199,
40.2045791133222,40.9631560777245,41.3424445599257,41.7217330421268,41.9113772832274,
42.0061994037777,42.101021524328,42.1958436448782,42.2906657654285,42.3854878859788,
42.432898946254,42.4803100065291),.UNSPECIFIED.);
#69=B_SPLINE_SURFACE_WITH_KNOTS('',3,3,((#1634,#1635,#1636,#1637,#1638,
#1639,#1640,#1641,#1642,#1643,#1644,#1645,#1646,#1647,#1648),(#1649,#1650,
#1651,#1652,#1653,#1654,#1655,#1656,#1657,#1658,#1659,#1660,#1661,#1662,
#1663),(#1664,#1665,#1666,#1667,#1668,#1669,#1670,#1671,#1672,#1673,#1674,
#1675,#1676,#1677,#1678),(#1679,#1680,#1681,#1682,#1683,#1684,#1685,#1686,
#1687,#1688,#1689,#1690,#1691,#1692,#1693),(#1694,#1695,#1696,#1697,#1698,
#1699,#1700,#1701,#1702,#1703,#1704,#1705,#1706,#1707,#1708),(#1709,#1710,
#1711,#1712,#1713,#1714,#1715,#1716,#1717,#1718,#1719,#1720,#1721,#1722,
#1723),(#1724,#1725,#1726,#1727,#1728,#1729,#1730,#1731,#1732,#1733,#1734,
#1735,#1736,#1737,#1738)),.UNSPECIFIED.,.F.,.F.,.F.,(4,1,1,1,4),(4,1,1,
1,2,1,1,1,1,1,1,4),(0.,0.285714285714286,0.571428571428571,0.857142857142857,
1.),(2.22328911494026E-11,2.98389265347194,4.47583898019679,5.96778530692165,
7.4597316336465,7.74681669217926,8.03390175071201,8.60807186777753,9.75641210190856,
12.0530925701706,16.6464535066947,18.9431339749568),.UNSPECIFIED.);
#70=B_SPLINE_SURFACE_WITH_KNOTS('',3,3,((#1777,#1778,#1779,#1780,#1781,
#1782,#1783,#1784,#1785,#1786,#1787,#1788,#1789,#1790),(#1791,#1792,#1793,
#1794,#1795,#1796,#1797,#1798,#1799,#1800,#1801,#1802,#1803,#1804),(#1805,
#1806,#1807,#1808,#1809,#1810,#1811,#1812,#1813,#1814,#1815,#1816,#1817,
#1818),(#1819,#1820,#1821,#1822,#1823,#1824,#1825,#1826,#1827,#1828,#1829,
#1830,#1831,#1832),(#1833,#1834,#1835,#1836,#1837,#1838,#1839,#1840,#1841,
#1842,#1843,#1844,#1845,#1846),(#1847,#1848,#1849,#1850,#1851,#1852,#1853,
#1854,#1855,#1856,#1857,#1858,#1859,#1860),(#1861,#1862,#1863,#1864,#1865,
#1866,#1867,#1868,#1869,#1870,#1871,#1872,#1873,#1874)),.UNSPECIFIED.,.F.,
 .F.,.F.,(4,1,1,1,4),(4,1,1,1,1,1,2,1,1,1,4),(0.,0.285714285714286,0.571428571428571,
0.857142857142857,1.),(-33.4314716699237,-30.5483340544147,-29.1067652466601,
-27.6651964389056,-26.2236276311511,-24.7820588233965,-23.340490015642,
-20.0061342991217,-13.3374228660811,-6.66871143304057,0.),.UNSPECIFIED.);
#71=B_SPLINE_SURFACE_WITH_KNOTS('',3,3,((#1903,#1904,#1905,#1906,#1907,
#1908,#1909,#1910,#1911,#1912,#1913,#1914,#1915,#1916,#1917,#1918,#1919,
#1920,#1921,#1922,#1923,#1924,#1925,#1926,#1927,#1928,#1929,#1930,#1931,
#1932),(#1933,#1934,#1935,#1936,#1937,#1938,#1939,#1940,#1941,#1942,#1943,
#1944,#1945,#1946,#1947,#1948,#1949,#1950,#1951,#1952,#1953,#1954,#1955,
#1956,#1957,#1958,#1959,#1960,#1961,#1962),(#1963,#1964,#1965,#1966,#1967,
#1968,#1969,#1970,#1971,#1972,#1973,#1974,#1975,#1976,#1977,#1978,#1979,
#1980,#1981,#1982,#1983,#1984,#1985,#1986,#1987,#1988,#1989,#1990,#1991,
#1992),(#1993,#1994,#1995,#1996,#1997,#1998,#1999,#2000,#2001,#2002,#2003,
#2004,#2005,#2006,#2007,#2008,#2009,#2010,#2011,#2012,#2013,#2014,#2015,
#2016,#2017,#2018,#2019,#2020,#2021,#2022),(#2023,#2024,#2025,#2026,#2027,
#2028,#2029,#2030,#2031,#2032,#2033,#2034,#2035,#2036,#2037,#2038,#2039,
#2040,#2041,#2042,#2043,#2044,#2045,#2046,#2047,#2048,#2049,#2050,#2051,
#2052),(#2053,#2054,#2055,#2056,#2057,#2058,#2059,#2060,#2061,#2062,#2063,
#2064,#2065,#2066,#2067,#2068,#2069,#2070,#2071,#2072,#2073,#2074,#2075,
#2076,#2077,#2078,#2079,#2080,#2081,#2082),(#2083,#2084,#2085,#2086,#2087,
#2088,#2089,#2090,#2091,#2092,#2093,#2094,#2095,#2096,#2097,#2098,#2099,
#2100,#2101,#2102,#2103,#2104,#2105,#2106,#2107,#2108,#2109,#2110,#2111,
#2112),(#2113,#2114,#2115,#2116,#2117,#2118,#2119,#2120,#2121,#2122,#2123,
#2124,#2125,#2126,#2127,#2128,#2129,#2130,#2131,#2132,#2133,#2134,#2135,
#2136,#2137,#2138,#2139,#2140,#2141,#2142),(#2143,#2144,#2145,#2146,#2147,
#2148,#2149,#2150,#2151,#2152,#2153,#2154,#2155,#2156,#2157,#2158,#2159,
#2160,#2161,#2162,#2163,#2164,#2165,#2166,#2167,#2168,#2169,#2170,#2171,
#2172),(#2173,#2174,#2175,#2176,#2177,#2178,#2179,#2180,#2181,#2182,#2183,
#2184,#2185,#2186,#2187,#2188,#2189,#2190,#2191,#2192,#2193,#2194,#2195,
#2196,#2197,#2198,#2199,#2200,#2201,#2202),(#2203,#2204,#2205,#2206,#2207,
#2208,#2209,#2210,#2211,#2212,#2213,#2214,#2215,#2216,#2217,#2218,#2219,
#2220,#2221,#2222,#2223,#2224,#2225,#2226,#2227,#2228,#2229,#2230,#2231,
#2232),(#2233,#2234,#2235,#2236,#2237,#2238,#2239,#2240,#2241,#2242,#2243,
#2244,#2245,#2246,#2247,#2248,#2249,#2250,#2251,#2252,#2253,#2254,#2255,
#2256,#2257,#2258,#2259,#2260,#2261,#2262),(#2263,#2264,#2265,#2266,#2267,
#2268,#2269,#2270,#2271,#2272,#2273,#2274,#2275,#2276,#2277,#2278,#2279,
#2280,#2281,#2282,#2283,#2284,#2285,#2286,#2287,#2288,#2289,#2290,#2291,
#2292),(#2293,#2294,#2295,#2296,#2297,#2298,#2299,#2300,#2301,#2302,#2303,
#2304,#2305,#2306,#2307,#2308,#2309,#2310,#2311,#2312,#2313,#2314,#2315,
#2316,#2317,#2318,#2319,#2320,#2321,#2322),(#2323,#2324,#2325,#2326,#2327,
#2328,#2329,#2330,#2331,#2332,#2333,#2334,#2335,#2336,#2337,#2338,#2339,
#2340,#2341,#2342,#2343,#2344,#2345,#2346,#2347,#2348,#2349,#2350,#2351,
#2352),(#2353,#2354,#2355,#2356,#2357,#2358,#2359,#2360,#2361,#2362,#2363,
#2364,#2365,#2366,#2367,#2368,#2369,#2370,#2371,#2372,#2373,#2374,#2375,
#2376,#2377,#2378,#2379,#2380,#2381,#2382),(#2383,#2384,#2385,#2386,#2387,
#2388,#2389,#2390,#2391,#2392,#2393,#2394,#2395,#2396,#2397,#2398,#2399,
#2400,#2401,#2402,#2403,#2404,#2405,#2406,#2407,#2408,#2409,#2410,#2411,
#2412),(#2413,#2414,#2415,#2416,#2417,#2418,#2419,#2420,#2421,#2422,#2423,
#2424,#2425,#2426,#2427,#2428,#2429,#2430,#2431,#2432,#2433,#2434,#2435,
#2436,#2437,#2438,#2439,#2440,#2441,#2442),(#2443,#2444,#2445,#2446,#2447,
#2448,#2449,#2450,#2451,#2452,#2453,#2454,#2455,#2456,#2457,#2458,#2459,
#2460,#2461,#2462,#2463,#2464,#2465,#2466,#2467,#2468,#2469,#2470,#2471,
#2472),(#2473,#2474,#2475,#2476,#2477,#2478,#2479,#2480,#2481,#2482,#2483,
#2484,#2485,#2486,#2487,#2488,#2489,#2490,#2491,#2492,#2493,#2494,#2495,
#2496,#2497,#2498,#2499,#2500,#2501,#2502),(#2503,#2504,#2505,#2506,#2507,
#2508,#2509,#2510,#2511,#2512,#2513,#2514,#2515,#2516,#2517,#2518,#2519,
#2520,#2521,#2522,#2523,#2524,#2525,#2526,#2527,#2528,#2529,#2530,#2531,
#2532),(#2533,#2534,#2535,#2536,#2537,#2538,#2539,#2540,#2541,#2542,#2543,
#2544,#2545,#2546,#2547,#2548,#2549,#2550,#2551,#2552,#2553,#2554,#2555,
#2556,#2557,#2558,#2559,#2560,#2561,#2562),(#2563,#2564,#2565,#2566,#2567,
#2568,#2569,#2570,#2571,#2572,#2573,#2574,#2575,#2576,#2577,#2578,#2579,
#2580,#2581,#2582,#2583,#2584,#2585,#2586,#2587,#2588,#2589,#2590,#2591,
#2592),(#2593,#2594,#2595,#2596,#2597,#2598,#2599,#2600,#2601,#2602,#2603,
#2604,#2605,#2606,#2607,#2608,#2609,#2610,#2611,#2612,#2613,#2614,#2615,
#2616,#2617,#2618,#2619,#2620,#2621,#2622),(#2623,#2624,#2625,#2626,#2627,
#2628,#2629,#2630,#2631,#2632,#2633,#2634,#2635,#2636,#2637,#2638,#2639,
#2640,#2641,#2642,#2643,#2644,#2645,#2646,#2647,#2648,#2649,#2650,#2651,
#2652),(#2653,#2654,#2655,#2656,#2657,#2658,#2659,#2660,#2661,#2662,#2663,
#2664,#2665,#2666,#2667,#2668,#2669,#2670,#2671,#2672,#2673,#2674,#2675,
#2676,#2677,#2678,#2679,#2680,#2681,#2682),(#2683,#2684,#2685,#2686,#2687,
#2688,#2689,#2690,#2691,#2692,#2693,#2694,#2695,#2696,#2697,#2698,#2699,
#2700,#2701,#2702,#2703,#2704,#2705,#2706,#2707,#2708,#2709,#2710,#2711,
#2712),(#2713,#2714,#2715,#2716,#2717,#2718,#2719,#2720,#2721,#2722,#2723,
#2724,#2725,#2726,#2727,#2728,#2729,#2730,#2731,#2732,#2733,#2734,#2735,
#2736,#2737,#2738,#2739,#2740,#2741,#2742),(#2743,#2744,#2745,#2746,#2747,
#2748,#2749,#2750,#2751,#2752,#2753,#2754,#2755,#2756,#2757,#2758,#2759,
#2760,#2761,#2762,#2763,#2764,#2765,#2766,#2767,#2768,#2769,#2770,#2771,
#2772),(#2773,#2774,#2775,#2776,#2777,#2778,#2779,#2780,#2781,#2782,#2783,
#2784,#2785,#2786,#2787,#2788,#2789,#2790,#2791,#2792,#2793,#2794,#2795,
#2796,#2797,#2798,#2799,#2800,#2801,#2802),(#2803,#2804,#2805,#2806,#2807,
#2808,#2809,#2810,#2811,#2812,#2813,#2814,#2815,#2816,#2817,#2818,#2819,
#2820,#2821,#2822,#2823,#2824,#2825,#2826,#2827,#2828,#2829,#2830,#2831,
#2832),(#2833,#2834,#2835,#2836,#2837,#2838,#2839,#2840,#2841,#2842,#2843,
#2844,#2845,#2846,#2847,#2848,#2849,#2850,#2851,#2852,#2853,#2854,#2855,
#2856,#2857,#2858,#2859,#2860,#2861,#2862),(#2863,#2864,#2865,#2866,#2867,
#2868,#2869,#2870,#2871,#2872,#2873,#2874,#2875,#2876,#2877,#2878,#2879,
#2880,#2881,#2882,#2883,#2884,#2885,#2886,#2887,#2888,#2889,#2890,#2891,
#2892),(#2893,#2894,#2895,#2896,#2897,#2898,#2899,#2900,#2901,#2902,#2903,
#2904,#2905,#2906,#2907,#2908,#2909,#2910,#2911,#2912,#2913,#2914,#2915,
#2916,#2917,#2918,#2919,#2920,#2921,#2922),(#2923,#2924,#2925,#2926,#2927,
#2928,#2929,#2930,#2931,#2932,#2933,#2934,#2935,#2936,#2937,#2938,#2939,
#2940,#2941,#2942,#2943,#2944,#2945,#2946,#2947,#2948,#2949,#2950,#2951,
#2952),(#2953,#2954,#2955,#2956,#2957,#2958,#2959,#2960,#2961,#2962,#2963,
#2964,#2965,#2966,#2967,#2968,#2969,#2970,#2971,#2972,#2973,#2974,#2975,
#2976,#2977,#2978,#2979,#2980,#2981,#2982),(#2983,#2984,#2985,#2986,#2987,
#2988,#2989,#2990,#2991,#2992,#2993,#2994,#2995,#2996,#2997,#2998,#2999,
#3000,#3001,#3002,#3003,#3004,#3005,#3006,#3007,#3008,#3009,#3010,#3011,
#3012),(#3013,#3014,#3015,#3016,#3017,#3018,#3019,#3020,#3021,#3022,#3023,
#3024,#3025,#3026,#3027,#3028,#3029,#3030,#3031,#3032,#3033,#3034,#3035,
#3036,#3037,#3038,#3039,#3040,#3041,#3042),(#3043,#3044,#3045,#3046,#3047,
#3048,#3049,#3050,#3051,#3052,#3053,#3054,#3055,#3056,#3057,#3058,#3059,
#3060,#3061,#3062,#3063,#3064,#3065,#3066,#3067,#3068,#3069,#3070,#3071,
#3072),(#3073,#3074,#3075,#3076,#3077,#3078,#3079,#3080,#3081,#3082,#3083,
#3084,#3085,#3086,#3087,#3088,#3089,#3090,#3091,#3092,#3093,#3094,#3095,
#3096,#3097,#3098,#3099,#3100,#3101,#3102),(#3103,#3104,#3105,#3106,#3107,
#3108,#3109,#3110,#3111,#3112,#3113,#3114,#3115,#3116,#3117,#3118,#3119,
#3120,#3121,#3122,#3123,#3124,#3125,#3126,#3127,#3128,#3129,#3130,#3131,
#3132),(#3133,#3134,#3135,#3136,#3137,#3138,#3139,#3140,#3141,#3142,#3143,
#3144,#3145,#3146,#3147,#3148,#3149,#3150,#3151,#3152,#3153,#3154,#3155,
#3156,#3157,#3158,#3159,#3160,#3161,#3162),(#3163,#3164,#3165,#3166,#3167,
#3168,#3169,#3170,#3171,#3172,#3173,#3174,#3175,#3176,#3177,#3178,#3179,
#3180,#3181,#3182,#3183,#3184,#3185,#3186,#3187,#3188,#3189,#3190,#3191,
#3192),(#3193,#3194,#3195,#3196,#3197,#3198,#3199,#3200,#3201,#3202,#3203,
#3204,#3205,#3206,#3207,#3208,#3209,#3210,#3211,#3212,#3213,#3214,#3215,
#3216,#3217,#3218,#3219,#3220,#3221,#3222),(#3223,#3224,#3225,#3226,#3227,
#3228,#3229,#3230,#3231,#3232,#3233,#3234,#3235,#3236,#3237,#3238,#3239,
#3240,#3241,#3242,#3243,#3244,#3245,#3246,#3247,#3248,#3249,#3250,#3251,
#3252),(#3253,#3254,#3255,#3256,#3257,#3258,#3259,#3260,#3261,#3262,#3263,
#3264,#3265,#3266,#3267,#3268,#3269,#3270,#3271,#3272,#3273,#3274,#3275,
#3276,#3277,#3278,#3279,#3280,#3281,#3282),(#3283,#3284,#3285,#3286,#3287,
#3288,#3289,#3290,#3291,#3292,#3293,#3294,#3295,#3296,#3297,#3298,#3299,
#3300,#3301,#3302,#3303,#3304,#3305,#3306,#3307,#3308,#3309,#3310,#3311,
#3312),(#3313,#3314,#3315,#3316,#3317,#3318,#3319,#3320,#3321,#3322,#3323,
#3324,#3325,#3326,#3327,#3328,#3329,#3330,#3331,#3332,#3333,#3334,#3335,
#3336,#3337,#3338,#3339,#3340,#3341,#3342),(#3343,#3344,#3345,#3346,#3347,
#3348,#3349,#3350,#3351,#3352,#3353,#3354,#3355,#3356,#3357,#3358,#3359,
#3360,#3361,#3362,#3363,#3364,#3365,#3366,#3367,#3368,#3369,#3370,#3371,
#3372),(#3373,#3374,#3375,#3376,#3377,#3378,#3379,#3380,#3381,#3382,#3383,
#3384,#3385,#3386,#3387,#3388,#3389,#3390,#3391,#3392,#3393,#3394,#3395,
#3396,#3397,#3398,#3399,#3400,#3401,#3402),(#3403,#3404,#3405,#3406,#3407,
#3408,#3409,#3410,#3411,#3412,#3413,#3414,#3415,#3416,#3417,#3418,#3419,
#3420,#3421,#3422,#3423,#3424,#3425,#3426,#3427,#3428,#3429,#3430,#3431,
#3432),(#3433,#3434,#3435,#3436,#3437,#3438,#3439,#3440,#3441,#3442,#3443,
#3444,#3445,#3446,#3447,#3448,#3449,#3450,#3451,#3452,#3453,#3454,#3455,
#3456,#3457,#3458,#3459,#3460,#3461,#3462),(#3463,#3464,#3465,#3466,#3467,
#3468,#3469,#3470,#3471,#3472,#3473,#3474,#3475,#3476,#3477,#3478,#3479,
#3480,#3481,#3482,#3483,#3484,#3485,#3486,#3487,#3488,#3489,#3490,#3491,
#3492),(#3493,#3494,#3495,#3496,#3497,#3498,#3499,#3500,#3501,#3502,#3503,
#3504,#3505,#3506,#3507,#3508,#3509,#3510,#3511,#3512,#3513,#3514,#3515,
#3516,#3517,#3518,#3519,#3520,#3521,#3522),(#3523,#3524,#3525,#3526,#3527,
#3528,#3529,#3530,#3531,#3532,#3533,#3534,#3535,#3536,#3537,#3538,#3539,
#3540,#3541,#3542,#3543,#3544,#3545,#3546,#3547,#3548,#3549,#3550,#3551,
#3552),(#3553,#3554,#3555,#3556,#3557,#3558,#3559,#3560,#3561,#3562,#3563,
#3564,#3565,#3566,#3567,#3568,#3569,#3570,#3571,#3572,#3573,#3574,#3575,
#3576,#3577,#3578,#3579,#3580,#3581,#3582),(#3583,#3584,#3585,#3586,#3587,
#3588,#3589,#3590,#3591,#3592,#3593,#3594,#3595,#3596,#3597,#3598,#3599,
#3600,#3601,#3602,#3603,#3604,#3605,#3606,#3607,#3608,#3609,#3610,#3611,
#3612),(#3613,#3614,#3615,#3616,#3617,#3618,#3619,#3620,#3621,#3622,#3623,
#3624,#3625,#3626,#3627,#3628,#3629,#3630,#3631,#3632,#3633,#3634,#3635,
#3636,#3637,#3638,#3639,#3640,#3641,#3642),(#3643,#3644,#3645,#3646,#3647,
#3648,#3649,#3650,#3651,#3652,#3653,#3654,#3655,#3656,#3657,#3658,#3659,
#3660,#3661,#3662,#3663,#3664,#3665,#3666,#3667,#3668,#3669,#3670,#3671,
#3672),(#3673,#3674,#3675,#3676,#3677,#3678,#3679,#3680,#3681,#3682,#3683,
#3684,#3685,#3686,#3687,#3688,#3689,#3690,#3691,#3692,#3693,#3694,#3695,
#3696,#3697,#3698,#3699,#3700,#3701,#3702),(#3703,#3704,#3705,#3706,#3707,
#3708,#3709,#3710,#3711,#3712,#3713,#3714,#3715,#3716,#3717,#3718,#3719,
#3720,#3721,#3722,#3723,#3724,#3725,#3726,#3727,#3728,#3729,#3730,#3731,
#3732),(#3733,#3734,#3735,#3736,#3737,#3738,#3739,#3740,#3741,#3742,#3743,
#3744,#3745,#3746,#3747,#3748,#3749,#3750,#3751,#3752,#3753,#3754,#3755,
#3756,#3757,#3758,#3759,#3760,#3761,#3762),(#3763,#3764,#3765,#3766,#3767,
#3768,#3769,#3770,#3771,#3772,#3773,#3774,#3775,#3776,#3777,#3778,#3779,
#3780,#3781,#3782,#3783,#3784,#3785,#3786,#3787,#3788,#3789,#3790,#3791,
#3792),(#3793,#3794,#3795,#3796,#3797,#3798,#3799,#3800,#3801,#3802,#3803,
#3804,#3805,#3806,#3807,#3808,#3809,#3810,#3811,#3812,#3813,#3814,#3815,
#3816,#3817,#3818,#3819,#3820,#3821,#3822),(#3823,#3824,#3825,#3826,#3827,
#3828,#3829,#3830,#3831,#3832,#3833,#3834,#3835,#3836,#3837,#3838,#3839,
#3840,#3841,#3842,#3843,#3844,#3845,#3846,#3847,#3848,#3849,#3850,#3851,
#3852),(#3853,#3854,#3855,#3856,#3857,#3858,#3859,#3860,#3861,#3862,#3863,
#3864,#3865,#3866,#3867,#3868,#3869,#3870,#3871,#3872,#3873,#3874,#3875,
#3876,#3877,#3878,#3879,#3880,#3881,#3882),(#3883,#3884,#3885,#3886,#3887,
#3888,#3889,#3890,#3891,#3892,#3893,#3894,#3895,#3896,#3897,#3898,#3899,
#3900,#3901,#3902,#3903,#3904,#3905,#3906,#3907,#3908,#3909,#3910,#3911,
#3912),(#3913,#3914,#3915,#3916,#3917,#3918,#3919,#3920,#3921,#3922,#3923,
#3924,#3925,#3926,#3927,#3928,#3929,#3930,#3931,#3932,#3933,#3934,#3935,
#3936,#3937,#3938,#3939,#3940,#3941,#3942),(#3943,#3944,#3945,#3946,#3947,
#3948,#3949,#3950,#3951,#3952,#3953,#3954,#3955,#3956,#3957,#3958,#3959,
#3960,#3961,#3962,#3963,#3964,#3965,#3966,#3967,#3968,#3969,#3970,#3971,
#3972),(#3973,#3974,#3975,#3976,#3977,#3978,#3979,#3980,#3981,#3982,#3983,
#3984,#3985,#3986,#3987,#3988,#3989,#3990,#3991,#3992,#3993,#3994,#3995,
#3996,#3997,#3998,#3999,#4000,#4001,#4002),(#4003,#4004,#4005,#4006,#4007,
#4008,#4009,#4010,#4011,#4012,#4013,#4014,#4015,#4016,#4017,#4018,#4019,
#4020,#4021,#4022,#4023,#4024,#4025,#4026,#4027,#4028,#4029,#4030,#4031,
#4032),(#4033,#4034,#4035,#4036,#4037,#4038,#4039,#4040,#4041,#4042,#4043,
#4044,#4045,#4046,#4047,#4048,#4049,#4050,#4051,#4052,#4053,#4054,#4055,
#4056,#4057,#4058,#4059,#4060,#4061,#4062),(#4063,#4064,#4065,#4066,#4067,
#4068,#4069,#4070,#4071,#4072,#4073,#4074,#4075,#4076,#4077,#4078,#4079,
#4080,#4081,#4082,#4083,#4084,#4085,#4086,#4087,#4088,#4089,#4090,#4091,
#4092),(#4093,#4094,#4095,#4096,#4097,#4098,#4099,#4100,#4101,#4102,#4103,
#4104,#4105,#4106,#4107,#4108,#4109,#4110,#4111,#4112,#4113,#4114,#4115,
#4116,#4117,#4118,#4119,#4120,#4121,#4122),(#4123,#4124,#4125,#4126,#4127,
#4128,#4129,#4130,#4131,#4132,#4133,#4134,#4135,#4136,#4137,#4138,#4139,
#4140,#4141,#4142,#4143,#4144,#4145,#4146,#4147,#4148,#4149,#4150,#4151,
#4152)),.UNSPECIFIED.,.F.,.F.,.F.,(4,1,1,1,2,1,1,1,1,1,1,1,1,1,1,1,1,1,
1,1,1,1,1,1,1,1,1,1,1,1,1,1,1,1,1,1,1,1,1,1,1,1,1,1,1,1,1,1,1,1,1,1,1,1,
1,1,1,1,1,1,1,1,1,1,1,1,1,1,1,1,1,4),(4,1,1,1,1,1,1,1,1,1,1,1,1,1,1,1,1,
1,1,1,1,1,2,1,1,1,4),(0.,0.0147791487829469,0.0295582975658938,0.0443374463488407,
0.0738957439147344,0.073918353881924,0.0739409638491136,0.0739861837834927,
0.0740766236522511,0.0742575033897677,0.0744383831272844,0.074619262864801,
0.0749810223398343,0.0753427818148676,0.0760663007649343,0.0767898197150009,
0.0775133386650675,0.0782368576151341,0.0796838955152673,0.0825779713155338,
0.0854720471158002,0.0869190850159335,0.0883661229160667,0.0912601987163331,
0.0970483503168661,0.108624653517932,0.114412805118465,0.120200956718998,
0.131777259920064,0.143353563121129,0.154929866322195,0.166506169523261,
0.178082472724327,0.189658775925393,0.201235079126458,0.212811382327524,
0.22438768552859,0.235963988729656,0.247540291930722,0.259116595131788,
0.282269201533919,0.305421807936051,0.328574414338182,0.351727020740314,
0.374879627142446,0.398032233544577,0.421184839946709,0.444337446348841,
0.467490052750972,0.490642659153104,0.513795265555236,0.536947871957367,
0.560100478359499,0.583253084761631,0.606405691163762,0.629558297565894,
0.652710903968025,0.675863510370157,0.699016116772289,0.72216872317442,
0.745321329576552,0.768473935978684,0.791626542380815,0.814779148782947,
0.837931755185078,0.86108436158721,0.884236967989342,0.907389574391473,
0.930542180793605,0.953694787195737,0.976847393597868,1.),(0.,0.0438952604126072,
0.0877905208252145,0.117054027766953,0.139001657973256,0.146317534708691,
0.175581041650429,0.190212795121298,0.204844548592167,0.234108055533905,
0.248739809004774,0.256055685740209,0.263371562475643,0.285319192681947,
0.307266822888251,0.329214453094554,0.351162083300858,0.373109713507162,
0.395057343713465,0.417004973919769,0.427978789022921,0.433465696574497,
0.438952604126072,0.495057343713465,0.551162083300858,0.775581041650429,
1.),.UNSPECIFIED.);
#72=B_SPLINE_SURFACE_WITH_KNOTS('',3,3,((#4373,#4374,#4375,#4376),(#4377,
#4378,#4379,#4380),(#4381,#4382,#4383,#4384),(#4385,#4386,#4387,#4388),
(#4389,#4390,#4391,#4392),(#4393,#4394,#4395,#4396),(#4397,#4398,#4399,
#4400),(#4401,#4402,#4403,#4404),(#4405,#4406,#4407,#4408),(#4409,#4410,
#4411,#4412),(#4413,#4414,#4415,#4416),(#4417,#4418,#4419,#4420),(#4421,
#4422,#4423,#4424)),.UNSPECIFIED.,.F.,.F.,.F.,(4,1,1,1,2,1,1,1,1,4),(4,
4),(0.0875015280059292,0.103399490913306,0.119297453820683,0.13519541672806,
0.166991342542815,0.194791001505972,0.222590660469129,0.250390319432286,
0.278189978395444,0.305989637358601),(0.154551210505893,0.617402477266949),
 .UNSPECIFIED.);
#73=B_SPLINE_SURFACE_WITH_KNOTS('',3,3,((#4513,#4514,#4515,#4516,#4517,
#4518,#4519,#4520,#4521,#4522,#4523,#4524,#4525,#4526,#4527,#4528,#4529,
#4530,#4531,#4532,#4533,#4534,#4535,#4536,#4537,#4538,#4539,#4540,#4541,
#4542),(#4543,#4544,#4545,#4546,#4547,#4548,#4549,#4550,#4551,#4552,#4553,
#4554,#4555,#4556,#4557,#4558,#4559,#4560,#4561,#4562,#4563,#4564,#4565,
#4566,#4567,#4568,#4569,#4570,#4571,#4572),(#4573,#4574,#4575,#4576,#4577,
#4578,#4579,#4580,#4581,#4582,#4583,#4584,#4585,#4586,#4587,#4588,#4589,
#4590,#4591,#4592,#4593,#4594,#4595,#4596,#4597,#4598,#4599,#4600,#4601,
#4602),(#4603,#4604,#4605,#4606,#4607,#4608,#4609,#4610,#4611,#4612,#4613,
#4614,#4615,#4616,#4617,#4618,#4619,#4620,#4621,#4622,#4623,#4624,#4625,
#4626,#4627,#4628,#4629,#4630,#4631,#4632),(#4633,#4634,#4635,#4636,#4637,
#4638,#4639,#4640,#4641,#4642,#4643,#4644,#4645,#4646,#4647,#4648,#4649,
#4650,#4651,#4652,#4653,#4654,#4655,#4656,#4657,#4658,#4659,#4660,#4661,
#4662),(#4663,#4664,#4665,#4666,#4667,#4668,#4669,#4670,#4671,#4672,#4673,
#4674,#4675,#4676,#4677,#4678,#4679,#4680,#4681,#4682,#4683,#4684,#4685,
#4686,#4687,#4688,#4689,#4690,#4691,#4692),(#4693,#4694,#4695,#4696,#4697,
#4698,#4699,#4700,#4701,#4702,#4703,#4704,#4705,#4706,#4707,#4708,#4709,
#4710,#4711,#4712,#4713,#4714,#4715,#4716,#4717,#4718,#4719,#4720,#4721,
#4722),(#4723,#4724,#4725,#4726,#4727,#4728,#4729,#4730,#4731,#4732,#4733,
#4734,#4735,#4736,#4737,#4738,#4739,#4740,#4741,#4742,#4743,#4744,#4745,
#4746,#4747,#4748,#4749,#4750,#4751,#4752),(#4753,#4754,#4755,#4756,#4757,
#4758,#4759,#4760,#4761,#4762,#4763,#4764,#4765,#4766,#4767,#4768,#4769,
#4770,#4771,#4772,#4773,#4774,#4775,#4776,#4777,#4778,#4779,#4780,#4781,
#4782),(#4783,#4784,#4785,#4786,#4787,#4788,#4789,#4790,#4791,#4792,#4793,
#4794,#4795,#4796,#4797,#4798,#4799,#4800,#4801,#4802,#4803,#4804,#4805,
#4806,#4807,#4808,#4809,#4810,#4811,#4812),(#4813,#4814,#4815,#4816,#4817,
#4818,#4819,#4820,#4821,#4822,#4823,#4824,#4825,#4826,#4827,#4828,#4829,
#4830,#4831,#4832,#4833,#4834,#4835,#4836,#4837,#4838,#4839,#4840,#4841,
#4842),(#4843,#4844,#4845,#4846,#4847,#4848,#4849,#4850,#4851,#4852,#4853,
#4854,#4855,#4856,#4857,#4858,#4859,#4860,#4861,#4862,#4863,#4864,#4865,
#4866,#4867,#4868,#4869,#4870,#4871,#4872),(#4873,#4874,#4875,#4876,#4877,
#4878,#4879,#4880,#4881,#4882,#4883,#4884,#4885,#4886,#4887,#4888,#4889,
#4890,#4891,#4892,#4893,#4894,#4895,#4896,#4897,#4898,#4899,#4900,#4901,
#4902)),.UNSPECIFIED.,.F.,.F.,.F.,(4,1,1,1,1,1,2,1,1,4),(4,1,1,1,1,1,1,
1,1,1,1,1,1,1,1,1,1,1,1,1,1,1,2,1,1,1,4),(0.,0.185220851216506,0.370441702433011,
0.555662553649517,0.740883404866022,0.833493830474275,0.926104256082528,
0.955662553649517,0.970441702433011,1.),(0.,0.0438952604126072,0.0877905208252145,
0.117054027766953,0.139001657973256,0.146317534708691,0.175581041650429,
0.190212795121298,0.204844548592167,0.234108055533905,0.248739809004774,
0.256055685740209,0.263371562475643,0.285319192681947,0.307266822888251,
0.329214453094554,0.351162083300858,0.373109713507162,0.395057343713465,
0.417004973919769,0.427978789022921,0.433465696574497,0.438952604126072,
0.495057343713465,0.551162083300858,0.775581041650429,1.),.UNSPECIFIED.);
#74=B_SPLINE_SURFACE_WITH_KNOTS('',3,3,((#5079,#5080,#5081,#5082,#5083,
#5084,#5085,#5086,#5087,#5088,#5089,#5090,#5091,#5092,#5093,#5094,#5095,
#5096,#5097,#5098,#5099,#5100,#5101,#5102,#5103,#5104,#5105,#5106,#5107,
#5108,#5109,#5110,#5111,#5112,#5113,#5114,#5115,#5116,#5117,#5118,#5119,
#5120,#5121,#5122,#5123,#5124,#5125,#5126,#5127,#5128,#5129,#5130,#5131,
#5132,#5133,#5134,#5135,#5136,#5137,#5138,#5139,#5140,#5141,#5142,#5143,
#5144,#5145,#5146,#5147,#5148,#5149,#5150,#5151,#5152,#5153,#5154,#5155,
#5156,#5157,#5158,#5159,#5160,#5161,#5162,#5163,#5164,#5165,#5166,#5167,
#5168,#5169,#5170,#5171,#5172,#5173,#5174,#5175,#5176,#5177,#5178,#5179,
#5180,#5181,#5182,#5183,#5184,#5185,#5186,#5187,#5188,#5189,#5190,#5191,
#5192,#5193,#5194,#5195,#5196,#5197,#5198,#5199,#5200,#5201,#5202,#5203,
#5204,#5205,#5206,#5207,#5208,#5209,#5210,#5211,#5212,#5213,#5214,#5215,
#5216,#5217,#5218,#5219,#5220,#5221,#5222,#5223,#5224,#5225),(#5226,#5227,
#5228,#5229,#5230,#5231,#5232,#5233,#5234,#5235,#5236,#5237,#5238,#5239,
#5240,#5241,#5242,#5243,#5244,#5245,#5246,#5247,#5248,#5249,#5250,#5251,
#5252,#5253,#5254,#5255,#5256,#5257,#5258,#5259,#5260,#5261,#5262,#5263,
#5264,#5265,#5266,#5267,#5268,#5269,#5270,#5271,#5272,#5273,#5274,#5275,
#5276,#5277,#5278,#5279,#5280,#5281,#5282,#5283,#5284,#5285,#5286,#5287,
#5288,#5289,#5290,#5291,#5292,#5293,#5294,#5295,#5296,#5297,#5298,#5299,
#5300,#5301,#5302,#5303,#5304,#5305,#5306,#5307,#5308,#5309,#5310,#5311,
#5312,#5313,#5314,#5315,#5316,#5317,#5318,#5319,#5320,#5321,#5322,#5323,
#5324,#5325,#5326,#5327,#5328,#5329,#5330,#5331,#5332,#5333,#5334,#5335,
#5336,#5337,#5338,#5339,#5340,#5341,#5342,#5343,#5344,#5345,#5346,#5347,
#5348,#5349,#5350,#5351,#5352,#5353,#5354,#5355,#5356,#5357,#5358,#5359,
#5360,#5361,#5362,#5363,#5364,#5365,#5366,#5367,#5368,#5369,#5370,#5371,
#5372),(#5373,#5374,#5375,#5376,#5377,#5378,#5379,#5380,#5381,#5382,#5383,
#5384,#5385,#5386,#5387,#5388,#5389,#5390,#5391,#5392,#5393,#5394,#5395,
#5396,#5397,#5398,#5399,#5400,#5401,#5402,#5403,#5404,#5405,#5406,#5407,
#5408,#5409,#5410,#5411,#5412,#5413,#5414,#5415,#5416,#5417,#5418,#5419,
#5420,#5421,#5422,#5423,#5424,#5425,#5426,#5427,#5428,#5429,#5430,#5431,
#5432,#5433,#5434,#5435,#5436,#5437,#5438,#5439,#5440,#5441,#5442,#5443,
#5444,#5445,#5446,#5447,#5448,#5449,#5450,#5451,#5452,#5453,#5454,#5455,
#5456,#5457,#5458,#5459,#5460,#5461,#5462,#5463,#5464,#5465,#5466,#5467,
#5468,#5469,#5470,#5471,#5472,#5473,#5474,#5475,#5476,#5477,#5478,#5479,
#5480,#5481,#5482,#5483,#5484,#5485,#5486,#5487,#5488,#5489,#5490,#5491,
#5492,#5493,#5494,#5495,#5496,#5497,#5498,#5499,#5500,#5501,#5502,#5503,
#5504,#5505,#5506,#5507,#5508,#5509,#5510,#5511,#5512,#5513,#5514,#5515,
#5516,#5517,#5518,#5519),(#5520,#5521,#5522,#5523,#5524,#5525,#5526,#5527,
#5528,#5529,#5530,#5531,#5532,#5533,#5534,#5535,#5536,#5537,#5538,#5539,
#5540,#5541,#5542,#5543,#5544,#5545,#5546,#5547,#5548,#5549,#5550,#5551,
#5552,#5553,#5554,#5555,#5556,#5557,#5558,#5559,#5560,#5561,#5562,#5563,
#5564,#5565,#5566,#5567,#5568,#5569,#5570,#5571,#5572,#5573,#5574,#5575,
#5576,#5577,#5578,#5579,#5580,#5581,#5582,#5583,#5584,#5585,#5586,#5587,
#5588,#5589,#5590,#5591,#5592,#5593,#5594,#5595,#5596,#5597,#5598,#5599,
#5600,#5601,#5602,#5603,#5604,#5605,#5606,#5607,#5608,#5609,#5610,#5611,
#5612,#5613,#5614,#5615,#5616,#5617,#5618,#5619,#5620,#5621,#5622,#5623,
#5624,#5625,#5626,#5627,#5628,#5629,#5630,#5631,#5632,#5633,#5634,#5635,
#5636,#5637,#5638,#5639,#5640,#5641,#5642,#5643,#5644,#5645,#5646,#5647,
#5648,#5649,#5650,#5651,#5652,#5653,#5654,#5655,#5656,#5657,#5658,#5659,
#5660,#5661,#5662,#5663,#5664,#5665,#5666),(#5667,#5668,#5669,#5670,#5671,
#5672,#5673,#5674,#5675,#5676,#5677,#5678,#5679,#5680,#5681,#5682,#5683,
#5684,#5685,#5686,#5687,#5688,#5689,#5690,#5691,#5692,#5693,#5694,#5695,
#5696,#5697,#5698,#5699,#5700,#5701,#5702,#5703,#5704,#5705,#5706,#5707,
#5708,#5709,#5710,#5711,#5712,#5713,#5714,#5715,#5716,#5717,#5718,#5719,
#5720,#5721,#5722,#5723,#5724,#5725,#5726,#5727,#5728,#5729,#5730,#5731,
#5732,#5733,#5734,#5735,#5736,#5737,#5738,#5739,#5740,#5741,#5742,#5743,
#5744,#5745,#5746,#5747,#5748,#5749,#5750,#5751,#5752,#5753,#5754,#5755,
#5756,#5757,#5758,#5759,#5760,#5761,#5762,#5763,#5764,#5765,#5766,#5767,
#5768,#5769,#5770,#5771,#5772,#5773,#5774,#5775,#5776,#5777,#5778,#5779,
#5780,#5781,#5782,#5783,#5784,#5785,#5786,#5787,#5788,#5789,#5790,#5791,
#5792,#5793,#5794,#5795,#5796,#5797,#5798,#5799,#5800,#5801,#5802,#5803,
#5804,#5805,#5806,#5807,#5808,#5809,#5810,#5811,#5812,#5813)),
 .UNSPECIFIED.,.F.,.F.,.F.,(4,1,4),(4,1,1,1,1,1,1,1,1,1,1,1,1,1,1,1,1,1,
1,1,1,1,1,1,1,1,1,1,2,1,1,1,1,1,1,1,1,1,1,1,1,1,1,1,1,1,1,1,1,1,1,1,1,1,
1,1,1,1,1,1,1,1,1,1,1,1,1,1,1,1,1,1,1,1,1,1,1,1,1,1,1,1,1,1,1,1,1,1,1,1,
1,1,2,2,1,1,1,1,1,1,1,1,1,1,1,1,1,1,1,1,1,1,1,1,1,1,1,1,1,1,1,1,1,1,1,1,
1,1,1,1,1,1,1,2,1,1,1,1,1,1,4),(0.,0.571428571428571,1.),(-60.1808346933282,
-59.7216452578202,-59.2624558223123,-58.8032663868043,-58.3440769512963,
-57.8848875157883,-57.4256980802803,-56.9665086447723,-56.5073192092644,
-56.2777244915104,-56.0481297737564,-55.8185350560024,-55.5889403382484,
-55.3593456204944,-55.1297509027404,-54.9001561849864,-54.6705614672324,
-54.4409667494784,-54.2113720317244,-53.9817773139704,-53.7521825962164,
-53.5225878784624,-53.2929931607084,-53.0633984429545,-52.9486010840775,
-52.891202404639,-52.8625030649197,-52.8481533950601,-52.8338037252005,
-52.2761428479972,-51.718481970794,-51.1608210935908,-50.6031602163875,
-50.0454993391843,-49.4878384619811,-48.9301775847778,-48.3725167075746,
-47.8148558303714,-47.2571949531681,-46.6995340759649,-46.1418731987617,
-45.5842123215584,-45.0265514443552,-44.4688905671519,-43.9112296899487,
-43.3535688127455,-42.7959079355422,-42.238247058339,-41.6805861811358,
-41.1229253039325,-40.5652644267293,-40.0076035495261,-39.4499426723228,
-38.8922817951196,-38.3346209179164,-37.7769600407131,-37.2192991635099,
-36.6616382863067,-36.1039774091034,-35.5463165319002,-34.988655654697,
-34.4309947774937,-33.8733339002905,-33.3156730230873,-32.758012145884,
-32.2003512686808,-31.6426903914775,-31.0850295142743,-30.5273686370711,
-29.9697077598678,-29.4120468826646,-28.8543860054614,-28.2967251282581,
-27.7390642510549,-27.1814033738517,-26.6237424966484,-26.0660816194452,
-25.508420742242,-24.9507598650387,-24.3930989878355,-23.8354381106323,
-23.277777233429,-22.7201163562258,-22.1624554790226,-21.6047946018193,
-21.0471337246161,-20.4894728474129,-19.9318119702096,-19.3741510930064,
-18.8164902158032,-18.2588293385999,-17.7011684613967,-17.1435075841935,
-17.1422810245736,-16.8744328835647,-16.6065847425557,-16.3387366015467,
-16.0708884605378,-15.5351921785198,-14.9994958965019,-14.463799614484,
-13.9281033324661,-13.6602551914571,-13.3924070504481,-12.8567107684302,
-12.3210144864123,-12.0531663454033,-11.7853182043944,-11.2496219223764,
-10.7139256403585,-10.4460774993496,-10.1782293583406,-9.64253307632267,
-9.10683679430474,-8.83898865329578,-8.57114051228681,-8.30329237127785,
-8.03544423026889,-7.49974794825096,-6.96405166623304,-6.69620352522407,
-6.42835538421511,-5.89265910219718,-5.35696282017926,-4.82126653816133,
-4.28557025614341,-3.74987397412548,-3.21417769210756,-2.67848141008963,
-2.1427851280717,-1.60708884605378,-1.07139256403585,-0.535696282017926,
0.,0.0149051836922843,0.0298103673845687,0.0596207347691374,0.119241469538275,
0.238482939076549,0.357724408614824,0.476965878153099),.UNSPECIFIED.);
#75=B_SPLINE_SURFACE_WITH_KNOTS('',3,3,((#5815,#5816,#5817,#5818,#5819,
#5820,#5821,#5822,#5823,#5824,#5825,#5826,#5827,#5828,#5829,#5830,#5831,
#5832,#5833,#5834,#5835,#5836,#5837,#5838,#5839,#5840,#5841,#5842,#5843,
#5844,#5845,#5846,#5847,#5848,#5849,#5850,#5851,#5852,#5853,#5854,#5855,
#5856,#5857,#5858,#5859,#5860,#5861,#5862,#5863,#5864,#5865,#5866,#5867,
#5868,#5869,#5870,#5871,#5872,#5873,#5874,#5875,#5876,#5877,#5878,#5879,
#5880,#5881,#5882,#5883,#5884,#5885,#5886,#5887,#5888,#5889,#5890,#5891,
#5892,#5893,#5894,#5895,#5896,#5897,#5898,#5899,#5900,#5901,#5902,#5903,
#5904,#5905,#5906,#5907,#5908,#5909,#5910,#5911,#5912,#5913,#5914,#5915,
#5916,#5917,#5918,#5919,#5920,#5921,#5922,#5923,#5924,#5925,#5926,#5927,
#5928,#5929,#5930,#5931,#5932,#5933,#5934,#5935,#5936,#5937,#5938,#5939,
#5940,#5941,#5942,#5943,#5944,#5945,#5946,#5947,#5948,#5949,#5950,#5951,
#5952,#5953,#5954,#5955,#5956,#5957,#5958,#5959,#5960,#5961,#5962,#5963,
#5964,#5965,#5966,#5967,#5968,#5969,#5970,#5971,#5972,#5973,#5974,#5975,
#5976,#5977,#5978,#5979,#5980,#5981),(#5982,#5983,#5984,#5985,#5986,#5987,
#5988,#5989,#5990,#5991,#5992,#5993,#5994,#5995,#5996,#5997,#5998,#5999,
#6000,#6001,#6002,#6003,#6004,#6005,#6006,#6007,#6008,#6009,#6010,#6011,
#6012,#6013,#6014,#6015,#6016,#6017,#6018,#6019,#6020,#6021,#6022,#6023,
#6024,#6025,#6026,#6027,#6028,#6029,#6030,#6031,#6032,#6033,#6034,#6035,
#6036,#6037,#6038,#6039,#6040,#6041,#6042,#6043,#6044,#6045,#6046,#6047,
#6048,#6049,#6050,#6051,#6052,#6053,#6054,#6055,#6056,#6057,#6058,#6059,
#6060,#6061,#6062,#6063,#6064,#6065,#6066,#6067,#6068,#6069,#6070,#6071,
#6072,#6073,#6074,#6075,#6076,#6077,#6078,#6079,#6080,#6081,#6082,#6083,
#6084,#6085,#6086,#6087,#6088,#6089,#6090,#6091,#6092,#6093,#6094,#6095,
#6096,#6097,#6098,#6099,#6100,#6101,#6102,#6103,#6104,#6105,#6106,#6107,
#6108,#6109,#6110,#6111,#6112,#6113,#6114,#6115,#6116,#6117,#6118,#6119,
#6120,#6121,#6122,#6123,#6124,#6125,#6126,#6127,#6128,#6129,#6130,#6131,
#6132,#6133,#6134,#6135,#6136,#6137,#6138,#6139,#6140,#6141,#6142,#6143,
#6144,#6145,#6146,#6147,#6148),(#6149,#6150,#6151,#6152,#6153,#6154,#6155,
#6156,#6157,#6158,#6159,#6160,#6161,#6162,#6163,#6164,#6165,#6166,#6167,
#6168,#6169,#6170,#6171,#6172,#6173,#6174,#6175,#6176,#6177,#6178,#6179,
#6180,#6181,#6182,#6183,#6184,#6185,#6186,#6187,#6188,#6189,#6190,#6191,
#6192,#6193,#6194,#6195,#6196,#6197,#6198,#6199,#6200,#6201,#6202,#6203,
#6204,#6205,#6206,#6207,#6208,#6209,#6210,#6211,#6212,#6213,#6214,#6215,
#6216,#6217,#6218,#6219,#6220,#6221,#6222,#6223,#6224,#6225,#6226,#6227,
#6228,#6229,#6230,#6231,#6232,#6233,#6234,#6235,#6236,#6237,#6238,#6239,
#6240,#6241,#6242,#6243,#6244,#6245,#6246,#6247,#6248,#6249,#6250,#6251,
#6252,#6253,#6254,#6255,#6256,#6257,#6258,#6259,#6260,#6261,#6262,#6263,
#6264,#6265,#6266,#6267,#6268,#6269,#6270,#6271,#6272,#6273,#6274,#6275,
#6276,#6277,#6278,#6279,#6280,#6281,#6282,#6283,#6284,#6285,#6286,#6287,
#6288,#6289,#6290,#6291,#6292,#6293,#6294,#6295,#6296,#6297,#6298,#6299,
#6300,#6301,#6302,#6303,#6304,#6305,#6306,#6307,#6308,#6309,#6310,#6311,
#6312,#6313,#6314,#6315),(#6316,#6317,#6318,#6319,#6320,#6321,#6322,#6323,
#6324,#6325,#6326,#6327,#6328,#6329,#6330,#6331,#6332,#6333,#6334,#6335,
#6336,#6337,#6338,#6339,#6340,#6341,#6342,#6343,#6344,#6345,#6346,#6347,
#6348,#6349,#6350,#6351,#6352,#6353,#6354,#6355,#6356,#6357,#6358,#6359,
#6360,#6361,#6362,#6363,#6364,#6365,#6366,#6367,#6368,#6369,#6370,#6371,
#6372,#6373,#6374,#6375,#6376,#6377,#6378,#6379,#6380,#6381,#6382,#6383,
#6384,#6385,#6386,#6387,#6388,#6389,#6390,#6391,#6392,#6393,#6394,#6395,
#6396,#6397,#6398,#6399,#6400,#6401,#6402,#6403,#6404,#6405,#6406,#6407,
#6408,#6409,#6410,#6411,#6412,#6413,#6414,#6415,#6416,#6417,#6418,#6419,
#6420,#6421,#6422,#6423,#6424,#6425,#6426,#6427,#6428,#6429,#6430,#6431,
#6432,#6433,#6434,#6435,#6436,#6437,#6438,#6439,#6440,#6441,#6442,#6443,
#6444,#6445,#6446,#6447,#6448,#6449,#6450,#6451,#6452,#6453,#6454,#6455,
#6456,#6457,#6458,#6459,#6460,#6461,#6462,#6463,#6464,#6465,#6466,#6467,
#6468,#6469,#6470,#6471,#6472,#6473,#6474,#6475,#6476,#6477,#6478,#6479,
#6480,#6481,#6482),(#6483,#6484,#6485,#6486,#6487,#6488,#6489,#6490,#6491,
#6492,#6493,#6494,#6495,#6496,#6497,#6498,#6499,#6500,#6501,#6502,#6503,
#6504,#6505,#6506,#6507,#6508,#6509,#6510,#6511,#6512,#6513,#6514,#6515,
#6516,#6517,#6518,#6519,#6520,#6521,#6522,#6523,#6524,#6525,#6526,#6527,
#6528,#6529,#6530,#6531,#6532,#6533,#6534,#6535,#6536,#6537,#6538,#6539,
#6540,#6541,#6542,#6543,#6544,#6545,#6546,#6547,#6548,#6549,#6550,#6551,
#6552,#6553,#6554,#6555,#6556,#6557,#6558,#6559,#6560,#6561,#6562,#6563,
#6564,#6565,#6566,#6567,#6568,#6569,#6570,#6571,#6572,#6573,#6574,#6575,
#6576,#6577,#6578,#6579,#6580,#6581,#6582,#6583,#6584,#6585,#6586,#6587,
#6588,#6589,#6590,#6591,#6592,#6593,#6594,#6595,#6596,#6597,#6598,#6599,
#6600,#6601,#6602,#6603,#6604,#6605,#6606,#6607,#6608,#6609,#6610,#6611,
#6612,#6613,#6614,#6615,#6616,#6617,#6618,#6619,#6620,#6621,#6622,#6623,
#6624,#6625,#6626,#6627,#6628,#6629,#6630,#6631,#6632,#6633,#6634,#6635,
#6636,#6637,#6638,#6639,#6640,#6641,#6642,#6643,#6644,#6645,#6646,#6647,
#6648,#6649)),.UNSPECIFIED.,.F.,.F.,.F.,(4,1,4),(4,1,1,1,1,1,2,1,1,1,1,
1,1,1,1,1,1,1,1,1,1,1,1,1,1,1,1,1,1,1,1,1,1,1,1,1,1,1,1,1,1,1,1,1,1,1,1,
1,1,1,1,1,1,1,2,2,1,1,1,1,1,1,1,1,1,1,1,1,1,1,1,1,1,1,1,1,1,1,1,1,1,1,1,
1,1,1,1,1,1,1,1,1,1,1,1,1,1,1,1,1,1,1,1,1,1,1,1,1,1,1,1,1,1,1,1,1,1,1,1,
1,1,1,1,1,1,1,1,1,1,1,1,1,1,1,1,2,1,1,1,1,1,1,1,1,1,1,1,1,1,1,1,1,1,1,1,
1,1,1,1,1,4),(0.,0.571428571428571,1.),(-53.3064909883356,-53.187633963757,
-53.0687769391784,-52.9499199145998,-52.8904914023105,-52.8607771461659,
-52.8310628900212,-52.2952940375978,-51.7595251851743,-51.2237563327509,
-50.6879874803274,-50.1522186279039,-49.6164497754805,-49.080680923057,
-48.5449120706336,-48.0091432182101,-47.4733743657867,-46.9376055133632,
-46.4018366609398,-45.8660678085163,-45.3302989560928,-44.7945301036694,
-44.2587612512459,-43.9908768250342,-43.7229923988225,-43.4551079726107,
-43.187223546399,-42.9193391201873,-42.6514546939755,-42.3835702677638,
-42.1156858415521,-41.8478014153403,-41.5799169891286,-41.3120325629169,
-41.0441481367052,-40.7762637104934,-40.5083792842817,-40.24049485807,-39.9726104318583,
-39.7047260056465,-39.4368415794348,-39.1689571532231,-38.9010727270113,
-38.6331883007996,-38.3653038745879,-38.0974194483762,-37.8295350221644,
-37.5616505959527,-37.293766169741,-37.0258817435292,-36.7579973173175,
-36.4901128911058,-36.222228464894,-35.9543440386823,-35.6864596124706,
-35.6852330302411,-35.1276512641435,-34.8488603810948,-34.570069498046,
-34.2912786149973,-34.0124877319485,-33.454905965851,-32.8973241997535,
-32.6185333167047,-32.3397424336559,-31.7821606675584,-31.5033697845097,
-31.2245789014609,-30.9457880184122,-30.6669971353634,-30.1094153692659,
-29.8306244862171,-29.5518336031684,-29.2730427201196,-28.9942518370709,
-28.7154609540221,-28.4366700709733,-28.1578791879246,-27.8790883048758,
-27.6002974218271,-27.3215065387783,-27.0427156557295,-26.7639247726808,
-26.485133889632,-26.2063430065833,-25.9275521235345,-25.6487612404858,
-25.369970357437,-25.0911794743882,-24.8123885913395,-24.5335977082907,
-24.254806825242,-23.9760159421932,-23.4184341760957,-22.8608524099982,
-22.3032706439007,-21.7456888778031,-21.1881071117056,-20.6305253456081,
-20.0729435795106,-19.5153618134131,-18.9577800473156,-18.400198281218,
-17.8426165151205,-17.285034749023,-16.7274529829255,-16.169871216828,-15.6122894507305,
-15.0547076846329,-14.4971259185354,-13.9395441524379,-13.3819623863404,
-12.8243806202429,-12.2667988541454,-11.7092170880478,-11.1516353219503,
-10.5940535558528,-10.0364717897553,-9.47889002365778,-8.92130825756026,
-8.36372649146275,-7.80614472536523,-7.24856295926771,-6.6909811931702,
-6.13339942707268,-5.57581766097516,-5.01823589487765,-4.46065412878013,
-3.90307236268261,-3.3454905965851,-2.78790883048758,-2.23032706439007,
-1.67274529829255,-1.11516353219503,-0.557581766097516,0.,0.0274454261840956,
0.0548908523681912,0.109781704736382,0.219563409472765,0.43912681894553,
0.87825363789106,1.31738045683659,1.75650727578212,1.97607068525488,2.19563409472765,
2.41519750420041,2.63476091367318,2.85432432314594,3.07388773261871,3.29345114209147,
3.51301455156424,3.732577961037,3.95214137050977,4.3912681894553,4.83039500840083,
5.26952182734636,5.70864864629189,6.14777546523742,6.58690228418295,7.02602910312848),
 .UNSPECIFIED.);
#76=B_SPLINE_SURFACE_WITH_KNOTS('',3,3,((#6762,#6763,#6764,#6765),(#6766,
#6767,#6768,#6769),(#6770,#6771,#6772,#6773),(#6774,#6775,#6776,#6777),
(#6778,#6779,#6780,#6781),(#6782,#6783,#6784,#6785),(#6786,#6787,#6788,
#6789),(#6790,#6791,#6792,#6793),(#6794,#6795,#6796,#6797),(#6798,#6799,
#6800,#6801),(#6802,#6803,#6804,#6805),(#6806,#6807,#6808,#6809),(#6810,
#6811,#6812,#6813),(#6814,#6815,#6816,#6817)),.UNSPECIFIED.,.F.,.F.,.F.,
(4,1,1,1,1,2,1,1,1,1,4),(4,4),(0.694010362641355,0.721810021604521,0.749609680567687,
0.777409339530853,0.805208998494019,0.833008657457185,0.848909696816477,
0.864810736175768,0.880711775535059,0.89661281489435,0.912513854253641),
(0.154537662074551,0.617401159429303),.UNSPECIFIED.);
#77=B_SPLINE_SURFACE_WITH_KNOTS('',3,3,((#6834,#6835,#6836,#6837),(#6838,
#6839,#6840,#6841),(#6842,#6843,#6844,#6845),(#6846,#6847,#6848,#6849)),
 .UNSPECIFIED.,.F.,.F.,.F.,(4,4),(4,4),(0.166991342542815,0.168499682950398),
(0.999996864623038,1.),.UNSPECIFIED.);
#78=B_SPLINE_SURFACE_WITH_KNOTS('',3,3,((#6854,#6855,#6856,#6857),(#6858,
#6859,#6860,#6861),(#6862,#6863,#6864,#6865),(#6866,#6867,#6868,#6869)),
 .UNSPECIFIED.,.F.,.F.,.F.,(4,4),(4,4),(0.831500317056889,0.833008657457274),
(0.999996864623038,1.),.UNSPECIFIED.);
#79=B_SPLINE_SURFACE_WITH_KNOTS('',3,3,((#6874,#6875,#6876,#6877,#6878,
#6879,#6880,#6881,#6882,#6883,#6884,#6885,#6886,#6887,#6888,#6889,#6890,
#6891,#6892,#6893,#6894,#6895,#6896,#6897),(#6898,#6899,#6900,#6901,#6902,
#6903,#6904,#6905,#6906,#6907,#6908,#6909,#6910,#6911,#6912,#6913,#6914,
#6915,#6916,#6917,#6918,#6919,#6920,#6921),(#6922,#6923,#6924,#6925,#6926,
#6927,#6928,#6929,#6930,#6931,#6932,#6933,#6934,#6935,#6936,#6937,#6938,
#6939,#6940,#6941,#6942,#6943,#6944,#6945),(#6946,#6947,#6948,#6949,#6950,
#6951,#6952,#6953,#6954,#6955,#6956,#6957,#6958,#6959,#6960,#6961,#6962,
#6963,#6964,#6965,#6966,#6967,#6968,#6969),(#6970,#6971,#6972,#6973,#6974,
#6975,#6976,#6977,#6978,#6979,#6980,#6981,#6982,#6983,#6984,#6985,#6986,
#6987,#6988,#6989,#6990,#6991,#6992,#6993),(#6994,#6995,#6996,#6997,#6998,
#6999,#7000,#7001,#7002,#7003,#7004,#7005,#7006,#7007,#7008,#7009,#7010,
#7011,#7012,#7013,#7014,#7015,#7016,#7017),(#7018,#7019,#7020,#7021,#7022,
#7023,#7024,#7025,#7026,#7027,#7028,#7029,#7030,#7031,#7032,#7033,#7034,
#7035,#7036,#7037,#7038,#7039,#7040,#7041),(#7042,#7043,#7044,#7045,#7046,
#7047,#7048,#7049,#7050,#7051,#7052,#7053,#7054,#7055,#7056,#7057,#7058,
#7059,#7060,#7061,#7062,#7063,#7064,#7065)),.UNSPECIFIED.,.F.,.F.,.F.,(4,
1,1,1,1,4),(4,1,1,1,1,1,1,1,1,1,1,1,2,1,1,1,2,2,4),(0.,0.142857142857143,
0.285714285714286,0.571428571428571,0.857142857142857,1.),(0.,0.0354605993359826,
0.0709211986719652,0.0945615982292869,0.118201997786609,0.130022197565269,
0.14184239734393,0.165482796901252,0.189123196458574,0.212763596015895,
0.230493895683887,0.248224195351878,0.283684794687861,0.322501747047414,
0.361318699406967,0.400135651766519,0.438952604126072,0.672170130836469,
1.),.UNSPECIFIED.);
#80=B_SPLINE_SURFACE_WITH_KNOTS('',3,3,((#7090,#7091,#7092,#7093,#7094,
#7095,#7096,#7097,#7098,#7099,#7100,#7101,#7102,#7103,#7104,#7105,#7106,
#7107,#7108,#7109,#7110,#7111,#7112,#7113),(#7114,#7115,#7116,#7117,#7118,
#7119,#7120,#7121,#7122,#7123,#7124,#7125,#7126,#7127,#7128,#7129,#7130,
#7131,#7132,#7133,#7134,#7135,#7136,#7137),(#7138,#7139,#7140,#7141,#7142,
#7143,#7144,#7145,#7146,#7147,#7148,#7149,#7150,#7151,#7152,#7153,#7154,
#7155,#7156,#7157,#7158,#7159,#7160,#7161),(#7162,#7163,#7164,#7165,#7166,
#7167,#7168,#7169,#7170,#7171,#7172,#7173,#7174,#7175,#7176,#7177,#7178,
#7179,#7180,#7181,#7182,#7183,#7184,#7185),(#7186,#7187,#7188,#7189,#7190,
#7191,#7192,#7193,#7194,#7195,#7196,#7197,#7198,#7199,#7200,#7201,#7202,
#7203,#7204,#7205,#7206,#7207,#7208,#7209),(#7210,#7211,#7212,#7213,#7214,
#7215,#7216,#7217,#7218,#7219,#7220,#7221,#7222,#7223,#7224,#7225,#7226,
#7227,#7228,#7229,#7230,#7231,#7232,#7233),(#7234,#7235,#7236,#7237,#7238,
#7239,#7240,#7241,#7242,#7243,#7244,#7245,#7246,#7247,#7248,#7249,#7250,
#7251,#7252,#7253,#7254,#7255,#7256,#7257),(#7258,#7259,#7260,#7261,#7262,
#7263,#7264,#7265,#7266,#7267,#7268,#7269,#7270,#7271,#7272,#7273,#7274,
#7275,#7276,#7277,#7278,#7279,#7280,#7281)),.UNSPECIFIED.,.F.,.F.,.F.,(4,
1,1,1,1,4),(4,1,1,1,1,1,1,1,1,1,1,1,2,1,1,1,2,2,4),(0.,0.142857142857143,
0.285714285714286,0.571428571428571,0.857142857142857,1.),(0.,0.0354605993359826,
0.0709211986719652,0.0945615982292869,0.118201997786609,0.130022197565269,
0.14184239734393,0.165482796901252,0.189123196458574,0.212763596015895,
0.230493895683887,0.248224195351878,0.283684794687861,0.322501747047414,
0.361318699406967,0.400135651766519,0.438952604126072,0.672170130836469,
1.),.UNSPECIFIED.);
#81=FACE_OUTER_BOUND('',#105,.T.);
#82=FACE_OUTER_BOUND('',#106,.T.);
#83=FACE_OUTER_BOUND('',#107,.T.);
#84=FACE_OUTER_BOUND('',#108,.T.);
#85=FACE_OUTER_BOUND('',#109,.T.);
#86=FACE_OUTER_BOUND('',#110,.T.);
#87=FACE_OUTER_BOUND('',#111,.T.);
#88=FACE_OUTER_BOUND('',#112,.T.);
#89=FACE_OUTER_BOUND('',#113,.T.);
#90=FACE_OUTER_BOUND('',#114,.T.);
#91=FACE_OUTER_BOUND('',#115,.T.);
#92=FACE_OUTER_BOUND('',#116,.T.);
#93=FACE_OUTER_BOUND('',#117,.T.);
#94=FACE_OUTER_BOUND('',#118,.T.);
#95=FACE_OUTER_BOUND('',#119,.T.);
#96=FACE_OUTER_BOUND('',#120,.T.);
#97=FACE_OUTER_BOUND('',#121,.T.);
#98=FACE_OUTER_BOUND('',#122,.T.);
#99=FACE_OUTER_BOUND('',#123,.T.);
#100=FACE_OUTER_BOUND('',#124,.T.);
#101=FACE_OUTER_BOUND('',#125,.T.);
#102=FACE_OUTER_BOUND('',#126,.T.);
#103=FACE_OUTER_BOUND('',#127,.T.);
#104=FACE_OUTER_BOUND('',#129,.T.);
#105=EDGE_LOOP('',(#244,#245,#246,#247,#248,#249));
#106=EDGE_LOOP('',(#250,#251,#252,#253,#254));
#107=EDGE_LOOP('',(#255,#256,#257,#258));
#108=EDGE_LOOP('',(#259,#260,#261,#262));
#109=EDGE_LOOP('',(#263,#264,#265,#266,#267));
#110=EDGE_LOOP('',(#268,#269,#270,#271));
#111=EDGE_LOOP('',(#272,#273,#274,#275,#276));
#112=EDGE_LOOP('',(#277,#278,#279,#280));
#113=EDGE_LOOP('',(#281,#282,#283,#284));
#114=EDGE_LOOP('',(#285,#286,#287,#288,#289));
#115=EDGE_LOOP('',(#290,#291,#292,#293));
#116=EDGE_LOOP('',(#294,#295,#296,#297,#298,#299,#300,#301));
#117=EDGE_LOOP('',(#302,#303,#304));
#118=EDGE_LOOP('',(#305,#306,#307,#308,#309,#310,#311,#312));
#119=EDGE_LOOP('',(#313,#314,#315,#316,#317,#318,#319,#320));
#120=EDGE_LOOP('',(#321,#322,#323,#324,#325,#326,#327,#328,#329,#330));
#121=EDGE_LOOP('',(#331,#332,#333,#334,#335,#336,#337,#338));
#122=EDGE_LOOP('',(#339,#340,#341));
#123=EDGE_LOOP('',(#342,#343));
#124=EDGE_LOOP('',(#344,#345));
#125=EDGE_LOOP('',(#346,#347));
#126=EDGE_LOOP('',(#348,#349));
#127=EDGE_LOOP('',(#350,#351,#352));
#128=EDGE_LOOP('',(#353,#354));
#129=EDGE_LOOP('',(#355,#356,#357));
#130=EDGE_LOOP('',(#358,#359));
#131=CIRCLE('',#400,38.5);
#132=CIRCLE('',#401,38.5);
#133=CIRCLE('',#402,38.5);
#134=CIRCLE('',#403,38.5);
#135=CIRCLE('',#404,38.5);
#136=CIRCLE('',#405,15.);
#137=CIRCLE('',#406,15.);
#138=CIRCLE('',#407,15.);
#139=CIRCLE('',#408,15.);
#140=CIRCLE('',#409,15.);
#141=CIRCLE('',#410,15.);
#142=CIRCLE('',#411,15.);
#143=CIRCLE('',#412,15.);
#144=CIRCLE('',#413,15.);
#145=CIRCLE('',#414,15.);
#146=CIRCLE('',#417,92.8474367765948);
#147=CIRCLE('',#419,92.8474367765948);
#148=VERTEX_POINT('',#466);
#149=VERTEX_POINT('',#467);
#150=VERTEX_POINT('',#469);
#151=VERTEX_POINT('',#471);
#152=VERTEX_POINT('',#473);
#153=VERTEX_POINT('',#553);
#154=VERTEX_POINT('',#554);
#155=VERTEX_POINT('',#556);
#156=VERTEX_POINT('',#563);
#157=VERTEX_POINT('',#571);
#158=VERTEX_POINT('',#704);
#159=VERTEX_POINT('',#729);
#160=VERTEX_POINT('',#890);
#161=VERTEX_POINT('',#918);
#162=VERTEX_POINT('',#1024);
#163=VERTEX_POINT('',#1025);
#164=VERTEX_POINT('',#1027);
#165=VERTEX_POINT('',#1164);
#166=VERTEX_POINT('',#1179);
#167=VERTEX_POINT('',#1286);
#168=VERTEX_POINT('',#1287);
#169=VERTEX_POINT('',#1289);
#170=VERTEX_POINT('',#1420);
#171=VERTEX_POINT('',#1441);
#172=VERTEX_POINT('',#1583);
#173=VERTEX_POINT('',#1608);
#174=VERTEX_POINT('',#1739);
#175=VERTEX_POINT('',#1740);
#176=VERTEX_POINT('',#1742);
#177=VERTEX_POINT('',#4158);
#178=VERTEX_POINT('',#4201);
#179=VERTEX_POINT('',#4425);
#180=VERTEX_POINT('',#4903);
#181=VERTEX_POINT('',#6650);
#182=VERTEX_POINT('',#6819);
#183=VERTEX_POINT('',#6820);
#184=VERTEX_POINT('',#6827);
#185=VERTEX_POINT('',#6828);
#186=EDGE_CURVE('',#148,#149,#131,.T.);
#187=EDGE_CURVE('',#149,#150,#132,.T.);
#188=EDGE_CURVE('',#150,#151,#133,.T.);
#189=EDGE_CURVE('',#152,#151,#134,.T.);
#190=EDGE_CURVE('',#151,#148,#135,.T.);
#191=EDGE_CURVE('',#153,#154,#136,.T.);
#192=EDGE_CURVE('',#154,#155,#20,.T.);
#193=EDGE_CURVE('',#155,#156,#21,.T.);
#194=EDGE_CURVE('',#156,#157,#137,.T.);
#195=EDGE_CURVE('',#157,#153,#22,.T.);
#196=EDGE_CURVE('',#153,#158,#23,.T.);
#197=EDGE_CURVE('',#158,#159,#138,.T.);
#198=EDGE_CURVE('',#159,#154,#24,.T.);
#199=EDGE_CURVE('',#158,#160,#25,.T.);
#200=EDGE_CURVE('',#160,#161,#139,.T.);
#201=EDGE_CURVE('',#161,#159,#26,.T.);
#202=EDGE_CURVE('',#162,#163,#140,.T.);
#203=EDGE_CURVE('',#163,#164,#27,.T.);
#204=EDGE_CURVE('',#164,#161,#28,.T.);
#205=EDGE_CURVE('',#160,#162,#29,.T.);
#206=EDGE_CURVE('',#162,#165,#30,.T.);
#207=EDGE_CURVE('',#165,#166,#141,.T.);
#208=EDGE_CURVE('',#166,#163,#31,.T.);
#209=EDGE_CURVE('',#167,#168,#142,.T.);
#210=EDGE_CURVE('',#168,#169,#32,.T.);
#211=EDGE_CURVE('',#169,#166,#33,.T.);
#212=EDGE_CURVE('',#165,#167,#34,.T.);
#213=EDGE_CURVE('',#167,#170,#35,.T.);
#214=EDGE_CURVE('',#170,#171,#143,.T.);
#215=EDGE_CURVE('',#171,#168,#36,.T.);
#216=EDGE_CURVE('',#170,#172,#37,.T.);
#217=EDGE_CURVE('',#172,#173,#144,.T.);
#218=EDGE_CURVE('',#173,#171,#38,.T.);
#219=EDGE_CURVE('',#174,#175,#145,.T.);
#220=EDGE_CURVE('',#175,#176,#39,.T.);
#221=EDGE_CURVE('',#176,#173,#40,.T.);
#222=EDGE_CURVE('',#172,#174,#41,.T.);
#223=EDGE_CURVE('',#174,#157,#42,.T.);
#224=EDGE_CURVE('',#156,#175,#43,.T.);
#225=EDGE_CURVE('',#171,#151,#44,.T.);
#226=EDGE_CURVE('',#177,#150,#45,.T.);
#227=EDGE_CURVE('',#177,#159,#46,.T.);
#228=EDGE_CURVE('',#178,#161,#47,.T.);
#229=EDGE_CURVE('',#168,#178,#48,.T.);
#230=EDGE_CURVE('',#179,#156,#49,.T.);
#231=EDGE_CURVE('',#175,#179,#50,.T.);
#232=EDGE_CURVE('',#180,#173,#51,.T.);
#233=EDGE_CURVE('',#154,#180,#52,.T.);
#234=EDGE_CURVE('',#177,#148,#53,.T.);
#235=EDGE_CURVE('',#163,#181,#54,.T.);
#236=EDGE_CURVE('',#181,#166,#55,.T.);
#237=EDGE_CURVE('',#182,#183,#56,.T.);
#238=EDGE_CURVE('',#183,#182,#146,.T.);
#239=EDGE_CURVE('',#184,#185,#57,.T.);
#240=EDGE_CURVE('',#185,#184,#147,.T.);
#241=EDGE_CURVE('',#183,#182,#58,.T.);
#242=EDGE_CURVE('',#185,#184,#59,.T.);
#243=EDGE_CURVE('',#177,#149,#60,.T.);
#244=ORIENTED_EDGE('',*,*,#186,.T.);
#245=ORIENTED_EDGE('',*,*,#187,.T.);
#246=ORIENTED_EDGE('',*,*,#188,.T.);
#247=ORIENTED_EDGE('',*,*,#189,.F.);
#248=ORIENTED_EDGE('',*,*,#189,.T.);
#249=ORIENTED_EDGE('',*,*,#190,.T.);
#250=ORIENTED_EDGE('',*,*,#191,.T.);
#251=ORIENTED_EDGE('',*,*,#192,.T.);
#252=ORIENTED_EDGE('',*,*,#193,.T.);
#253=ORIENTED_EDGE('',*,*,#194,.T.);
#254=ORIENTED_EDGE('',*,*,#195,.T.);
#255=ORIENTED_EDGE('',*,*,#191,.F.);
#256=ORIENTED_EDGE('',*,*,#196,.T.);
#257=ORIENTED_EDGE('',*,*,#197,.T.);
#258=ORIENTED_EDGE('',*,*,#198,.T.);
#259=ORIENTED_EDGE('',*,*,#197,.F.);
#260=ORIENTED_EDGE('',*,*,#199,.T.);
#261=ORIENTED_EDGE('',*,*,#200,.T.);
#262=ORIENTED_EDGE('',*,*,#201,.T.);
#263=ORIENTED_EDGE('',*,*,#202,.T.);
#264=ORIENTED_EDGE('',*,*,#203,.T.);
#265=ORIENTED_EDGE('',*,*,#204,.T.);
#266=ORIENTED_EDGE('',*,*,#200,.F.);
#267=ORIENTED_EDGE('',*,*,#205,.T.);
#268=ORIENTED_EDGE('',*,*,#202,.F.);
#269=ORIENTED_EDGE('',*,*,#206,.T.);
#270=ORIENTED_EDGE('',*,*,#207,.T.);
#271=ORIENTED_EDGE('',*,*,#208,.T.);
#272=ORIENTED_EDGE('',*,*,#209,.T.);
#273=ORIENTED_EDGE('',*,*,#210,.T.);
#274=ORIENTED_EDGE('',*,*,#211,.T.);
#275=ORIENTED_EDGE('',*,*,#207,.F.);
#276=ORIENTED_EDGE('',*,*,#212,.T.);
#277=ORIENTED_EDGE('',*,*,#209,.F.);
#278=ORIENTED_EDGE('',*,*,#213,.T.);
#279=ORIENTED_EDGE('',*,*,#214,.T.);
#280=ORIENTED_EDGE('',*,*,#215,.T.);
#281=ORIENTED_EDGE('',*,*,#214,.F.);
#282=ORIENTED_EDGE('',*,*,#216,.T.);
#283=ORIENTED_EDGE('',*,*,#217,.T.);
#284=ORIENTED_EDGE('',*,*,#218,.T.);
#285=ORIENTED_EDGE('',*,*,#219,.T.);
#286=ORIENTED_EDGE('',*,*,#220,.T.);
#287=ORIENTED_EDGE('',*,*,#221,.T.);
#288=ORIENTED_EDGE('',*,*,#217,.F.);
#289=ORIENTED_EDGE('',*,*,#222,.T.);
#290=ORIENTED_EDGE('',*,*,#219,.F.);
#291=ORIENTED_EDGE('',*,*,#223,.T.);
#292=ORIENTED_EDGE('',*,*,#194,.F.);
#293=ORIENTED_EDGE('',*,*,#224,.T.);
#294=ORIENTED_EDGE('',*,*,#215,.F.);
#295=ORIENTED_EDGE('',*,*,#225,.T.);
#296=ORIENTED_EDGE('',*,*,#188,.F.);
#297=ORIENTED_EDGE('',*,*,#226,.F.);
#298=ORIENTED_EDGE('',*,*,#227,.T.);
#299=ORIENTED_EDGE('',*,*,#201,.F.);
#300=ORIENTED_EDGE('',*,*,#228,.F.);
#301=ORIENTED_EDGE('',*,*,#229,.F.);
#302=ORIENTED_EDGE('',*,*,#224,.F.);
#303=ORIENTED_EDGE('',*,*,#230,.F.);
#304=ORIENTED_EDGE('',*,*,#231,.F.);
#305=ORIENTED_EDGE('',*,*,#218,.F.);
#306=ORIENTED_EDGE('',*,*,#232,.F.);
#307=ORIENTED_EDGE('',*,*,#233,.F.);
#308=ORIENTED_EDGE('',*,*,#198,.F.);
#309=ORIENTED_EDGE('',*,*,#227,.F.);
#310=ORIENTED_EDGE('',*,*,#234,.T.);
#311=ORIENTED_EDGE('',*,*,#190,.F.);
#312=ORIENTED_EDGE('',*,*,#225,.F.);
#313=ORIENTED_EDGE('',*,*,#221,.F.);
#314=ORIENTED_EDGE('',*,*,#220,.F.);
#315=ORIENTED_EDGE('',*,*,#231,.T.);
#316=ORIENTED_EDGE('',*,*,#230,.T.);
#317=ORIENTED_EDGE('',*,*,#193,.F.);
#318=ORIENTED_EDGE('',*,*,#192,.F.);
#319=ORIENTED_EDGE('',*,*,#233,.T.);
#320=ORIENTED_EDGE('',*,*,#232,.T.);
#321=ORIENTED_EDGE('',*,*,#195,.F.);
#322=ORIENTED_EDGE('',*,*,#223,.F.);
#323=ORIENTED_EDGE('',*,*,#222,.F.);
#324=ORIENTED_EDGE('',*,*,#216,.F.);
#325=ORIENTED_EDGE('',*,*,#213,.F.);
#326=ORIENTED_EDGE('',*,*,#212,.F.);
#327=ORIENTED_EDGE('',*,*,#206,.F.);
#328=ORIENTED_EDGE('',*,*,#205,.F.);
#329=ORIENTED_EDGE('',*,*,#199,.F.);
#330=ORIENTED_EDGE('',*,*,#196,.F.);
#331=ORIENTED_EDGE('',*,*,#211,.F.);
#332=ORIENTED_EDGE('',*,*,#210,.F.);
#333=ORIENTED_EDGE('',*,*,#229,.T.);
#334=ORIENTED_EDGE('',*,*,#228,.T.);
#335=ORIENTED_EDGE('',*,*,#204,.F.);
#336=ORIENTED_EDGE('',*,*,#203,.F.);
#337=ORIENTED_EDGE('',*,*,#235,.T.);
#338=ORIENTED_EDGE('',*,*,#236,.T.);
#339=ORIENTED_EDGE('',*,*,#208,.F.);
#340=ORIENTED_EDGE('',*,*,#236,.F.);
#341=ORIENTED_EDGE('',*,*,#235,.F.);
#342=ORIENTED_EDGE('',*,*,#237,.F.);
#343=ORIENTED_EDGE('',*,*,#238,.F.);
#344=ORIENTED_EDGE('',*,*,#239,.F.);
#345=ORIENTED_EDGE('',*,*,#240,.F.);
#346=ORIENTED_EDGE('',*,*,#241,.F.);
#347=ORIENTED_EDGE('',*,*,#238,.T.);
#348=ORIENTED_EDGE('',*,*,#242,.F.);
#349=ORIENTED_EDGE('',*,*,#240,.T.);
#350=ORIENTED_EDGE('',*,*,#226,.T.);
#351=ORIENTED_EDGE('',*,*,#187,.F.);
#352=ORIENTED_EDGE('',*,*,#243,.F.);
#353=ORIENTED_EDGE('',*,*,#239,.T.);
#354=ORIENTED_EDGE('',*,*,#242,.T.);
#355=ORIENTED_EDGE('',*,*,#243,.T.);
#356=ORIENTED_EDGE('',*,*,#186,.F.);
#357=ORIENTED_EDGE('',*,*,#234,.F.);
#358=ORIENTED_EDGE('',*,*,#237,.T.);
#359=ORIENTED_EDGE('',*,*,#241,.T.);
#360=SPHERICAL_SURFACE('',#399,38.5);
#361=ADVANCED_FACE('',(#81),#360,.T.);
#362=ADVANCED_FACE('',(#82),#61,.F.);
#363=ADVANCED_FACE('',(#83),#62,.F.);
#364=ADVANCED_FACE('',(#84),#63,.F.);
#365=ADVANCED_FACE('',(#85),#64,.F.);
#366=ADVANCED_FACE('',(#86),#65,.F.);
#367=ADVANCED_FACE('',(#87),#66,.F.);
#368=ADVANCED_FACE('',(#88),#67,.F.);
#369=ADVANCED_FACE('',(#89),#68,.F.);
#370=ADVANCED_FACE('',(#90),#69,.F.);
#371=ADVANCED_FACE('',(#91),#70,.F.);
#372=ADVANCED_FACE('',(#92),#71,.T.);
#373=ADVANCED_FACE('',(#93),#72,.F.);
#374=ADVANCED_FACE('',(#94),#73,.T.);
#375=ADVANCED_FACE('',(#95),#74,.T.);
#376=ADVANCED_FACE('',(#96),#17,.T.);
#377=ADVANCED_FACE('',(#97),#75,.T.);
#378=ADVANCED_FACE('',(#98),#76,.F.);
#379=ADVANCED_FACE('',(#99),#18,.F.);
#380=ADVANCED_FACE('',(#100),#19,.F.);
#381=ADVANCED_FACE('',(#101),#77,.F.);
#382=ADVANCED_FACE('',(#102),#78,.F.);
#383=ADVANCED_FACE('',(#103,#15),#79,.T.);
#384=ADVANCED_FACE('',(#104,#16),#80,.T.);
#385=CLOSED_SHELL('',(#361,#362,#363,#364,#365,#366,#367,#368,#369,#370,
#371,#372,#373,#374,#375,#376,#377,#378,#379,#380,#381,#382,#383,#384));
#386=DERIVED_UNIT_ELEMENT(#388,1.);
#387=DERIVED_UNIT_ELEMENT(#7287,-3.);
#388=(
MASS_UNIT()
NAMED_UNIT(*)
SI_UNIT(.KILO.,.GRAM.)
);
#389=DERIVED_UNIT((#386,#387));
#390=MEASURE_REPRESENTATION_ITEM('density measure',
POSITIVE_RATIO_MEASURE(1430.),#389);
#391=PROPERTY_DEFINITION_REPRESENTATION(#396,#393);
#392=PROPERTY_DEFINITION_REPRESENTATION(#397,#394);
#393=REPRESENTATION('material name',(#395),#7284);
#394=REPRESENTATION('density',(#390),#7284);
#395=DESCRIPTIVE_REPRESENTATION_ITEM('CFRP','CFRP');
#396=PROPERTY_DEFINITION('material property','material name',#7294);
#397=PROPERTY_DEFINITION('material property','density of part',#7294);
#398=AXIS2_PLACEMENT_3D('',#464,#420,#421);
#399=AXIS2_PLACEMENT_3D('',#465,#422,#423);
#400=AXIS2_PLACEMENT_3D('',#468,#424,#425);
#401=AXIS2_PLACEMENT_3D('',#470,#426,#427);
#402=AXIS2_PLACEMENT_3D('',#472,#428,#429);
#403=AXIS2_PLACEMENT_3D('',#474,#430,#431);
#404=AXIS2_PLACEMENT_3D('',#475,#432,#433);
#405=AXIS2_PLACEMENT_3D('',#555,#434,#435);
#406=AXIS2_PLACEMENT_3D('',#572,#436,#437);
#407=AXIS2_PLACEMENT_3D('',#730,#438,#439);
#408=AXIS2_PLACEMENT_3D('',#919,#440,#441);
#409=AXIS2_PLACEMENT_3D('',#1026,#442,#443);
#410=AXIS2_PLACEMENT_3D('',#1180,#444,#445);
#411=AXIS2_PLACEMENT_3D('',#1288,#446,#447);
#412=AXIS2_PLACEMENT_3D('',#1442,#448,#449);
#413=AXIS2_PLACEMENT_3D('',#1609,#450,#451);
#414=AXIS2_PLACEMENT_3D('',#1741,#452,#453);
#415=AXIS2_PLACEMENT_3D('',#5814,#454,#455);
#416=AXIS2_PLACEMENT_3D('',#6818,#456,#457);
#417=AXIS2_PLACEMENT_3D('',#6825,#458,#459);
#418=AXIS2_PLACEMENT_3D('',#6826,#460,#461);
#419=AXIS2_PLACEMENT_3D('',#6833,#462,#463);
#420=DIRECTION('axis',(0.,0.,1.));
#421=DIRECTION('refdir',(1.,0.,0.));
#422=DIRECTION('center_axis',(0.,1.,0.));
#423=DIRECTION('ref_axis',(0.,0.,-1.));
#424=DIRECTION('center_axis',(-6.12323399573677E-17,1.,7.38226218971533E-15));
#425=DIRECTION('ref_axis',(2.67091715588602E-18,7.38226218971533E-15,-1.));
#426=DIRECTION('center_axis',(-6.12323399573677E-17,1.,7.38226218971533E-15));
#427=DIRECTION('ref_axis',(2.67091715588602E-18,7.38226218971533E-15,-1.));
#428=DIRECTION('center_axis',(-6.12323399573677E-17,1.,7.38226218971533E-15));
#429=DIRECTION('ref_axis',(2.67091715588602E-18,7.38226218971533E-15,-1.));
#430=DIRECTION('center_axis',(1.,0.,-1.22464679914735E-16));
#431=DIRECTION('ref_axis',(1.22464679914735E-16,0.,1.));
#432=DIRECTION('center_axis',(-6.12323399573677E-17,1.,7.38226218971533E-15));
#433=DIRECTION('ref_axis',(2.67091715588602E-18,7.38226218971533E-15,-1.));
#434=DIRECTION('center_axis',(0.0198016391057139,0.999803928322312,0.));
#435=DIRECTION('ref_axis',(0.,0.,1.));
#436=DIRECTION('center_axis',(-0.665936148670045,-0.74600874384588,0.));
#437=DIRECTION('ref_axis',(0.694108072986892,-0.619606218692219,-0.366472532084402));
#438=DIRECTION('center_axis',(1.,-9.00341589191444E-15,-6.0500395026983E-21));
#439=DIRECTION('ref_axis',(6.0500395026983E-21,0.,1.));
#440=DIRECTION('center_axis',(0.0201175561588169,-0.999797621488568,0.));
#441=DIRECTION('ref_axis',(0.,0.,1.));
#442=DIRECTION('center_axis',(0.666047856372265,-0.745909011221818,0.));
#443=DIRECTION('ref_axis',(0.,0.,1.));
#444=DIRECTION('center_axis',(-0.282600757604169,-0.959237620092931,0.));
#445=DIRECTION('ref_axis',(0.,0.,1.));
#446=DIRECTION('center_axis',(-0.0743119791970083,-0.997235042378588,0.));
#447=DIRECTION('ref_axis',(0.,0.,1.));
#448=DIRECTION('center_axis',(-1.,-2.59165182885113E-12,-8.26996652764307E-21));
#449=DIRECTION('ref_axis',(-8.26999108070148E-21,9.473903143468E-15,1.));
#450=DIRECTION('center_axis',(-0.0747537448907391,0.997202024478897,0.));
#451=DIRECTION('ref_axis',(0.,0.,1.));
#452=DIRECTION('center_axis',(-0.28260075760414,0.959237620092939,0.));
#453=DIRECTION('ref_axis',(0.,0.,1.));
#454=DIRECTION('center_axis',(0.,0.,1.));
#455=DIRECTION('ref_axis',(1.,0.,0.));
#456=DIRECTION('center_axis',(0.,0.,1.));
#457=DIRECTION('ref_axis',(1.,0.,0.));
#458=DIRECTION('center_axis',(0.,0.,1.));
#459=DIRECTION('ref_axis',(1.,0.,0.));
#460=DIRECTION('center_axis',(0.,0.,1.));
#461=DIRECTION('ref_axis',(1.,0.,0.));
#462=DIRECTION('center_axis',(0.,0.,1.));
#463=DIRECTION('ref_axis',(1.,0.,0.));
#464=CARTESIAN_POINT('',(0.,0.,0.));
#465=CARTESIAN_POINT('Origin',(0.,1469.,64.0000000000001));
#466=CARTESIAN_POINT('',(38.5,1469.,64.));
#467=CARTESIAN_POINT('',(-3.3218439680791E-29,1469.,25.5000000000001));
#468=CARTESIAN_POINT('Origin',(0.,1469.,64.0000000000001));
#469=CARTESIAN_POINT('',(-38.5,1469.,64.));
#470=CARTESIAN_POINT('Origin',(0.,1469.,64.0000000000001));
#471=CARTESIAN_POINT('',(-2.19151550664463E-14,1469.,102.5));
#472=CARTESIAN_POINT('Origin',(0.,1469.,64.0000000000001));
#473=CARTESIAN_POINT('',(2.88703758162408E-31,1507.5,64.0000000000001));
#474=CARTESIAN_POINT('Origin',(0.,1469.,64.0000000000001));
#475=CARTESIAN_POINT('Origin',(0.,1469.,64.0000000000001));
#476=CARTESIAN_POINT('Ctrl Pts',(100.323280675293,-92.9920649647947,167.5));
#477=CARTESIAN_POINT('Ctrl Pts',(96.4336266262339,-97.3494135438266,167.5));
#478=CARTESIAN_POINT('Ctrl Pts',(91.0634174252134,-104.362074621696,167.5));
#479=CARTESIAN_POINT('Ctrl Pts',(85.2373058462409,-114.499900019111,167.5));
#480=CARTESIAN_POINT('Ctrl Pts',(81.6791020961928,-122.588477951348,167.5));
#481=CARTESIAN_POINT('Ctrl Pts',(80.0353061343656,-128.210437942204,167.5));
#482=CARTESIAN_POINT('Ctrl Pts',(79.3037962184637,-131.699586809167,167.5));
#483=CARTESIAN_POINT('Ctrl Pts',(79.0618864795209,-132.966417000269,167.5));
#484=CARTESIAN_POINT('Ctrl Pts',(78.5721953903446,-136.157138990339,167.5));
#485=CARTESIAN_POINT('Ctrl Pts',(78.3699036438855,-138.736810150733,167.5));
#486=CARTESIAN_POINT('Ctrl Pts',(78.3316305664707,-140.669254881394,167.5));
#487=CARTESIAN_POINT('Ctrl Pts',(102.397196999847,-94.8433781849558,167.5));
#488=CARTESIAN_POINT('Ctrl Pts',(98.4915686914034,-98.9920825467186,167.498898169507));
#489=CARTESIAN_POINT('Ctrl Pts',(93.0592764097103,-105.710673756712,167.500261998617));
#490=CARTESIAN_POINT('Ctrl Pts',(87.1381161877852,-115.460511974404,167.499719847195));
#491=CARTESIAN_POINT('Ctrl Pts',(83.5022680126041,-123.253400390609,167.499775681644));
#492=CARTESIAN_POINT('Ctrl Pts',(81.8038508869554,-128.675584416987,167.500002996691));
#493=CARTESIAN_POINT('Ctrl Pts',(81.0370900792611,-132.04161487653,167.500030952905));
#494=CARTESIAN_POINT('Ctrl Pts',(80.7854315023033,-133.262872500137,167.500024891415));
#495=CARTESIAN_POINT('Ctrl Pts',(80.2646750410725,-136.341755851812,167.499954963304));
#496=CARTESIAN_POINT('Ctrl Pts',(80.0324113615772,-138.833653369659,167.500035804755));
#497=CARTESIAN_POINT('Ctrl Pts',(79.9684340555278,-140.701672629573,167.5));
#498=CARTESIAN_POINT('Ctrl Pts',(106.541639206865,-98.5429780951375,165.912473399678));
#499=CARTESIAN_POINT('Ctrl Pts',(102.604092323094,-102.274450319992,166.089345353157));
#500=CARTESIAN_POINT('Ctrl Pts',(97.0494137776347,-108.406846842559,166.330948864362));
#501=CARTESIAN_POINT('Ctrl Pts',(90.9384931363704,-117.380969586859,166.584990081944));
#502=CARTESIAN_POINT('Ctrl Pts',(87.1477587122749,-124.582865767476,166.743468572287));
#503=CARTESIAN_POINT('Ctrl Pts',(85.3403951673654,-129.605706319391,166.82568200655));
#504=CARTESIAN_POINT('Ctrl Pts',(84.5032271477357,-132.725575416847,166.869092036836));
#505=CARTESIAN_POINT('Ctrl Pts',(84.2320893941354,-133.855701821728,166.882142170826));
#506=CARTESIAN_POINT('Ctrl Pts',(83.6492142468879,-136.71091746827,166.915872729431));
#507=CARTESIAN_POINT('Ctrl Pts',(83.3570968455824,-139.02733085679,166.940990691292));
#508=CARTESIAN_POINT('Ctrl Pts',(83.2417154185993,-140.766501676956,166.958973715585));
#509=CARTESIAN_POINT('Ctrl Pts',(110.888632843214,-102.42338864577,159.493108755619));
#510=CARTESIAN_POINT('Ctrl Pts',(107.115983837139,-105.894530140799,160.309726873343));
#511=CARTESIAN_POINT('Ctrl Pts',(101.695662712581,-111.567370498319,161.459675966318));
#512=CARTESIAN_POINT('Ctrl Pts',(95.6306049418794,-119.760718418229,162.711236976354));
#513=CARTESIAN_POINT('Ctrl Pts',(91.8124165826094,-126.291270318253,163.506768578337));
#514=CARTESIAN_POINT('Ctrl Pts',(89.9469762390426,-130.819193341349,163.925761534732));
#515=CARTESIAN_POINT('Ctrl Pts',(89.0606970853212,-133.624978354123,164.148208229153));
#516=CARTESIAN_POINT('Ctrl Pts',(88.7769078444762,-134.637667170346,164.215182465426));
#517=CARTESIAN_POINT('Ctrl Pts',(88.1452921782485,-137.202440792234,164.388736212713));
#518=CARTESIAN_POINT('Ctrl Pts',(87.79761316469,-139.286655732642,164.51839267979));
#519=CARTESIAN_POINT('Ctrl Pts',(87.6303495061336,-140.853420867716,164.611608131983));
#520=CARTESIAN_POINT('Ctrl Pts',(111.8560183635,-103.28694016976,152.388741799246));
#521=CARTESIAN_POINT('Ctrl Pts',(108.472469534654,-107.01459311189,153.720433701699));
#522=CARTESIAN_POINT('Ctrl Pts',(103.575819179888,-112.883452374889,155.694894769068));
#523=CARTESIAN_POINT('Ctrl Pts',(98.0036116486685,-120.978684831858,157.964841409594));
#524=CARTESIAN_POINT('Ctrl Pts',(94.4551810647082,-127.271336702537,159.45084311164));
#525=CARTESIAN_POINT('Ctrl Pts',(92.6967594880001,-131.546794746676,160.252505723422));
#526=CARTESIAN_POINT('Ctrl Pts',(91.8535711699865,-134.176294536438,160.681383458157));
#527=CARTESIAN_POINT('Ctrl Pts',(91.5838824301501,-135.121038139439,160.810774839873));
#528=CARTESIAN_POINT('Ctrl Pts',(90.9780566658277,-137.513950413549,161.147232378504));
#529=CARTESIAN_POINT('Ctrl Pts',(90.6359301104779,-139.45352594231,161.400143187501));
#530=CARTESIAN_POINT('Ctrl Pts',(90.4637602342046,-140.909538047381,161.582866611706));
#531=CARTESIAN_POINT('Ctrl Pts',(111.114918453491,-102.625385966915,148.2962156425));
#532=CARTESIAN_POINT('Ctrl Pts',(108.03952668519,-106.697943074644,149.756079320293));
#533=CARTESIAN_POINT('Ctrl Pts',(103.614463966072,-112.948827707189,152.041441043252));
#534=CARTESIAN_POINT('Ctrl Pts',(98.5468968553841,-121.269978145026,154.808723501174));
#535=CARTESIAN_POINT('Ctrl Pts',(95.3062301360474,-127.596758098427,156.672354865523));
#536=CARTESIAN_POINT('Ctrl Pts',(93.6944711734393,-131.813316346836,157.700610417719));
#537=CARTESIAN_POINT('Ctrl Pts',(92.9227772819365,-134.387460021152,158.254467898028));
#538=CARTESIAN_POINT('Ctrl Pts',(92.6749783543423,-135.309233583972,158.421844282122));
#539=CARTESIAN_POINT('Ctrl Pts',(92.1213334491901,-137.641072154701,158.858345097378));
#540=CARTESIAN_POINT('Ctrl Pts',(91.8116177081853,-139.523444501864,159.188551591065));
#541=CARTESIAN_POINT('Ctrl Pts',(91.6584100054424,-140.933198710195,159.428010362527));
#542=CARTESIAN_POINT('Ctrl Pts',(110.734901770096,-102.286158245178,147.002912018734));
#543=CARTESIAN_POINT('Ctrl Pts',(107.764183550041,-106.487566027509,148.479745458354));
#544=CARTESIAN_POINT('Ctrl Pts',(103.508275542658,-112.891138642902,150.836828804073));
#545=CARTESIAN_POINT('Ctrl Pts',(98.627433978503,-121.316565509505,153.746805337327));
#546=CARTESIAN_POINT('Ctrl Pts',(95.5038491761242,-127.674244924335,155.72565150366));
#547=CARTESIAN_POINT('Ctrl Pts',(93.9499783191798,-131.882019353469,156.826001468379));
#548=CARTESIAN_POINT('Ctrl Pts',(93.2070812095093,-134.443632145083,157.420052309831));
#549=CARTESIAN_POINT('Ctrl Pts',(92.9680306407722,-135.359834377068,157.599682673395));
#550=CARTESIAN_POINT('Ctrl Pts',(92.4357367305263,-137.676228765039,158.06860677918));
#551=CARTESIAN_POINT('Ctrl Pts',(92.14015844861,-139.54313560851,158.424086037916));
#552=CARTESIAN_POINT('Ctrl Pts',(91.995711778402,-140.939879148017,158.682204068135));
#553=CARTESIAN_POINT('',(78.3316305664707,-140.669254881394,167.5));
#554=CARTESIAN_POINT('',(91.995711778402,-140.939879148017,158.682204068135));
#555=CARTESIAN_POINT('Origin',(78.3316305664707,-140.669254881394,152.5));
#556=CARTESIAN_POINT('',(93.3384673358363,-133.983439778196,157.319339754112));
#557=CARTESIAN_POINT('Ctrl Pts',(91.995711778402,-140.939879148017,158.682204068135));
#558=CARTESIAN_POINT('Ctrl Pts',(92.14015844861,-139.54313560851,158.424086037916));
#559=CARTESIAN_POINT('Ctrl Pts',(92.4357367305263,-137.676228765039,158.06860677918));
#560=CARTESIAN_POINT('Ctrl Pts',(92.9677857968356,-135.360899869477,157.599898368562));
#561=CARTESIAN_POINT('Ctrl Pts',(93.2065314530478,-134.445739326986,157.420465451163));
#562=CARTESIAN_POINT('Ctrl Pts',(93.3404237405191,-133.983849239725,157.313426089959));
#563=CARTESIAN_POINT('',(110.734901770096,-102.286158245178,147.002912018734));
#564=CARTESIAN_POINT('Ctrl Pts',(93.3413499181395,-133.980654921099,157.312685571821));
#565=CARTESIAN_POINT('Ctrl Pts',(93.9499783191798,-131.882019353469,156.826001468379));
#566=CARTESIAN_POINT('Ctrl Pts',(95.5038491761242,-127.674244924335,155.72565150366));
#567=CARTESIAN_POINT('Ctrl Pts',(98.627433978503,-121.316565509505,153.746805337327));
#568=CARTESIAN_POINT('Ctrl Pts',(103.508275542658,-112.891138642902,150.836828804073));
#569=CARTESIAN_POINT('Ctrl Pts',(107.764183550041,-106.487566027509,148.479745458354));
#570=CARTESIAN_POINT('Ctrl Pts',(110.734901770096,-102.286158245178,147.002912018734));
#571=CARTESIAN_POINT('',(100.323280675293,-92.9920649647947,167.5));
#572=CARTESIAN_POINT('Origin',(100.323280675293,-92.9920649647947,152.5));
#573=CARTESIAN_POINT('Ctrl Pts',(100.323280675293,-92.9920649647947,167.5));
#574=CARTESIAN_POINT('Ctrl Pts',(96.4336266262339,-97.3494135438266,167.5));
#575=CARTESIAN_POINT('Ctrl Pts',(91.0634174252134,-104.362074621696,167.5));
#576=CARTESIAN_POINT('Ctrl Pts',(85.2373058462409,-114.499900019111,167.5));
#577=CARTESIAN_POINT('Ctrl Pts',(81.6791020961928,-122.588477951348,167.5));
#578=CARTESIAN_POINT('Ctrl Pts',(80.0353061343656,-128.210437942204,167.5));
#579=CARTESIAN_POINT('Ctrl Pts',(79.3037962184637,-131.699586809167,167.5));
#580=CARTESIAN_POINT('Ctrl Pts',(79.0618864795209,-132.966417000269,167.5));
#581=CARTESIAN_POINT('Ctrl Pts',(78.5721953903446,-136.157138990339,167.5));
#582=CARTESIAN_POINT('Ctrl Pts',(78.3699036438855,-138.736810150733,167.5));
#583=CARTESIAN_POINT('Ctrl Pts',(78.3316305664707,-140.669254881394,167.5));
#584=CARTESIAN_POINT('Ctrl Pts',(0.,-900.317739037227,167.242223598428));
#585=CARTESIAN_POINT('Ctrl Pts',(0.215685661870499,-900.317739037227,167.242223598428));
#586=CARTESIAN_POINT('Ctrl Pts',(0.714921899275762,-900.301845578185,167.240774995071));
#587=CARTESIAN_POINT('Ctrl Pts',(1.4897843307084,-900.236983665454,167.234879752276));
#588=CARTESIAN_POINT('Ctrl Pts',(2.98576381731407,-900.002488894484,167.213691511776));
#589=CARTESIAN_POINT('Ctrl Pts',(5.69973452952176,-899.131777938267,167.136090219973));
#590=CARTESIAN_POINT('Ctrl Pts',(8.89226340478494,-897.191309561097,166.970890912522));
#591=CARTESIAN_POINT('Ctrl Pts',(11.9229006047194,-894.455304085956,166.754727677449));
#592=CARTESIAN_POINT('Ctrl Pts',(15.3346563565782,-890.505076177506,166.464076017473));
#593=CARTESIAN_POINT('Ctrl Pts',(18.7581150694477,-885.30362733498,166.119040544189));
#594=CARTESIAN_POINT('Ctrl Pts',(23.2695043671388,-876.727212123587,165.616965391112));
#595=CARTESIAN_POINT('Ctrl Pts',(27.757865495265,-865.725998442833,165.074459119219));
#596=CARTESIAN_POINT('Ctrl Pts',(33.623094699681,-847.910630872108,164.34853448144));
#597=CARTESIAN_POINT('Ctrl Pts',(39.3978426431929,-825.421409978393,163.636551065876));
#598=CARTESIAN_POINT('Ctrl Pts',(45.6598626601479,-795.267931138708,162.898299145969));
#599=CARTESIAN_POINT('Ctrl Pts',(51.3153362687001,-761.986651851408,162.269474607485));
#600=CARTESIAN_POINT('Ctrl Pts',(56.5206058524077,-725.615212923561,161.726369968859));
#601=CARTESIAN_POINT('Ctrl Pts',(63.9825116326866,-664.870913152284,160.993862063398));
#602=CARTESIAN_POINT('Ctrl Pts',(71.983037378744,-579.644558024752,160.292258631605));
#603=CARTESIAN_POINT('Ctrl Pts',(79.5433218607268,-470.07637186419,159.682245502877));
#604=CARTESIAN_POINT('Ctrl Pts',(84.2432718750674,-378.675853593556,159.314939250198));
#605=CARTESIAN_POINT('Ctrl Pts',(88.7556947721438,-268.985591225398,158.957757157572));
#606=CARTESIAN_POINT('Ctrl Pts',(90.8637393887628,-195.817524180616,158.781867588444));
#607=CARTESIAN_POINT('Ctrl Pts',(91.9957117784013,-140.939879148047,158.682204068135));
#608=CARTESIAN_POINT('Ctrl Pts',(1.00132317701046E-15,-899.796402028938,
167.340141896651));
#609=CARTESIAN_POINT('Ctrl Pts',(0.201952816185136,-899.796402028938,167.340141896651));
#610=CARTESIAN_POINT('Ctrl Pts',(0.669434041892946,-899.780592734506,167.339241589486));
#611=CARTESIAN_POINT('Ctrl Pts',(1.39513308866406,-899.716074265971,167.335579086966));
#612=CARTESIAN_POINT('Ctrl Pts',(2.79666708995037,-899.482816838112,167.322413121336));
#613=CARTESIAN_POINT('Ctrl Pts',(5.34217883230013,-898.616660690874,167.274176908165));
#614=CARTESIAN_POINT('Ctrl Pts',(8.34649641771656,-896.685978195522,167.171314957118));
#615=CARTESIAN_POINT('Ctrl Pts',(11.2120364747401,-893.962891075938,167.036327107182));
#616=CARTESIAN_POINT('Ctrl Pts',(14.4525230070838,-890.030134751019,166.854290670406));
#617=CARTESIAN_POINT('Ctrl Pts',(17.7256738089603,-884.849544772037,166.637131253732));
#618=CARTESIAN_POINT('Ctrl Pts',(22.0682161258417,-876.303618021993,166.319464241956));
#619=CARTESIAN_POINT('Ctrl Pts',(26.4266617022691,-865.335392408937,165.973268663417));
#620=CARTESIAN_POINT('Ctrl Pts',(32.1654772525292,-847.564086642375,165.506274754407));
#621=CARTESIAN_POINT('Ctrl Pts',(37.8649950960143,-825.117652153816,165.042498500543));
#622=CARTESIAN_POINT('Ctrl Pts',(44.0825346355794,-795.007866771761,164.556580060913));
#623=CARTESIAN_POINT('Ctrl Pts',(49.7251646763239,-761.763006799096,164.13783243922));
#624=CARTESIAN_POINT('Ctrl Pts',(54.9341585921943,-725.422364236365,163.773006935796));
#625=CARTESIAN_POINT('Ctrl Pts',(62.4179357048209,-664.718713630592,163.276740936291));
#626=CARTESIAN_POINT('Ctrl Pts',(70.4638352326911,-579.529808804839,162.794483020682));
#627=CARTESIAN_POINT('Ctrl Pts',(78.0782625254139,-469.993446942221,162.37048008953));
#628=CARTESIAN_POINT('Ctrl Pts',(82.8174127421675,-378.612066102619,162.112727261243));
#629=CARTESIAN_POINT('Ctrl Pts',(87.3711156635538,-268.941046005394,161.861153681083));
#630=CARTESIAN_POINT('Ctrl Pts',(89.5012032281416,-195.783281801461,161.736101890818));
#631=CARTESIAN_POINT('Ctrl Pts',(90.6465046865632,-140.913157396757,161.665429245705));
#632=CARTESIAN_POINT('Ctrl Pts',(2.77111122528654E-15,-898.874965246513,
167.463053843856));
#633=CARTESIAN_POINT('Ctrl Pts',(0.177680608646109,-898.874965246513,167.463053843856));
#634=CARTESIAN_POINT('Ctrl Pts',(0.589034830112527,-898.859252946075,167.462845587997));
#635=CARTESIAN_POINT('Ctrl Pts',(1.2278055808392,-898.795130297874,167.461997838072));
#636=CARTESIAN_POINT('Ctrl Pts',(2.46217402278932,-898.563301785617,167.458950260083));
#637=CARTESIAN_POINT('Ctrl Pts',(4.7082009007377,-897.702426974604,167.447781049841));
#638=CARTESIAN_POINT('Ctrl Pts',(7.37257649438795,-895.78322449284,167.423931226438));
#639=CARTESIAN_POINT('Ctrl Pts',(9.93192785886925,-893.075547581224,167.3925425907));
#640=CARTESIAN_POINT('Ctrl Pts',(12.8455247762543,-889.163958233524,167.350092109138));
#641=CARTESIAN_POINT('Ctrl Pts',(15.817274666468,-884.009245767827,167.299269393444));
#642=CARTESIAN_POINT('Ctrl Pts',(19.7993573431223,-875.502154780815,167.224506417306));
#643=CARTESIAN_POINT('Ctrl Pts',(23.8486803017438,-864.577650952048,167.142530678201));
#644=CARTESIAN_POINT('Ctrl Pts',(29.2421490321926,-846.867175204586,167.030965449821));
#645=CARTESIAN_POINT('Ctrl Pts',(34.6724613900258,-824.483453668881,166.919127248985));
#646=CARTESIAN_POINT('Ctrl Pts',(40.655558751169,-794.441453697922,166.800606971246));
#647=CARTESIAN_POINT('Ctrl Pts',(46.1325239650248,-761.256748164532,166.697501878919));
#648=CARTESIAN_POINT('Ctrl Pts',(51.2174733293335,-724.969815619016,166.606808433254));
#649=CARTESIAN_POINT('Ctrl Pts',(58.5561828180744,-664.340995362717,166.482494678217));
#650=CARTESIAN_POINT('Ctrl Pts',(66.4953345894335,-579.228322367905,166.36005267391));
#651=CARTESIAN_POINT('Ctrl Pts',(74.035748493709,-469.763586391912,166.251136269288));
#652=CARTESIAN_POINT('Ctrl Pts',(78.7394870863603,-378.429214999854,166.184372811546));
#653=CARTESIAN_POINT('Ctrl Pts',(83.2621664085453,-268.808306052646,166.118842625435));
#654=CARTESIAN_POINT('Ctrl Pts',(85.3806412283989,-195.679242339166,166.086181526066));
#655=CARTESIAN_POINT('Ctrl Pts',(86.5190908873718,-140.831411810272,166.067552753661));
#656=CARTESIAN_POINT('Ctrl Pts',(4.55406803220542E-15,-897.946672174937,
167.5));
#657=CARTESIAN_POINT('Ctrl Pts',(0.15322782755538,-897.946672174937,167.5));
#658=CARTESIAN_POINT('Ctrl Pts',(0.508035959477678,-897.931018619082,167.499999983347));
#659=CARTESIAN_POINT('Ctrl Pts',(1.05920564816457,-897.867136331856,167.499999974285));
#660=CARTESIAN_POINT('Ctrl Pts',(2.12498461099482,-897.636178322467,167.499999913012));
#661=CARTESIAN_POINT('Ctrl Pts',(4.06798478020712,-896.778543792772,167.499999717498));
#662=CARTESIAN_POINT('Ctrl Pts',(6.38438180595329,-894.866514733876,167.499999040962));
#663=CARTESIAN_POINT('Ctrl Pts',(8.62434603860985,-892.168717454557,167.49999887176));
#664=CARTESIAN_POINT('Ctrl Pts',(11.1901688891934,-888.271010338495,167.499999787129));
#665=CARTESIAN_POINT('Ctrl Pts',(13.8306440048639,-883.133807527398,167.499998078926));
#666=CARTESIAN_POINT('Ctrl Pts',(17.4011801230352,-874.653964497021,167.500002674863));
#667=CARTESIAN_POINT('Ctrl Pts',(21.0755829549624,-863.761612567706,167.499996195843));
#668=CARTESIAN_POINT('Ctrl Pts',(26.0223104279168,-846.098184399457,167.500009419755));
#669=CARTESIAN_POINT('Ctrl Pts',(31.0671555647624,-823.766132168349,167.499993372951));
#670=CARTESIAN_POINT('Ctrl Pts',(36.6805975189551,-793.78347579144,167.500006457983));
#671=CARTESIAN_POINT('Ctrl Pts',(41.8642843107312,-760.654594013156,167.499992192609));
#672=CARTESIAN_POINT('Ctrl Pts',(46.7067132604943,-724.42006355563,167.500001928436));
#673=CARTESIAN_POINT('Ctrl Pts',(53.7303886310164,-663.867562875615,167.500010288247));
#674=CARTESIAN_POINT('Ctrl Pts',(61.3835799566653,-578.838845766335,167.49999013637));
#675=CARTESIAN_POINT('Ctrl Pts',(68.6834284038621,-469.458540702523,167.500010538646));
#676=CARTESIAN_POINT('Ctrl Pts',(73.2460360119788,-378.18267615168,167.499986039399));
#677=CARTESIAN_POINT('Ctrl Pts',(77.6328105389939,-268.626011381761,167.500030020225));
#678=CARTESIAN_POINT('Ctrl Pts',(79.6855969787321,-195.535375224279,167.499936652944));
#679=CARTESIAN_POINT('Ctrl Pts',(80.7868358000558,-140.717881503693,167.5));
#680=CARTESIAN_POINT('Ctrl Pts',(5.31819195599185E-15,-897.548832506851,
167.5));
#681=CARTESIAN_POINT('Ctrl Pts',(0.142748081417527,-897.548832506851,167.5));
#682=CARTESIAN_POINT('Ctrl Pts',(0.473322164031267,-897.533204113318,167.5));
#683=CARTESIAN_POINT('Ctrl Pts',(0.986948554553873,-897.469424846182,167.5));
#684=CARTESIAN_POINT('Ctrl Pts',(1.98047477011169,-897.238839908755,167.5));
#685=CARTESIAN_POINT('Ctrl Pts',(3.79360588191557,-896.382594125419,167.5));
#686=CARTESIAN_POINT('Ctrl Pts',(5.96086778024388,-894.473639397043,167.5));
#687=CARTESIAN_POINT('Ctrl Pts',(8.06395276703826,-891.780077424621,167.5));
#688=CARTESIAN_POINT('Ctrl Pts',(10.480735517625,-887.888322863382,167.5));
#689=CARTESIAN_POINT('Ctrl Pts',(12.9792383054811,-882.758625777021,167.5));
#690=CARTESIAN_POINT('Ctrl Pts',(16.3734262233188,-874.290469082754,167.5));
#691=CARTESIAN_POINT('Ctrl Pts',(19.8871593324602,-863.41189849544,167.5));
#692=CARTESIAN_POINT('Ctrl Pts',(24.6425131539583,-845.768649808546,167.5));
#693=CARTESIAN_POINT('Ctrl Pts',(29.5221929015699,-823.458744463087,167.5));
#694=CARTESIAN_POINT('Ctrl Pts',(34.977346752253,-793.501536747988,167.5));
#695=CARTESIAN_POINT('Ctrl Pts',(40.0354213118794,-760.396583532702,167.5));
#696=CARTESIAN_POINT('Ctrl Pts',(44.7740491570193,-724.184519893921,167.5));
#697=CARTESIAN_POINT('Ctrl Pts',(51.6628975374899,-663.664731751105,167.5));
#698=CARTESIAN_POINT('Ctrl Pts',(59.1937039696702,-578.671998071941,167.5));
#699=CARTESIAN_POINT('Ctrl Pts',(66.3906880125729,-469.327867977908,167.5));
#700=CARTESIAN_POINT('Ctrl Pts',(70.8929058509244,-378.077075494143,167.5));
#701=CARTESIAN_POINT('Ctrl Pts',(75.2216403491813,-268.547922480095,167.5));
#702=CARTESIAN_POINT('Ctrl Pts',(77.2461985058251,-195.47377042512,167.5));
#703=CARTESIAN_POINT('Ctrl Pts',(78.3316305664701,-140.669254881424,167.5));
#704=CARTESIAN_POINT('',(5.31828270658452E-15,-897.548832506851,167.5));
#705=CARTESIAN_POINT('Ctrl Pts',(78.3316305664701,-140.669254881424,167.5));
#706=CARTESIAN_POINT('Ctrl Pts',(77.2461985058251,-195.47377042512,167.5));
#707=CARTESIAN_POINT('Ctrl Pts',(75.2216403491813,-268.547922480095,167.5));
#708=CARTESIAN_POINT('Ctrl Pts',(70.8929058509244,-378.077075494143,167.5));
#709=CARTESIAN_POINT('Ctrl Pts',(66.3906880125729,-469.327867977908,167.5));
#710=CARTESIAN_POINT('Ctrl Pts',(59.1937039696702,-578.671998071941,167.5));
#711=CARTESIAN_POINT('Ctrl Pts',(51.6628975374899,-663.664731751105,167.5));
#712=CARTESIAN_POINT('Ctrl Pts',(44.7740491570193,-724.184519893921,167.5));
#713=CARTESIAN_POINT('Ctrl Pts',(40.0354213118794,-760.396583532702,167.5));
#714=CARTESIAN_POINT('Ctrl Pts',(34.977346752253,-793.501536747988,167.5));
#715=CARTESIAN_POINT('Ctrl Pts',(29.5221929015699,-823.458744463087,167.5));
#716=CARTESIAN_POINT('Ctrl Pts',(24.6425131539583,-845.768649808546,167.5));
#717=CARTESIAN_POINT('Ctrl Pts',(19.8871593324602,-863.41189849544,167.5));
#718=CARTESIAN_POINT('Ctrl Pts',(16.3734262233188,-874.290469082754,167.5));
#719=CARTESIAN_POINT('Ctrl Pts',(12.9792383054811,-882.758625777021,167.5));
#720=CARTESIAN_POINT('Ctrl Pts',(10.480735517625,-887.888322863382,167.5));
#721=CARTESIAN_POINT('Ctrl Pts',(8.06395276703826,-891.780077424621,167.5));
#722=CARTESIAN_POINT('Ctrl Pts',(5.96086778024388,-894.473639397043,167.5));
#723=CARTESIAN_POINT('Ctrl Pts',(3.79360588191557,-896.382594125419,167.5));
#724=CARTESIAN_POINT('Ctrl Pts',(1.98047477011169,-897.238839908755,167.5));
#725=CARTESIAN_POINT('Ctrl Pts',(0.986948554553873,-897.469424846182,167.5));
#726=CARTESIAN_POINT('Ctrl Pts',(0.473322164031267,-897.533204113318,167.5));
#727=CARTESIAN_POINT('Ctrl Pts',(0.142748081417527,-897.548832506851,167.5));
#728=CARTESIAN_POINT('Ctrl Pts',(5.31819195599185E-15,-897.548832506851,
167.5));
#729=CARTESIAN_POINT('',(-1.9611335911783E-14,-900.317739037227,167.242223598428));
#730=CARTESIAN_POINT('Origin',(5.31819195599198E-15,-897.548832506851,152.5));
#731=CARTESIAN_POINT('Ctrl Pts',(0.,-900.317739037227,167.242223598428));
#732=CARTESIAN_POINT('Ctrl Pts',(0.215685661870499,-900.317739037227,167.242223598428));
#733=CARTESIAN_POINT('Ctrl Pts',(0.714921899275762,-900.301845578185,167.240774995071));
#734=CARTESIAN_POINT('Ctrl Pts',(1.4897843307084,-900.236983665454,167.234879752276));
#735=CARTESIAN_POINT('Ctrl Pts',(2.98576381731407,-900.002488894484,167.213691511776));
#736=CARTESIAN_POINT('Ctrl Pts',(5.69973452952176,-899.131777938267,167.136090219973));
#737=CARTESIAN_POINT('Ctrl Pts',(8.89226340478494,-897.191309561097,166.970890912522));
#738=CARTESIAN_POINT('Ctrl Pts',(11.9229006047194,-894.455304085956,166.754727677449));
#739=CARTESIAN_POINT('Ctrl Pts',(15.3346563565782,-890.505076177506,166.464076017473));
#740=CARTESIAN_POINT('Ctrl Pts',(18.7581150694477,-885.30362733498,166.119040544189));
#741=CARTESIAN_POINT('Ctrl Pts',(23.2695043671388,-876.727212123587,165.616965391112));
#742=CARTESIAN_POINT('Ctrl Pts',(27.757865495265,-865.725998442833,165.074459119219));
#743=CARTESIAN_POINT('Ctrl Pts',(33.623094699681,-847.910630872108,164.34853448144));
#744=CARTESIAN_POINT('Ctrl Pts',(39.3978426431929,-825.421409978393,163.636551065876));
#745=CARTESIAN_POINT('Ctrl Pts',(45.6598626601479,-795.267931138708,162.898299145969));
#746=CARTESIAN_POINT('Ctrl Pts',(51.3153362687001,-761.986651851408,162.269474607485));
#747=CARTESIAN_POINT('Ctrl Pts',(56.5206058524077,-725.615212923561,161.726369968859));
#748=CARTESIAN_POINT('Ctrl Pts',(63.9825116326866,-664.870913152284,160.993862063398));
#749=CARTESIAN_POINT('Ctrl Pts',(71.983037378744,-579.644558024752,160.292258631605));
#750=CARTESIAN_POINT('Ctrl Pts',(79.5433218607268,-470.07637186419,159.682245502877));
#751=CARTESIAN_POINT('Ctrl Pts',(84.2432718750674,-378.675853593556,159.314939250198));
#752=CARTESIAN_POINT('Ctrl Pts',(88.7556947721438,-268.985591225398,158.957757157572));
#753=CARTESIAN_POINT('Ctrl Pts',(90.8637393887628,-195.817524180616,158.781867588444));
#754=CARTESIAN_POINT('Ctrl Pts',(91.9957117784013,-140.939879148047,158.682204068135));
#755=CARTESIAN_POINT('Ctrl Pts',(-91.9692294641568,-140.908112878081,158.682856330957));
#756=CARTESIAN_POINT('Ctrl Pts',(-91.2028968518444,-177.49346862412,158.749542578615));
#757=CARTESIAN_POINT('Ctrl Pts',(-89.7453710647808,-232.368097634427,158.871713838979));
#758=CARTESIAN_POINT('Ctrl Pts',(-86.5171349533016,-323.79521254551,159.128077534526));
#759=CARTESIAN_POINT('Ctrl Pts',(-83.2430006019669,-396.926788835554,159.380314656497));
#760=CARTESIAN_POINT('Ctrl Pts',(-78.116733361446,-488.315681194117,159.774706367048));
#761=CARTESIAN_POINT('Ctrl Pts',(-71.766075984134,-579.610920181286,160.276217381144));
#762=CARTESIAN_POINT('Ctrl Pts',(-63.7849296724825,-664.773575403521,160.960082072343));
#763=CARTESIAN_POINT('Ctrl Pts',(-54.8190176003999,-737.688932589213,161.83120368539));
#764=CARTESIAN_POINT('Ctrl Pts',(-47.9672125469221,-783.170424706493,162.557579034754));
#765=CARTESIAN_POINT('Ctrl Pts',(-39.3048628583044,-825.393813354906,163.586687840326));
#766=CARTESIAN_POINT('Ctrl Pts',(-33.5484166449816,-847.883072695764,164.307441457109));
#767=CARTESIAN_POINT('Ctrl Pts',(-27.7298167567562,-865.679281563645,165.041216707239));
#768=CARTESIAN_POINT('Ctrl Pts',(-23.2691445510266,-876.668012968922,165.59152573411));
#769=CARTESIAN_POINT('Ctrl Pts',(-18.7593950768501,-885.280857121893,166.103570952344));
#770=CARTESIAN_POINT('Ctrl Pts',(-15.3378244835911,-890.488948646709,166.454584823227));
#771=CARTESIAN_POINT('Ctrl Pts',(-11.9384652224599,-894.436568721134,166.748900058463));
#772=CARTESIAN_POINT('Ctrl Pts',(-9.39964689421696,-896.732070358532,166.932461603071));
#773=CARTESIAN_POINT('Ctrl Pts',(-7.28574465771639,-898.147756497852,167.051512205496));
#774=CARTESIAN_POINT('Ctrl Pts',(-5.95432358395833,-898.866479475503,167.113368237731));
#775=CARTESIAN_POINT('Ctrl Pts',(-4.90055346874939,-899.342966251374,167.154995519135));
#776=CARTESIAN_POINT('Ctrl Pts',(-3.76241890729049,-899.754916089715,167.191485621808));
#777=CARTESIAN_POINT('Ctrl Pts',(-2.54356060566916,-900.071055035923,167.219844297235));
#778=CARTESIAN_POINT('Ctrl Pts',(-1.5730667676805,-900.228112959069,167.234069373339));
#779=CARTESIAN_POINT('Ctrl Pts',(-0.691106286594814,-900.305004298259,167.24106065827));
#780=CARTESIAN_POINT('Ctrl Pts',(-0.215684820321559,-900.317739037226,167.242223598428));
#781=CARTESIAN_POINT('Ctrl Pts',(-3.92226718235661E-14,-900.317739037226,
167.242223598428));
#782=CARTESIAN_POINT('Ctrl Pts',(-90.619944729742,-140.880963072216,161.665892860057));
#783=CARTESIAN_POINT('Ctrl Pts',(-89.8446973271801,-177.461238067255,161.713180349904));
#784=CARTESIAN_POINT('Ctrl Pts',(-88.3719053934666,-232.328105151352,161.800052978791));
#785=CARTESIAN_POINT('Ctrl Pts',(-85.1124060960792,-323.74072840198,161.981193995168));
#786=CARTESIAN_POINT('Ctrl Pts',(-81.8101132182286,-396.858799069604,162.158728372224));
#787=CARTESIAN_POINT('Ctrl Pts',(-76.6431888969574,-488.226888533159,162.434771695868));
#788=CARTESIAN_POINT('Ctrl Pts',(-70.2489642337008,-579.495629117305,162.783290819232));
#789=CARTESIAN_POINT('Ctrl Pts',(-62.2215201221681,-664.621503006467,163.25372222461));
#790=CARTESIAN_POINT('Ctrl Pts',(-53.2303006184775,-737.488399732012,163.844003447963));
#791=CARTESIAN_POINT('Ctrl Pts',(-46.3733350377556,-782.928592711447,164.331638604288));
#792=CARTESIAN_POINT('Ctrl Pts',(-37.7675799570223,-825.091561660678,165.009954479734));
#793=CARTESIAN_POINT('Ctrl Pts',(-32.0856266293058,-847.537871377081,165.479646449941));
#794=CARTESIAN_POINT('Ctrl Pts',(-26.391882950041,-865.289930995909,165.951985997787));
#795=CARTESIAN_POINT('Ctrl Pts',(-22.0607882235734,-876.245467327296,166.303308825968));
#796=CARTESIAN_POINT('Ctrl Pts',(-17.7209667494214,-884.827429248786,166.627380662387));
#797=CARTESIAN_POINT('Ctrl Pts',(-14.4510318487907,-890.014423018548,166.848344821895));
#798=CARTESIAN_POINT('Ctrl Pts',(-11.2236589076359,-893.944429664675,167.032696070129));
#799=CARTESIAN_POINT('Ctrl Pts',(-8.82423317802994,-896.229002167805,167.147340128984));
#800=CARTESIAN_POINT('Ctrl Pts',(-6.83365598058426,-897.637635282937,167.221520187773));
#801=CARTESIAN_POINT('Ctrl Pts',(-5.58207182361715,-898.352705131089,167.260024020148));
#802=CARTESIAN_POINT('Ctrl Pts',(-4.59251946963845,-898.826739354767,167.285920733771));
#803=CARTESIAN_POINT('Ctrl Pts',(-3.52475007511538,-899.23654513735,167.308610077737));
#804=CARTESIAN_POINT('Ctrl Pts',(-2.38223157714621,-899.55102302697,167.326235534082));
#805=CARTESIAN_POINT('Ctrl Pts',(-1.47308366385206,-899.70725069599,167.335075406606));
#806=CARTESIAN_POINT('Ctrl Pts',(-0.647116789415857,-899.783734767887,167.339418932319));
#807=CARTESIAN_POINT('Ctrl Pts',(-0.201952028218131,-899.796402028938,167.340141896651));
#808=CARTESIAN_POINT('Ctrl Pts',(-4.0237850401521E-14,-899.796402028938,
167.340141896651));
#809=CARTESIAN_POINT('Ctrl Pts',(-86.4925966940345,-140.797914109273,166.067674488125));
#810=CARTESIAN_POINT('Ctrl Pts',(-85.7219431861897,-177.363133021163,166.080138962677));
#811=CARTESIAN_POINT('Ctrl Pts',(-84.2572721454866,-232.208110363064,166.102831286833));
#812=CARTESIAN_POINT('Ctrl Pts',(-81.0178981199245,-323.581531740873,166.150165744108));
#813=CARTESIAN_POINT('Ctrl Pts',(-77.7383167352457,-396.665174846316,166.19629713561));
#814=CARTESIAN_POINT('Ctrl Pts',(-72.6117180838964,-487.983240805163,166.267670618543));
#815=CARTESIAN_POINT('Ctrl Pts',(-66.279410121907,-579.192475143845,166.357150428788));
#816=CARTESIAN_POINT('Ctrl Pts',(-58.3535623068945,-664.243044403113,166.476713196211));
#817=CARTESIAN_POINT('Ctrl Pts',(-49.5357918123839,-737.020783788349,166.624594143863));
#818=CARTESIAN_POINT('Ctrl Pts',(-42.8440085339014,-782.389706089023,166.745649503493));
#819=CARTESIAN_POINT('Ctrl Pts',(-34.5574822304655,-824.458713690331,166.911249083295));
#820=CARTESIAN_POINT('Ctrl Pts',(-29.1457608153824,-846.842223707714,167.024572774974));
#821=CARTESIAN_POINT('Ctrl Pts',(-23.7968673404093,-864.533431039894,167.137473998634));
#822=CARTESIAN_POINT('Ctrl Pts',(-19.776029267615,-875.445069725082,167.220692953424));
#823=CARTESIAN_POINT('Ctrl Pts',(-15.8002854128473,-883.987780893898,167.296982583887));
#824=CARTESIAN_POINT('Ctrl Pts',(-12.8349017798118,-889.148658203106,167.34869868042));
#825=CARTESIAN_POINT('Ctrl Pts',(-9.93616653714736,-893.057365066071,167.391693545034));
#826=CARTESIAN_POINT('Ctrl Pts',(-7.79533662425316,-895.328919136748,167.418347785008));
#827=CARTESIAN_POINT('Ctrl Pts',(-6.02877682193197,-896.729252215813,167.435565366236));
#828=CARTESIAN_POINT('Ctrl Pts',(-4.92088161117515,-897.440047491027,167.444495168148));
#829=CARTESIAN_POINT('Ctrl Pts',(-4.04629382891593,-897.911222467431,167.45049771778));
#830=CARTESIAN_POINT('Ctrl Pts',(-3.10391195369184,-898.318537391833,167.455754038106));
#831=CARTESIAN_POINT('Ctrl Pts',(-2.09688403022544,-898.631092212668,167.459835439517));
#832=CARTESIAN_POINT('Ctrl Pts',(-1.29632518366203,-898.786361099677,167.461881289459));
#833=CARTESIAN_POINT('Ctrl Pts',(-0.569368600252416,-898.862375770786,167.462886705303));
#834=CARTESIAN_POINT('Ctrl Pts',(-0.177679915382843,-898.874965246515,167.463053843879));
#835=CARTESIAN_POINT('Ctrl Pts',(-4.20321271698762E-14,-898.874965246515,
167.463053843879));
#836=CARTESIAN_POINT('Ctrl Pts',(-80.7606169535605,-140.682577343647,167.5));
#837=CARTESIAN_POINT('Ctrl Pts',(-80.0148725650932,-177.22731147402,167.499957620881));
#838=CARTESIAN_POINT('Ctrl Pts',(-78.5959066088841,-232.042811714853,167.500023546214));
#839=CARTESIAN_POINT('Ctrl Pts',(-75.4532210882198,-323.364977097865,167.499989556755));
#840=CARTESIAN_POINT('Ctrl Pts',(-72.2700992216594,-396.40485328823,167.500004735975));
#841=CARTESIAN_POINT('Ctrl Pts',(-67.2958250189619,-487.661525500138,167.499997605163));
#842=CARTESIAN_POINT('Ctrl Pts',(-61.162152870766,-578.800635960397,167.500002865976));
#843=CARTESIAN_POINT('Ctrl Pts',(-53.5135730323471,-663.767993145744,167.499999666884));
#844=CARTESIAN_POINT('Ctrl Pts',(-45.0715368260572,-736.454799950451,167.500004087992));
#845=CARTESIAN_POINT('Ctrl Pts',(-38.7027093283192,-781.754974388474,167.500002281975));
#846=CARTESIAN_POINT('Ctrl Pts',(-30.9263183985701,-823.741623918028,167.499994326437));
#847=CARTESIAN_POINT('Ctrl Pts',(-25.9031411845702,-846.073563372753,167.500009081025));
#848=CARTESIAN_POINT('Ctrl Pts',(-21.0024822807997,-863.717843197742,167.499996192885));
#849=CARTESIAN_POINT('Ctrl Pts',(-17.359151349828,-874.597325151312,167.50000289183));
#850=CARTESIAN_POINT('Ctrl Pts',(-13.7999665752349,-883.112603097842,167.499998212067));
#851=CARTESIAN_POINT('Ctrl Pts',(-11.1696716067767,-888.255880759355,167.500000330163));
#852=CARTESIAN_POINT('Ctrl Pts',(-8.62084161510324,-892.150664057004,167.499999354188));
#853=CARTESIAN_POINT('Ctrl Pts',(-6.74982459772426,-894.413898566049,167.499999984945));
#854=CARTESIAN_POINT('Ctrl Pts',(-5.21351477642877,-895.809017992004,167.499999941806));
#855=CARTESIAN_POINT('Ctrl Pts',(-4.25232181647762,-896.51715107905,167.49999987858));
#856=CARTESIAN_POINT('Ctrl Pts',(-3.49465476660866,-896.986555685909,167.499999857515));
#857=CARTESIAN_POINT('Ctrl Pts',(-2.6793611883781,-897.392337207369,167.499999871806));
#858=CARTESIAN_POINT('Ctrl Pts',(-1.8092561442036,-897.703714981354,167.499999896959));
#859=CARTESIAN_POINT('Ctrl Pts',(-1.11821860637644,-897.858400133635,167.499999969103));
#860=CARTESIAN_POINT('Ctrl Pts',(-0.49104241317042,-897.934129739719,167.499999978018));
#861=CARTESIAN_POINT('Ctrl Pts',(-0.153227229700402,-897.946672174937,167.5));
#862=CARTESIAN_POINT('Ctrl Pts',(-4.38397549142092E-14,-897.946672174937,
167.5));
#863=CARTESIAN_POINT('Ctrl Pts',(-78.3055294584551,-140.633176985684,167.5));
#864=CARTESIAN_POINT('Ctrl Pts',(-77.5703662379576,-177.169147653312,167.5));
#865=CARTESIAN_POINT('Ctrl Pts',(-76.1710426312325,-231.97200478042,167.5));
#866=CARTESIAN_POINT('Ctrl Pts',(-73.0696415223046,-323.272221596784,167.5));
#867=CARTESIAN_POINT('Ctrl Pts',(-69.927788103391,-396.293343080026,167.5));
#868=CARTESIAN_POINT('Ctrl Pts',(-65.0186453515976,-487.523713520317,167.5));
#869=CARTESIAN_POINT('Ctrl Pts',(-58.9699441747805,-578.632773910248,167.5));
#870=CARTESIAN_POINT('Ctrl Pts',(-51.4399895144042,-663.564470540526,167.5));
#871=CARTESIAN_POINT('Ctrl Pts',(-43.1587804698142,-736.212298452908,167.5));
#872=CARTESIAN_POINT('Ctrl Pts',(-36.9282120090197,-781.483002237531,167.5));
#873=CARTESIAN_POINT('Ctrl Pts',(-29.3702818917404,-823.434336900219,167.5));
#874=CARTESIAN_POINT('Ctrl Pts',(-24.5135832218437,-845.74417071729,167.5));
#875=CARTESIAN_POINT('Ctrl Pts',(-19.8049372449603,-863.368322539352,167.5));
#876=CARTESIAN_POINT('Ctrl Pts',(-16.3233844329077,-874.234021137071,167.5));
#877=CARTESIAN_POINT('Ctrl Pts',(-12.9426952321286,-882.737533181955,167.5));
#878=CARTESIAN_POINT('Ctrl Pts',(-10.4560079924243,-887.873266942847,167.5));
#879=CARTESIAN_POINT('Ctrl Pts',(-8.05713120201662,-891.762079884432,167.5));
#880=CARTESIAN_POINT('Ctrl Pts',(-6.30174875249024,-894.021748401972,167.5));
#881=CARTESIAN_POINT('Ctrl Pts',(-4.86411698488077,-895.414632775581,167.5));
#882=CARTESIAN_POINT('Ctrl Pts',(-3.96579612244324,-896.121624583205,167.5));
#883=CARTESIAN_POINT('Ctrl Pts',(-3.25823784225271,-896.590270271865,167.5));
#884=CARTESIAN_POINT('Ctrl Pts',(-2.49741067732756,-896.995394505131,167.5));
#885=CARTESIAN_POINT('Ctrl Pts',(-1.6859869031172,-897.30626776604,167.5));
#886=CARTESIAN_POINT('Ctrl Pts',(-1.0418872274975,-897.460702785423,167.5));
#887=CARTESIAN_POINT('Ctrl Pts',(-0.457474039025792,-897.536310210022,167.5));
#888=CARTESIAN_POINT('Ctrl Pts',(-0.142747524451748,-897.548832506851,167.5));
#889=CARTESIAN_POINT('Ctrl Pts',(-4.46144520910455E-14,-897.548832506851,
167.5));
#890=CARTESIAN_POINT('',(-78.3055294584551,-140.633176985684,167.5));
#891=CARTESIAN_POINT('Ctrl Pts',(-4.46144520910455E-14,-897.548832506851,
167.5));
#892=CARTESIAN_POINT('Ctrl Pts',(-0.142747524451748,-897.548832506851,167.5));
#893=CARTESIAN_POINT('Ctrl Pts',(-0.457474039025792,-897.536310210022,167.5));
#894=CARTESIAN_POINT('Ctrl Pts',(-1.0418872274975,-897.460702785423,167.5));
#895=CARTESIAN_POINT('Ctrl Pts',(-1.6859869031172,-897.30626776604,167.5));
#896=CARTESIAN_POINT('Ctrl Pts',(-2.49741067732756,-896.995394505131,167.5));
#897=CARTESIAN_POINT('Ctrl Pts',(-3.25823784225271,-896.590270271865,167.5));
#898=CARTESIAN_POINT('Ctrl Pts',(-3.96579612244324,-896.121624583205,167.5));
#899=CARTESIAN_POINT('Ctrl Pts',(-4.86411698488077,-895.414632775581,167.5));
#900=CARTESIAN_POINT('Ctrl Pts',(-6.30174875249024,-894.021748401972,167.5));
#901=CARTESIAN_POINT('Ctrl Pts',(-8.05713120201662,-891.762079884432,167.5));
#902=CARTESIAN_POINT('Ctrl Pts',(-10.4560079924243,-887.873266942847,167.5));
#903=CARTESIAN_POINT('Ctrl Pts',(-12.9426952321286,-882.737533181955,167.5));
#904=CARTESIAN_POINT('Ctrl Pts',(-16.3233844329077,-874.234021137071,167.5));
#905=CARTESIAN_POINT('Ctrl Pts',(-19.8049372449603,-863.368322539352,167.5));
#906=CARTESIAN_POINT('Ctrl Pts',(-24.5135832218437,-845.74417071729,167.5));
#907=CARTESIAN_POINT('Ctrl Pts',(-29.3702818917404,-823.434336900219,167.5));
#908=CARTESIAN_POINT('Ctrl Pts',(-36.9282120090197,-781.483002237531,167.5));
#909=CARTESIAN_POINT('Ctrl Pts',(-43.1587804698142,-736.212298452908,167.5));
#910=CARTESIAN_POINT('Ctrl Pts',(-51.4399895144042,-663.564470540526,167.5));
#911=CARTESIAN_POINT('Ctrl Pts',(-58.9699441747805,-578.632773910248,167.5));
#912=CARTESIAN_POINT('Ctrl Pts',(-65.0186453515976,-487.523713520317,167.5));
#913=CARTESIAN_POINT('Ctrl Pts',(-69.927788103391,-396.293343080026,167.5));
#914=CARTESIAN_POINT('Ctrl Pts',(-73.0696415223046,-323.272221596784,167.5));
#915=CARTESIAN_POINT('Ctrl Pts',(-76.1710426312325,-231.97200478042,167.5));
#916=CARTESIAN_POINT('Ctrl Pts',(-77.5703662379576,-177.169147653312,167.5));
#917=CARTESIAN_POINT('Ctrl Pts',(-78.3055294584551,-140.633176985684,167.5));
#918=CARTESIAN_POINT('',(-91.9692294643066,-140.908112879006,158.682856330585));
#919=CARTESIAN_POINT('Origin',(-78.3055294584551,-140.633176985684,152.5));
#920=CARTESIAN_POINT('Ctrl Pts',(-91.9692294641568,-140.908112878081,158.682856330957));
#921=CARTESIAN_POINT('Ctrl Pts',(-91.2028968518444,-177.49346862412,158.749542578615));
#922=CARTESIAN_POINT('Ctrl Pts',(-89.7453710647808,-232.368097634427,158.871713838979));
#923=CARTESIAN_POINT('Ctrl Pts',(-86.5171349533016,-323.79521254551,159.128077534526));
#924=CARTESIAN_POINT('Ctrl Pts',(-83.2430006019669,-396.926788835554,159.380314656497));
#925=CARTESIAN_POINT('Ctrl Pts',(-78.116733361446,-488.315681194117,159.774706367048));
#926=CARTESIAN_POINT('Ctrl Pts',(-71.766075984134,-579.610920181286,160.276217381144));
#927=CARTESIAN_POINT('Ctrl Pts',(-63.7849296724825,-664.773575403521,160.960082072343));
#928=CARTESIAN_POINT('Ctrl Pts',(-54.8190176003999,-737.688932589213,161.83120368539));
#929=CARTESIAN_POINT('Ctrl Pts',(-47.9672125469221,-783.170424706493,162.557579034754));
#930=CARTESIAN_POINT('Ctrl Pts',(-39.3048628583044,-825.393813354906,163.586687840326));
#931=CARTESIAN_POINT('Ctrl Pts',(-33.5484166449816,-847.883072695764,164.307441457109));
#932=CARTESIAN_POINT('Ctrl Pts',(-27.7298167567562,-865.679281563645,165.041216707239));
#933=CARTESIAN_POINT('Ctrl Pts',(-23.2691445510266,-876.668012968922,165.59152573411));
#934=CARTESIAN_POINT('Ctrl Pts',(-18.7593950768501,-885.280857121893,166.103570952344));
#935=CARTESIAN_POINT('Ctrl Pts',(-15.3378244835911,-890.488948646709,166.454584823227));
#936=CARTESIAN_POINT('Ctrl Pts',(-11.9384652224599,-894.436568721134,166.748900058463));
#937=CARTESIAN_POINT('Ctrl Pts',(-9.39964689421696,-896.732070358532,166.932461603071));
#938=CARTESIAN_POINT('Ctrl Pts',(-7.28574465771639,-898.147756497852,167.051512205496));
#939=CARTESIAN_POINT('Ctrl Pts',(-5.95432358395833,-898.866479475503,167.113368237731));
#940=CARTESIAN_POINT('Ctrl Pts',(-4.90055346874939,-899.342966251374,167.154995519135));
#941=CARTESIAN_POINT('Ctrl Pts',(-3.76241890729049,-899.754916089715,167.191485621808));
#942=CARTESIAN_POINT('Ctrl Pts',(-2.54356060566916,-900.071055035923,167.219844297235));
#943=CARTESIAN_POINT('Ctrl Pts',(-1.5730667676805,-900.228112959069,167.234069373339));
#944=CARTESIAN_POINT('Ctrl Pts',(-0.691106286594814,-900.305004298259,167.24106065827));
#945=CARTESIAN_POINT('Ctrl Pts',(-0.215684820321559,-900.317739037226,167.242223598428));
#946=CARTESIAN_POINT('Ctrl Pts',(-3.92226718235661E-14,-900.317739037226,
167.242223598428));
#947=CARTESIAN_POINT('Ctrl Pts',(-78.3055294584509,-140.633176985892,167.5));
#948=CARTESIAN_POINT('Ctrl Pts',(-78.3700579021604,-137.42625741208,167.5));
#949=CARTESIAN_POINT('Ctrl Pts',(-78.7534238396512,-134.214073738711,167.5));
#950=CARTESIAN_POINT('Ctrl Pts',(-79.5630005784045,-130.360907783697,167.5));
#951=CARTESIAN_POINT('Ctrl Pts',(-79.8910708155428,-128.937654168467,167.5));
#952=CARTESIAN_POINT('Ctrl Pts',(-80.6542914049436,-126.113838941521,167.5));
#953=CARTESIAN_POINT('Ctrl Pts',(-82.2565658875895,-121.237889817017,167.5));
#954=CARTESIAN_POINT('Ctrl Pts',(-85.2244406246135,-114.501899594759,167.5));
#955=CARTESIAN_POINT('Ctrl Pts',(-91.0489619762871,-104.373530824902,167.5));
#956=CARTESIAN_POINT('Ctrl Pts',(-96.4221573533957,-97.3609470340055,167.5));
#957=CARTESIAN_POINT('Ctrl Pts',(-100.309963076431,-93.0069816320499,167.5));
#958=CARTESIAN_POINT('Ctrl Pts',(-79.9422544552129,-140.666110557935,167.5));
#959=CARTESIAN_POINT('Ctrl Pts',(-80.0477387172307,-137.568008969227,167.500057249435));
#960=CARTESIAN_POINT('Ctrl Pts',(-80.4658204711073,-134.466755502022,167.499898350616));
#961=CARTESIAN_POINT('Ctrl Pts',(-81.3082091574824,-130.751625762533,167.499913704794));
#962=CARTESIAN_POINT('Ctrl Pts',(-81.6513202513385,-129.378394337311,167.499932792498));
#963=CARTESIAN_POINT('Ctrl Pts',(-82.4422218566641,-126.654857538054,167.499937908241));
#964=CARTESIAN_POINT('Ctrl Pts',(-84.0921763436998,-121.953184753106,167.500054127986));
#965=CARTESIAN_POINT('Ctrl Pts',(-87.1247426792621,-115.463512416892,167.49957558353));
#966=CARTESIAN_POINT('Ctrl Pts',(-93.0443050429789,-105.722672097891,167.500401989997));
#967=CARTESIAN_POINT('Ctrl Pts',(-98.4797269840451,-99.0040987141022,167.498898970418));
#968=CARTESIAN_POINT('Ctrl Pts',(-102.383546919828,-94.8585560910319,167.5));
#969=CARTESIAN_POINT('Ctrl Pts',(-83.2153789035115,-140.731971151522,166.959019205008));
#970=CARTESIAN_POINT('Ctrl Pts',(-83.4027678742444,-137.851501312315,166.930263065646));
#971=CARTESIAN_POINT('Ctrl Pts',(-83.8901284245838,-134.97199872109,166.897260011529));
#972=CARTESIAN_POINT('Ctrl Pts',(-84.7980740319235,-131.532889909151,166.853332952201));
#973=CARTESIAN_POINT('Ctrl Pts',(-85.1712454359791,-130.259688581884,166.834328391933));
#974=CARTESIAN_POINT('Ctrl Pts',(-86.0174373199048,-127.736647567277,166.794632336643));
#975=CARTESIAN_POINT('Ctrl Pts',(-87.7626762812655,-123.383488228749,166.71718451512));
#976=CARTESIAN_POINT('Ctrl Pts',(-90.9240059551966,-117.385870971328,166.584955210343));
#977=CARTESIAN_POINT('Ctrl Pts',(-97.0335056382259,-108.420033844,166.331076961623));
#978=CARTESIAN_POINT('Ctrl Pts',(-102.59150664021,-102.287431694246,166.089314498522));
#979=CARTESIAN_POINT('Ctrl Pts',(-106.527325071956,-98.5586783767066,165.912560294823));
#980=CARTESIAN_POINT('Ctrl Pts',(-87.6038456083202,-140.820274247441,164.611843754248));
#981=CARTESIAN_POINT('Ctrl Pts',(-87.8738059148625,-138.231031254083,164.462784849029));
#982=CARTESIAN_POINT('Ctrl Pts',(-88.420927027258,-135.642773856187,164.29275504841));
#983=CARTESIAN_POINT('Ctrl Pts',(-89.3710715670409,-132.556790685414,164.067598822507));
#984=CARTESIAN_POINT('Ctrl Pts',(-89.7645267908083,-131.410146924694,163.970304232562));
#985=CARTESIAN_POINT('Ctrl Pts',(-90.6423656623308,-129.137034252148,163.767789778252));
#986=CARTESIAN_POINT('Ctrl Pts',(-92.4307324153191,-125.20661972579,163.374468365949));
#987=CARTESIAN_POINT('Ctrl Pts',(-95.6146977077559,-119.767971935107,162.711288953151));
#988=CARTESIAN_POINT('Ctrl Pts',(-101.678751588252,-111.581906663818,161.460129900901));
#989=CARTESIAN_POINT('Ctrl Pts',(-107.1025512743,-105.908508483438,160.30959153365));
#990=CARTESIAN_POINT('Ctrl Pts',(-110.873719093815,-102.439723353582,159.493509154538));
#991=CARTESIAN_POINT('Ctrl Pts',(-90.4372205606309,-140.877286365117,161.583328354165));
#992=CARTESIAN_POINT('Ctrl Pts',(-90.7147765829935,-138.475168273552,161.291136917805));
#993=CARTESIAN_POINT('Ctrl Pts',(-91.2449578101935,-136.064559045052,160.960304775276));
#994=CARTESIAN_POINT('Ctrl Pts',(-92.1469240861613,-133.178475743758,160.526119431365));
#995=CARTESIAN_POINT('Ctrl Pts',(-92.5205191499446,-132.101057536964,160.338860312813));
#996=CARTESIAN_POINT('Ctrl Pts',(-93.3492068215661,-129.958178987114,159.951101980403));
#997=CARTESIAN_POINT('Ctrl Pts',(-95.0279973000546,-126.228006002044,159.203289357353));
#998=CARTESIAN_POINT('Ctrl Pts',(-97.9867830945239,-120.98695217914,157.965353459594));
#999=CARTESIAN_POINT('Ctrl Pts',(-103.558784243262,-112.898664159143,155.695409317357));
#1000=CARTESIAN_POINT('Ctrl Pts',(-108.458735849643,-107.028771580536,153.720233931635));
#1001=CARTESIAN_POINT('Ctrl Pts',(-111.841143817071,-103.30357022154,152.389393830874));
#1002=CARTESIAN_POINT('Ctrl Pts',(-91.6319082806605,-140.901325427375,159.428615462998));
#1003=CARTESIAN_POINT('Ctrl Pts',(-91.8790393259333,-138.577393862389,159.04569642411));
#1004=CARTESIAN_POINT('Ctrl Pts',(-92.3619916097283,-136.234228491482,158.614643423116));
#1005=CARTESIAN_POINT('Ctrl Pts',(-93.1898186075778,-133.41225055344,158.053934172217));
#1006=CARTESIAN_POINT('Ctrl Pts',(-93.531585692457,-132.355073573501,157.81256377979));
#1007=CARTESIAN_POINT('Ctrl Pts',(-94.2905009859709,-130.244988097659,157.315026719033));
#1008=CARTESIAN_POINT('Ctrl Pts',(-95.8273246534044,-126.548011545775,156.362014004425));
#1009=CARTESIAN_POINT('Ctrl Pts',(-98.5298824072601,-121.278498906918,154.809480469683));
#1010=CARTESIAN_POINT('Ctrl Pts',(-103.597555323286,-112.96403091737,152.042078861538));
#1011=CARTESIAN_POINT('Ctrl Pts',(-108.025834986356,-106.71193475407,149.755885761314));
#1012=CARTESIAN_POINT('Ctrl Pts',(-111.100310508658,-102.642054635089,148.296930883138));
#1013=CARTESIAN_POINT('Ctrl Pts',(-91.9692294642556,-140.908112878855,158.682856330705));
#1014=CARTESIAN_POINT('Ctrl Pts',(-92.202322136266,-138.60617734123,158.270098293833));
#1015=CARTESIAN_POINT('Ctrl Pts',(-92.6652557889555,-136.280703608983,157.806385454536));
#1016=CARTESIAN_POINT('Ctrl Pts',(-93.463495107211,-133.473572038451,157.204969123562));
#1017=CARTESIAN_POINT('Ctrl Pts',(-93.7925225562216,-132.420677724918,156.946234103649));
#1018=CARTESIAN_POINT('Ctrl Pts',(-94.5239084954579,-130.316290829285,156.413755060968));
#1019=CARTESIAN_POINT('Ctrl Pts',(-96.0055407565985,-126.620590041898,155.396077074711));
#1020=CARTESIAN_POINT('Ctrl Pts',(-98.610293603113,-121.325008223828,153.747739074938));
#1021=CARTESIAN_POINT('Ctrl Pts',(-103.491524638877,-112.906412554138,150.837405335646));
#1022=CARTESIAN_POINT('Ctrl Pts',(-107.750530676868,-106.501465986563,148.479559014688));
#1023=CARTESIAN_POINT('Ctrl Pts',(-110.720404740991,-102.302823685508,147.003635304499));
#1024=CARTESIAN_POINT('',(-100.309963076431,-93.0069816320499,167.5));
#1025=CARTESIAN_POINT('',(-110.720404740991,-102.302823685508,147.003635304499));
#1026=CARTESIAN_POINT('Origin',(-100.309963076431,-93.0069816320499,152.5));
#1027=CARTESIAN_POINT('',(-93.3143649060421,-133.995012814935,157.319346748693));
#1028=CARTESIAN_POINT('Ctrl Pts',(-110.720404740991,-102.302823685508,147.003635304499));
#1029=CARTESIAN_POINT('Ctrl Pts',(-107.750530676868,-106.501465986563,148.479559014688));
#1030=CARTESIAN_POINT('Ctrl Pts',(-103.491524638877,-112.906412554138,150.837405335646));
#1031=CARTESIAN_POINT('Ctrl Pts',(-98.610293603113,-121.325008223828,153.747739074938));
#1032=CARTESIAN_POINT('Ctrl Pts',(-96.0055407565985,-126.620590041898,155.396077074711));
#1033=CARTESIAN_POINT('Ctrl Pts',(-94.5239084954579,-130.316290829285,156.413755060968));
#1034=CARTESIAN_POINT('Ctrl Pts',(-93.7925225562216,-132.420677724918,156.946234103649));
#1035=CARTESIAN_POINT('Ctrl Pts',(-93.463495107211,-133.473572038451,157.204969123562));
#1036=CARTESIAN_POINT('Ctrl Pts',(-93.3155659720416,-133.993787638007,157.316423164578));
#1037=CARTESIAN_POINT('Ctrl Pts',(-93.3151696083086,-133.995181598535,157.316721810583));
#1038=CARTESIAN_POINT('Ctrl Pts',(-92.6650676822101,-136.281648580055,157.806573885294));
#1039=CARTESIAN_POINT('Ctrl Pts',(-92.2022747768709,-138.606645044799,158.270182157349));
#1040=CARTESIAN_POINT('Ctrl Pts',(-91.9692294642556,-140.908112878855,158.682856330705));
#1041=CARTESIAN_POINT('Ctrl Pts',(-78.3055294584509,-140.633176985892,167.5));
#1042=CARTESIAN_POINT('Ctrl Pts',(-78.3700579021604,-137.42625741208,167.5));
#1043=CARTESIAN_POINT('Ctrl Pts',(-78.7534238396512,-134.214073738711,167.5));
#1044=CARTESIAN_POINT('Ctrl Pts',(-79.5630005784045,-130.360907783697,167.5));
#1045=CARTESIAN_POINT('Ctrl Pts',(-79.8910708155428,-128.937654168467,167.5));
#1046=CARTESIAN_POINT('Ctrl Pts',(-80.6542914049436,-126.113838941521,167.5));
#1047=CARTESIAN_POINT('Ctrl Pts',(-82.2565658875895,-121.237889817017,167.5));
#1048=CARTESIAN_POINT('Ctrl Pts',(-85.2244406246135,-114.501899594759,167.5));
#1049=CARTESIAN_POINT('Ctrl Pts',(-91.0489619762871,-104.373530824902,167.5));
#1050=CARTESIAN_POINT('Ctrl Pts',(-96.4221573533957,-97.3609470340055,167.5));
#1051=CARTESIAN_POINT('Ctrl Pts',(-100.309963076431,-93.0069816320499,167.5));
#1052=CARTESIAN_POINT('Ctrl Pts',(-105.723181305214,232.962953620332,143.522502516423));
#1053=CARTESIAN_POINT('Ctrl Pts',(-115.120986970662,200.830781191038,143.434362195415));
#1054=CARTESIAN_POINT('Ctrl Pts',(-130.149438201493,146.342185030392,143.428932349478));
#1055=CARTESIAN_POINT('Ctrl Pts',(-141.565781831824,79.2439159745314,143.297647306848));
#1056=CARTESIAN_POINT('Ctrl Pts',(-145.475073990086,34.0742651302872,143.106568867979));
#1057=CARTESIAN_POINT('Ctrl Pts',(-146.124063451442,11.3545794104255,143.037143375948));
#1058=CARTESIAN_POINT('Ctrl Pts',(-146.124063451442,-5.14823241795147,143.037143375948));
#1059=CARTESIAN_POINT('Ctrl Pts',(-145.619474211634,-20.5844002948683,143.219710633709));
#1060=CARTESIAN_POINT('Ctrl Pts',(-142.376965286141,-41.5037856257247,144.064401207627));
#1061=CARTESIAN_POINT('Ctrl Pts',(-135.786432030196,-61.5626234528931,145.057103777325));
#1062=CARTESIAN_POINT('Ctrl Pts',(-129.11459232606,-76.1148206446065,145.78878022713));
#1063=CARTESIAN_POINT('Ctrl Pts',(-120.757346894459,-89.8602857665222,146.451004618447));
#1064=CARTESIAN_POINT('Ctrl Pts',(-114.205062373413,-98.2975698558734,146.829814600535));
#1065=CARTESIAN_POINT('Ctrl Pts',(-110.720404741473,-102.302823684954,147.003635304475));
#1066=CARTESIAN_POINT('Ctrl Pts',(-106.630438605026,233.230240468656,144.788519111124));
#1067=CARTESIAN_POINT('Ctrl Pts',(-116.043413414664,201.091396384898,144.697533947106));
#1068=CARTESIAN_POINT('Ctrl Pts',(-131.084329709548,146.562273698859,144.692007804229));
#1069=CARTESIAN_POINT('Ctrl Pts',(-142.535517315313,79.377571101228,144.556329233501));
#1070=CARTESIAN_POINT('Ctrl Pts',(-146.479083965282,34.1360520103633,144.358232106885));
#1071=CARTESIAN_POINT('Ctrl Pts',(-147.139258697598,11.3755693502812,144.286092503821));
#1072=CARTESIAN_POINT('Ctrl Pts',(-147.139400303926,-5.17780818025428,144.285851029148));
#1073=CARTESIAN_POINT('Ctrl Pts',(-146.604236646443,-20.7055374294969,144.476644482391));
#1074=CARTESIAN_POINT('Ctrl Pts',(-143.219025731132,-41.7328119436748,145.348144469152));
#1075=CARTESIAN_POINT('Ctrl Pts',(-136.467942588027,-61.8543409812505,146.354250547477));
#1076=CARTESIAN_POINT('Ctrl Pts',(-129.681131871381,-76.4355432007857,147.089510393471));
#1077=CARTESIAN_POINT('Ctrl Pts',(-121.221778226531,-90.195191762547,147.749585032311));
#1078=CARTESIAN_POINT('Ctrl Pts',(-114.611655383789,-98.6360847450405,148.125077021681));
#1079=CARTESIAN_POINT('Ctrl Pts',(-111.100310509144,-102.642054634535,148.296930883114));
#1080=CARTESIAN_POINT('Ctrl Pts',(-108.053308615321,233.649431849872,147.621772376466));
#1081=CARTESIAN_POINT('Ctrl Pts',(-117.494291380862,201.501466480508,147.529939359747));
#1082=CARTESIAN_POINT('Ctrl Pts',(-132.555849168586,146.908734549946,147.524837577695));
#1083=CARTESIAN_POINT('Ctrl Pts',(-144.068582618108,79.5891689073124,147.387783949363));
#1084=CARTESIAN_POINT('Ctrl Pts',(-148.077101132733,34.2345628759978,147.18694451862));
#1085=CARTESIAN_POINT('Ctrl Pts',(-148.759213025798,11.4090648037997,147.113771979807));
#1086=CARTESIAN_POINT('Ctrl Pts',(-148.75915580502,-5.225489351189,147.113105851344));
#1087=CARTESIAN_POINT('Ctrl Pts',(-148.16504581247,-20.898824296026,147.308684397179));
#1088=CARTESIAN_POINT('Ctrl Pts',(-144.509523226992,-42.0874703701533,148.185719681192));
#1089=CARTESIAN_POINT('Ctrl Pts',(-137.467641878014,-62.2838147902542,149.170417157173));
#1090=CARTESIAN_POINT('Ctrl Pts',(-130.478580606144,-76.888656396922,149.880264781695));
#1091=CARTESIAN_POINT('Ctrl Pts',(-121.846063332766,-90.647116643082,150.509295918604));
#1092=CARTESIAN_POINT('Ctrl Pts',(-115.141987305267,-99.0779684351199,150.863802653168));
#1093=CARTESIAN_POINT('Ctrl Pts',(-111.588193144726,-103.07770184981,151.025417965813));
#1094=CARTESIAN_POINT('Ctrl Pts',(-109.091205913992,233.955206515895,153.933369450017));
#1095=CARTESIAN_POINT('Ctrl Pts',(-118.574932071407,201.806949732276,153.856896206725));
#1096=CARTESIAN_POINT('Ctrl Pts',(-133.652102327073,147.167454041116,153.852376017203));
#1097=CARTESIAN_POINT('Ctrl Pts',(-145.244427963774,79.7527513242161,153.737837946959));
#1098=CARTESIAN_POINT('Ctrl Pts',(-149.352009043913,34.313954160478,153.568648646634));
#1099=CARTESIAN_POINT('Ctrl Pts',(-150.068808670945,11.4361448459248,153.506497987422));
#1100=CARTESIAN_POINT('Ctrl Pts',(-150.069420294681,-5.26317239333726,153.505656218495));
#1101=CARTESIAN_POINT('Ctrl Pts',(-149.37948553573,-21.057142476477,153.67310333105));
#1102=CARTESIAN_POINT('Ctrl Pts',(-145.310405488388,-42.3250217426474,154.404729627516));
#1103=CARTESIAN_POINT('Ctrl Pts',(-137.867958705902,-62.4635050414308,155.195985010709));
#1104=CARTESIAN_POINT('Ctrl Pts',(-130.623332808343,-76.9807292595659,155.755833721241));
#1105=CARTESIAN_POINT('Ctrl Pts',(-121.798555161439,-90.6218080032446,156.242631688522));
#1106=CARTESIAN_POINT('Ctrl Pts',(-115.007706462775,-98.9691440112007,156.513508545252));
#1107=CARTESIAN_POINT('Ctrl Pts',(-111.419338508877,-102.926925727585,156.63619152301));
#1108=CARTESIAN_POINT('Ctrl Pts',(-106.694050809628,233.248981244494,161.853186460212));
#1109=CARTESIAN_POINT('Ctrl Pts',(-116.19286378532,201.134396195429,161.816318341377));
#1110=CARTESIAN_POINT('Ctrl Pts',(-131.240769374814,146.601136523256,161.813920951707));
#1111=CARTESIAN_POINT('Ctrl Pts',(-142.827380131491,79.4229438132477,161.758518728352));
#1112=CARTESIAN_POINT('Ctrl Pts',(-146.974464569429,34.1696537542151,161.676119860379));
#1113=CARTESIAN_POINT('Ctrl Pts',(-147.709187098889,11.3873659142147,161.645614907615));
#1114=CARTESIAN_POINT('Ctrl Pts',(-147.709725828863,-5.19397465208182,161.64518055503));
#1115=CARTESIAN_POINT('Ctrl Pts',(-146.970864513613,-20.7796359983112,161.727630082624));
#1116=CARTESIAN_POINT('Ctrl Pts',(-142.730131008103,-41.6671840347829,162.081443035998));
#1117=CARTESIAN_POINT('Ctrl Pts',(-135.220309733139,-61.3493784223388,162.453768790713));
#1118=CARTESIAN_POINT('Ctrl Pts',(-127.992428036693,-75.5143572838501,162.713611046274));
#1119=CARTESIAN_POINT('Ctrl Pts',(-119.256796906435,-88.8100666565946,162.936320730472));
#1120=CARTESIAN_POINT('Ctrl Pts',(-112.566331169359,-96.9432365311177,163.059060262768));
#1121=CARTESIAN_POINT('Ctrl Pts',(-109.036518976107,-100.799224066885,163.11437014679));
#1122=CARTESIAN_POINT('Ctrl Pts',(-100.263444852223,231.354462016567,166.758362670125));
#1123=CARTESIAN_POINT('Ctrl Pts',(-109.727158848014,199.307984107305,166.753844650619));
#1124=CARTESIAN_POINT('Ctrl Pts',(-124.689761743791,145.06082433005,166.75292268436));
#1125=CARTESIAN_POINT('Ctrl Pts',(-136.141834056013,78.5057413972207,166.745908050965));
#1126=CARTESIAN_POINT('Ctrl Pts',(-140.212527775358,33.7561019882156,166.7350356779));
#1127=CARTESIAN_POINT('Ctrl Pts',(-140.927757851247,11.2471607894548,166.730655408068));
#1128=CARTESIAN_POINT('Ctrl Pts',(-140.928237329087,-4.99477378569535,166.730795576328));
#1129=CARTESIAN_POINT('Ctrl Pts',(-140.242315405846,-19.9763382306894,166.741820313089));
#1130=CARTESIAN_POINT('Ctrl Pts',(-136.301699360475,-39.9768482231398,166.788533529595));
#1131=CARTESIAN_POINT('Ctrl Pts',(-129.263888395335,-58.8259539076482,166.837625780322));
#1132=CARTESIAN_POINT('Ctrl Pts',(-122.452522165346,-72.4099218639943,166.871971127501));
#1133=CARTESIAN_POINT('Ctrl Pts',(-114.180718138405,-85.1790103907946,166.901258252816));
#1134=CARTESIAN_POINT('Ctrl Pts',(-107.819639221713,-93.0009604972334,166.917498715418));
#1135=CARTESIAN_POINT('Ctrl Pts',(-104.458521852824,-96.7113727009187,166.924761022672));
#1136=CARTESIAN_POINT('Ctrl Pts',(-95.7120581347014,230.013579103326,167.5));
#1137=CARTESIAN_POINT('Ctrl Pts',(-105.145002711085,198.013656733797,167.5));
#1138=CARTESIAN_POINT('Ctrl Pts',(-120.047449331024,143.969109991239,167.5));
#1139=CARTESIAN_POINT('Ctrl Pts',(-131.39516112751,77.8541986713641,167.5));
#1140=CARTESIAN_POINT('Ctrl Pts',(-135.398462369229,33.461455077876,167.5));
#1141=CARTESIAN_POINT('Ctrl Pts',(-136.095097366231,11.1472473344763,167.5));
#1142=CARTESIAN_POINT('Ctrl Pts',(-136.095022941075,-4.8533017546465,167.5));
#1143=CARTESIAN_POINT('Ctrl Pts',(-135.46079367647,-19.4031480627975,167.5));
#1144=CARTESIAN_POINT('Ctrl Pts',(-131.787868624686,-38.7860022344913,167.5));
#1145=CARTESIAN_POINT('Ctrl Pts',(-125.130611543007,-57.0735574806228,167.5));
#1146=CARTESIAN_POINT('Ctrl Pts',(-118.640121795645,-70.2719008191293,167.5));
#1147=CARTESIAN_POINT('Ctrl Pts',(-110.711837181798,-82.6966209502612,167.5));
#1148=CARTESIAN_POINT('Ctrl Pts',(-104.58789319564,-90.3163938440472,167.5));
#1149=CARTESIAN_POINT('Ctrl Pts',(-101.346754998578,-93.9327688610406,167.5));
#1150=CARTESIAN_POINT('Ctrl Pts',(-94.1961724970757,229.566984411186,167.5));
#1151=CARTESIAN_POINT('Ctrl Pts',(-103.619087320216,197.582588948426,167.5));
#1152=CARTESIAN_POINT('Ctrl Pts',(-118.501146073345,143.605499210912,167.5));
#1153=CARTESIAN_POINT('Ctrl Pts',(-129.814337965679,77.6372044578791,167.5));
#1154=CARTESIAN_POINT('Ctrl Pts',(-133.795191655067,33.3633300503828,167.5));
#1155=CARTESIAN_POINT('Ctrl Pts',(-134.48557796094,11.1139694970389,167.5));
#1156=CARTESIAN_POINT('Ctrl Pts',(-134.48557796094,-4.80593283954592,167.5));
#1157=CARTESIAN_POINT('Ctrl Pts',(-133.868210954282,-19.2124136307371,167.5));
#1158=CARTESIAN_POINT('Ctrl Pts',(-130.284389440662,-38.3893479230745,167.5));
#1159=CARTESIAN_POINT('Ctrl Pts',(-123.753718828671,-56.4897531985801,167.5));
#1160=CARTESIAN_POINT('Ctrl Pts',(-117.369991794626,-69.5596846186705,167.5));
#1161=CARTESIAN_POINT('Ctrl Pts',(-109.556144884698,-81.8694934510927,167.5));
#1162=CARTESIAN_POINT('Ctrl Pts',(-103.511102727338,-89.4220156435394,167.5));
#1163=CARTESIAN_POINT('Ctrl Pts',(-100.309963076873,-93.0069816315539,167.5));
#1164=CARTESIAN_POINT('',(-94.1961724970757,229.566984411186,167.5));
#1165=CARTESIAN_POINT('Ctrl Pts',(-100.309963076873,-93.0069816315539,167.5));
#1166=CARTESIAN_POINT('Ctrl Pts',(-103.511102727338,-89.4220156435394,167.5));
#1167=CARTESIAN_POINT('Ctrl Pts',(-109.556144884698,-81.8694934510927,167.5));
#1168=CARTESIAN_POINT('Ctrl Pts',(-117.369991794626,-69.5596846186705,167.5));
#1169=CARTESIAN_POINT('Ctrl Pts',(-123.753718828671,-56.4897531985801,167.5));
#1170=CARTESIAN_POINT('Ctrl Pts',(-130.284389440662,-38.3893479230745,167.5));
#1171=CARTESIAN_POINT('Ctrl Pts',(-133.868210954282,-19.2124136307371,167.5));
#1172=CARTESIAN_POINT('Ctrl Pts',(-134.48557796094,-4.80593283954592,167.5));
#1173=CARTESIAN_POINT('Ctrl Pts',(-134.48557796094,11.1139694970389,167.5));
#1174=CARTESIAN_POINT('Ctrl Pts',(-133.795191655067,33.3633300503828,167.5));
#1175=CARTESIAN_POINT('Ctrl Pts',(-129.814337965679,77.6372044578791,167.5));
#1176=CARTESIAN_POINT('Ctrl Pts',(-118.501146073345,143.605499210912,167.5));
#1177=CARTESIAN_POINT('Ctrl Pts',(-103.619087320216,197.582588948426,167.5));
#1178=CARTESIAN_POINT('Ctrl Pts',(-94.1961724970757,229.566984411186,167.5));
#1179=CARTESIAN_POINT('',(-105.723181305214,232.962953620332,143.522502516423));
#1180=CARTESIAN_POINT('Origin',(-94.1961724970757,229.566984411186,152.5));
#1181=CARTESIAN_POINT('Ctrl Pts',(-105.723181305214,232.962953620332,143.522502516423));
#1182=CARTESIAN_POINT('Ctrl Pts',(-115.120986970662,200.830781191038,143.434362195415));
#1183=CARTESIAN_POINT('Ctrl Pts',(-130.149438201493,146.342185030392,143.428932349478));
#1184=CARTESIAN_POINT('Ctrl Pts',(-141.565781831824,79.2439159745314,143.297647306848));
#1185=CARTESIAN_POINT('Ctrl Pts',(-145.475073990086,34.0742651302872,143.106568867979));
#1186=CARTESIAN_POINT('Ctrl Pts',(-146.124063451442,11.3545794104255,143.037143375948));
#1187=CARTESIAN_POINT('Ctrl Pts',(-146.124063451442,-5.14823241795147,143.037143375948));
#1188=CARTESIAN_POINT('Ctrl Pts',(-145.619474211634,-20.5844002948683,143.219710633709));
#1189=CARTESIAN_POINT('Ctrl Pts',(-142.376965286141,-41.5037856257247,144.064401207627));
#1190=CARTESIAN_POINT('Ctrl Pts',(-135.786432030196,-61.5626234528931,145.057103777325));
#1191=CARTESIAN_POINT('Ctrl Pts',(-129.11459232606,-76.1148206446065,145.78878022713));
#1192=CARTESIAN_POINT('Ctrl Pts',(-120.757346894459,-89.8602857665222,146.451004618447));
#1193=CARTESIAN_POINT('Ctrl Pts',(-114.205062373413,-98.2975698558734,146.829814600535));
#1194=CARTESIAN_POINT('Ctrl Pts',(-110.720404741473,-102.302823684954,147.003635304475));
#1195=CARTESIAN_POINT('Ctrl Pts',(-94.1961724970757,229.566984411186,167.5));
#1196=CARTESIAN_POINT('Ctrl Pts',(-89.869644969532,244.252606643666,167.5));
#1197=CARTESIAN_POINT('Ctrl Pts',(-82.1599586161748,273.927434976076,167.5));
#1198=CARTESIAN_POINT('Ctrl Pts',(-75.4112332166364,307.73785893027,167.5));
#1199=CARTESIAN_POINT('Ctrl Pts',(-71.8779844806369,330.428408785586,167.5));
#1200=CARTESIAN_POINT('Ctrl Pts',(-70.827090137198,338.011527491063,167.5));
#1201=CARTESIAN_POINT('Ctrl Pts',(-70.1811275099241,342.986850740091,167.5));
#1202=CARTESIAN_POINT('Ctrl Pts',(-69.8853834786921,345.347767437514,167.5));
#1203=CARTESIAN_POINT('Ctrl Pts',(-69.3312639406754,350.074026125734,167.5));
#1204=CARTESIAN_POINT('Ctrl Pts',(-68.4413969592367,358.353902856976,167.5));
#1205=CARTESIAN_POINT('Ctrl Pts',(-66.4697589140038,379.679448687723,167.5));
#1206=CARTESIAN_POINT('Ctrl Pts',(-65.0529581428047,398.661124079036,167.5));
#1207=CARTESIAN_POINT('Ctrl Pts',(-63.9920964253856,412.897435521145,167.5));
#1208=CARTESIAN_POINT('Ctrl Pts',(-97.227943772327,230.460173795465,167.5));
#1209=CARTESIAN_POINT('Ctrl Pts',(-92.7774456030126,245.034050151358,167.498313069557));
#1210=CARTESIAN_POINT('Ctrl Pts',(-84.8071462981929,274.53123017088,167.500924692334));
#1211=CARTESIAN_POINT('Ctrl Pts',(-77.7525175607731,308.159585988636,167.499683002133));
#1212=CARTESIAN_POINT('Ctrl Pts',(-74.0113665797437,330.741381825491,167.500084607865));
#1213=CARTESIAN_POINT('Ctrl Pts',(-72.8914279754038,338.290421135809,167.500036151517));
#1214=CARTESIAN_POINT('Ctrl Pts',(-72.2003649803854,343.244265998357,167.499998699438));
#1215=CARTESIAN_POINT('Ctrl Pts',(-71.8858575668939,345.589784851715,167.499967880267));
#1216=CARTESIAN_POINT('Ctrl Pts',(-71.294236150315,350.293143710436,167.49991051127));
#1217=CARTESIAN_POINT('Ctrl Pts',(-70.3429231057978,358.540011220199,167.499901865306));
#1218=CARTESIAN_POINT('Ctrl Pts',(-68.2319595335716,379.816581599029,167.499832404993));
#1219=CARTESIAN_POINT('Ctrl Pts',(-66.7266245679784,398.787464052805,167.500071182784));
#1220=CARTESIAN_POINT('Ctrl Pts',(-65.6085069887548,413.017887233184,167.5));
#1221=CARTESIAN_POINT('Ctrl Pts',(-103.283482275895,232.24419449374,165.433780283972));
#1222=CARTESIAN_POINT('Ctrl Pts',(-98.5846020902107,246.594412118044,165.637836387904));
#1223=CARTESIAN_POINT('Ctrl Pts',(-90.0991283813823,275.73851027052,166.004816025105));
#1224=CARTESIAN_POINT('Ctrl Pts',(-82.4326365070168,309.002495710771,166.35365333989));
#1225=CARTESIAN_POINT('Ctrl Pts',(-78.2769394279598,331.367171361183,166.556329484531));
#1226=CARTESIAN_POINT('Ctrl Pts',(-77.019030872708,338.848058152835,166.619628814301));
#1227=CARTESIAN_POINT('Ctrl Pts',(-76.2378466127532,343.758966052628,166.659607357846));
#1228=CARTESIAN_POINT('Ctrl Pts',(-75.8858285818528,346.073692574992,166.676748756192));
#1229=CARTESIAN_POINT('Ctrl Pts',(-75.2192337358423,350.731258721101,166.709525963569));
#1230=CARTESIAN_POINT('Ctrl Pts',(-74.1451515564472,358.912132088048,166.76137646017));
#1231=CARTESIAN_POINT('Ctrl Pts',(-71.7557234581819,380.090787606828,166.870947573726));
#1232=CARTESIAN_POINT('Ctrl Pts',(-70.0736380667914,399.040120213291,166.931869663909));
#1233=CARTESIAN_POINT('Ctrl Pts',(-68.8410052995321,413.258766601654,166.969828918876));
#1234=CARTESIAN_POINT('Ctrl Pts',(-108.864261947091,233.888346610031,157.336254185448));
#1235=CARTESIAN_POINT('Ctrl Pts',(-104.262091063119,248.128616098372,158.229152436568));
#1236=CARTESIAN_POINT('Ctrl Pts',(-95.8126987215856,277.055427888642,159.895816612446));
#1237=CARTESIAN_POINT('Ctrl Pts',(-87.9191370387508,309.996170334684,161.569598436411));
#1238=CARTESIAN_POINT('Ctrl Pts',(-83.5082693786508,332.135168834828,162.569381701529));
#1239=CARTESIAN_POINT('Ctrl Pts',(-82.1536902898912,339.541957422082,162.884831811789));
#1240=CARTESIAN_POINT('Ctrl Pts',(-81.3055832129569,344.405038494228,163.085145927733));
#1241=CARTESIAN_POINT('Ctrl Pts',(-80.9260349191631,346.683540354252,163.17117153569));
#1242=CARTESIAN_POINT('Ctrl Pts',(-80.2017145455083,351.287559033087,163.33612925642));
#1243=CARTESIAN_POINT('Ctrl Pts',(-79.0285896965761,359.390471212401,163.598029665422));
#1244=CARTESIAN_POINT('Ctrl Pts',(-76.3956538386518,380.452794124547,164.155765923435));
#1245=CARTESIAN_POINT('Ctrl Pts',(-74.5360920211999,399.377011634675,164.470532188548));
#1246=CARTESIAN_POINT('Ctrl Pts',(-73.1851414111753,413.582483016179,164.667569950576));
#1247=CARTESIAN_POINT('Ctrl Pts',(-108.785522360598,233.865149159963,149.034014619825));
#1248=CARTESIAN_POINT('Ctrl Pts',(-104.788067430204,248.285371668314,150.358614754831));
#1249=CARTESIAN_POINT('Ctrl Pts',(-97.3602573948878,277.436826106273,152.986408726759));
#1250=CARTESIAN_POINT('Ctrl Pts',(-90.2022078858011,310.419006225993,155.894355785509));
#1251=CARTESIAN_POINT('Ctrl Pts',(-86.0951914631723,332.515912426717,157.709023902049));
#1252=CARTESIAN_POINT('Ctrl Pts',(-84.8176382804833,339.902305145182,158.291472709984));
#1253=CARTESIAN_POINT('Ctrl Pts',(-84.0120425330238,344.750125734242,158.66422020557));
#1254=CARTESIAN_POINT('Ctrl Pts',(-83.6509438980208,347.013374256485,158.824692511971));
#1255=CARTESIAN_POINT('Ctrl Pts',(-82.9577683028759,351.595470952239,159.13373796741));
#1256=CARTESIAN_POINT('Ctrl Pts',(-81.8264637375874,359.665144742627,159.627341091977));
#1257=CARTESIAN_POINT('Ctrl Pts',(-79.2482190251581,380.676886083281,160.690842151196));
#1258=CARTESIAN_POINT('Ctrl Pts',(-77.3748759433762,399.591383406528,161.305596250902));
#1259=CARTESIAN_POINT('Ctrl Pts',(-76.0066660710118,413.792737442584,161.692467901408));
#1260=CARTESIAN_POINT('Ctrl Pts',(-106.630438605026,233.230240468656,144.788519111124));
#1261=CARTESIAN_POINT('Ctrl Pts',(-103.127853840342,247.850008775377,146.098026221255));
#1262=CARTESIAN_POINT('Ctrl Pts',(-96.6305046645336,277.292682827703,148.887034460013));
#1263=CARTESIAN_POINT('Ctrl Pts',(-90.3156238936636,310.449558828229,152.283225762562));
#1264=CARTESIAN_POINT('Ctrl Pts',(-86.6386273336104,332.596722502004,154.49970160548));
#1265=CARTESIAN_POINT('Ctrl Pts',(-85.4861969715357,339.993029928883,155.221983383712));
#1266=CARTESIAN_POINT('Ctrl Pts',(-84.7562758593596,344.845063606435,155.687750076838));
#1267=CARTESIAN_POINT('Ctrl Pts',(-84.4274882742422,347.107495883987,155.888700716235));
#1268=CARTESIAN_POINT('Ctrl Pts',(-83.7941169000434,351.68910381623,156.277271727621));
#1269=CARTESIAN_POINT('Ctrl Pts',(-82.7531177721537,359.756644325928,156.901411456394));
#1270=CARTESIAN_POINT('Ctrl Pts',(-80.3465772371672,380.764349138047,158.260681360811));
#1271=CARTESIAN_POINT('Ctrl Pts',(-78.540477434069,399.679447132661,159.063819277397));
#1272=CARTESIAN_POINT('Ctrl Pts',(-77.2086949035969,413.882310249199,159.571659590709));
#1273=CARTESIAN_POINT('Ctrl Pts',(-105.723181305214,232.962953620332,143.522502516423));
#1274=CARTESIAN_POINT('Ctrl Pts',(-102.385260146019,247.653596404544,144.793761458651));
#1275=CARTESIAN_POINT('Ctrl Pts',(-96.2164273095085,277.206107664013,147.573776473574));
#1276=CARTESIAN_POINT('Ctrl Pts',(-90.2151084679707,310.434964829147,151.091167248378));
#1277=CARTESIAN_POINT('Ctrl Pts',(-86.705619498892,332.606960054363,153.4226919804));
#1278=CARTESIAN_POINT('Ctrl Pts',(-85.6027533081254,340.00891899688,154.186800697485));
#1279=CARTESIAN_POINT('Ctrl Pts',(-84.9030999667356,344.863800077723,154.680772459113));
#1280=CARTESIAN_POINT('Ctrl Pts',(-84.5872038920098,347.126870540445,154.894058548968));
#1281=CARTESIAN_POINT('Ctrl Pts',(-83.9779219638142,351.709700453762,155.307054895992));
#1282=CARTESIAN_POINT('Ctrl Pts',(-82.9738423027148,359.778518954611,155.971715732179));
#1283=CARTESIAN_POINT('Ctrl Pts',(-80.6393524034826,380.78784972076,157.424534632038));
#1284=CARTESIAN_POINT('Ctrl Pts',(-78.8645751297801,399.703941216006,158.289395068502));
#1285=CARTESIAN_POINT('Ctrl Pts',(-77.5501395961179,413.907754031065,158.837090964242));
#1286=CARTESIAN_POINT('',(-63.9920964253856,412.897435521145,167.5));
#1287=CARTESIAN_POINT('',(-77.5501395961179,413.907754031065,158.837090964242));
#1288=CARTESIAN_POINT('Origin',(-63.9920964253856,412.897435521145,152.5));
#1289=CARTESIAN_POINT('',(-85.0676706487913,343.720249673127,154.566151177963));
#1290=CARTESIAN_POINT('Ctrl Pts',(-77.5501395961179,413.907754031065,158.837090964242));
#1291=CARTESIAN_POINT('Ctrl Pts',(-78.8645751297801,399.703941216006,158.289395068502));
#1292=CARTESIAN_POINT('Ctrl Pts',(-80.6393524034826,380.78784972076,157.424534632038));
#1293=CARTESIAN_POINT('Ctrl Pts',(-82.9738423027148,359.778518954611,155.971715732179));
#1294=CARTESIAN_POINT('Ctrl Pts',(-83.9779219638142,351.709700453762,155.307054895992));
#1295=CARTESIAN_POINT('Ctrl Pts',(-84.5868656178569,347.129414933829,154.8942878451));
#1296=CARTESIAN_POINT('Ctrl Pts',(-84.9023984368965,344.868825951833,154.681246117649));
#1297=CARTESIAN_POINT('Ctrl Pts',(-85.067896748096,343.720278906779,154.564421972409));
#1298=CARTESIAN_POINT('Ctrl Pts',(-85.067896748096,343.720278906779,154.564421972409));
#1299=CARTESIAN_POINT('Ctrl Pts',(-85.068265105694,343.717722530055,154.564161951257));
#1300=CARTESIAN_POINT('Ctrl Pts',(-85.0686335024642,343.715166056684,154.563901878476));
#1301=CARTESIAN_POINT('Ctrl Pts',(-85.6027533081254,340.00891899688,154.186800697485));
#1302=CARTESIAN_POINT('Ctrl Pts',(-86.705619498892,332.606960054363,153.4226919804));
#1303=CARTESIAN_POINT('Ctrl Pts',(-90.2151084679707,310.434964829147,151.091167248378));
#1304=CARTESIAN_POINT('Ctrl Pts',(-96.2164273095085,277.206107664013,147.573776473574));
#1305=CARTESIAN_POINT('Ctrl Pts',(-102.385260146019,247.653596404544,144.793761458651));
#1306=CARTESIAN_POINT('Ctrl Pts',(-105.723181305214,232.962953620332,143.522502516423));
#1307=CARTESIAN_POINT('Ctrl Pts',(-94.1961724970757,229.566984411186,167.5));
#1308=CARTESIAN_POINT('Ctrl Pts',(-89.869644969532,244.252606643666,167.5));
#1309=CARTESIAN_POINT('Ctrl Pts',(-82.1599586161748,273.927434976076,167.5));
#1310=CARTESIAN_POINT('Ctrl Pts',(-75.4112332166364,307.73785893027,167.5));
#1311=CARTESIAN_POINT('Ctrl Pts',(-71.8779844806369,330.428408785586,167.5));
#1312=CARTESIAN_POINT('Ctrl Pts',(-70.827090137198,338.011527491063,167.5));
#1313=CARTESIAN_POINT('Ctrl Pts',(-70.1811275099241,342.986850740091,167.5));
#1314=CARTESIAN_POINT('Ctrl Pts',(-69.8853834786921,345.347767437514,167.5));
#1315=CARTESIAN_POINT('Ctrl Pts',(-69.3312639406754,350.074026125734,167.5));
#1316=CARTESIAN_POINT('Ctrl Pts',(-68.4413969592367,358.353902856976,167.5));
#1317=CARTESIAN_POINT('Ctrl Pts',(-66.4697589140038,379.679448687723,167.5));
#1318=CARTESIAN_POINT('Ctrl Pts',(-65.0529581428047,398.661124079036,167.5));
#1319=CARTESIAN_POINT('Ctrl Pts',(-63.9920964253856,412.897435521145,167.5));
#1320=CARTESIAN_POINT('Ctrl Pts',(-5.12020102348E-14,832.981582507488,167.39791665737));
#1321=CARTESIAN_POINT('Ctrl Pts',(-0.205375006454497,832.981582507488,167.39791665737));
#1322=CARTESIAN_POINT('Ctrl Pts',(-0.674333964491218,832.96480748894,167.397348286086));
#1323=CARTESIAN_POINT('Ctrl Pts',(-1.43483819637548,832.890895099024,167.394811946097));
#1324=CARTESIAN_POINT('Ctrl Pts',(-2.85515111393147,832.630401799099,167.385745215267));
#1325=CARTESIAN_POINT('Ctrl Pts',(-5.49659231892126,831.639843503063,167.350283768037));
#1326=CARTESIAN_POINT('Ctrl Pts',(-8.59118483574786,829.416889014718,167.266431249027));
#1327=CARTESIAN_POINT('Ctrl Pts',(-11.5416250362864,826.298607853658,167.142998960892));
#1328=CARTESIAN_POINT('Ctrl Pts',(-14.8648159521335,821.819227895865,166.96019024112));
#1329=CARTESIAN_POINT('Ctrl Pts',(-18.2282326193583,815.939536041215,166.712916759612));
#1330=CARTESIAN_POINT('Ctrl Pts',(-22.6813076477194,806.2806752835,166.29979427304));
#1331=CARTESIAN_POINT('Ctrl Pts',(-27.1483178465848,793.945270974971,165.77278041016));
#1332=CARTESIAN_POINT('Ctrl Pts',(-33.9476232796607,770.667071037053,164.812127399322));
#1333=CARTESIAN_POINT('Ctrl Pts',(-39.4069752517569,745.474071675362,163.884526562783));
#1334=CARTESIAN_POINT('Ctrl Pts',(-46.7160903338403,705.07077765653,162.618806352602));
#1335=CARTESIAN_POINT('Ctrl Pts',(-53.5550857410316,657.834646042954,161.453538506311));
#1336=CARTESIAN_POINT('Ctrl Pts',(-60.836358672088,596.913089477293,160.396855770651));
#1337=CARTESIAN_POINT('Ctrl Pts',(-69.192436777525,515.671849853663,159.413147072302));
#1338=CARTESIAN_POINT('Ctrl Pts',(-74.4311678132014,454.628939267705,159.017897409517));
#1339=CARTESIAN_POINT('Ctrl Pts',(-77.5501395961179,413.907754031065,158.837090964242));
#1340=CARTESIAN_POINT('Ctrl Pts',(8.07290131034093E-13,832.650329633028,
167.436761379554));
#1341=CARTESIAN_POINT('Ctrl Pts',(-0.19662626486909,832.650329633027,167.436761379554));
#1342=CARTESIAN_POINT('Ctrl Pts',(-0.645505997930886,832.633567111748,167.43640888216));
#1343=CARTESIAN_POINT('Ctrl Pts',(-1.37317315465147,832.559710802129,167.434836455003));
#1344=CARTESIAN_POINT('Ctrl Pts',(-2.73147034749778,832.299419015644,167.429214863715));
#1345=CARTESIAN_POINT('Ctrl Pts',(-5.25495934710775,831.309657102223,167.407225069403));
#1346=CARTESIAN_POINT('Ctrl Pts',(-8.20718659928325,829.088623378922,167.355187357476));
#1347=CARTESIAN_POINT('Ctrl Pts',(-11.0201336859536,825.973227101559,167.278469492153));
#1348=CARTESIAN_POINT('Ctrl Pts',(-14.1885064541156,821.498181043962,167.164650684616));
#1349=CARTESIAN_POINT('Ctrl Pts',(-17.3978861044856,815.624443447495,167.010219061739));
#1350=CARTESIAN_POINT('Ctrl Pts',(-21.6564010333429,805.975685543368,166.751167752287));
#1351=CARTESIAN_POINT('Ctrl Pts',(-25.9474963943371,793.65335188765,166.418385814078));
#1352=CARTESIAN_POINT('Ctrl Pts',(-32.5247963449786,770.399277345085,165.806394967925));
#1353=CARTESIAN_POINT('Ctrl Pts',(-37.8788988034556,745.229821951029,165.205447197814));
#1354=CARTESIAN_POINT('Ctrl Pts',(-45.1155847565411,704.858742265611,164.372919181974));
#1355=CARTESIAN_POINT('Ctrl Pts',(-51.9682492489412,657.652461257767,163.590961066548));
#1356=CARTESIAN_POINT('Ctrl Pts',(-59.3102405369427,596.758847626965,162.867260201071));
#1357=CARTESIAN_POINT('Ctrl Pts',(-67.7560577917038,515.545740468903,162.183560842315));
#1358=CARTESIAN_POINT('Ctrl Pts',(-73.0424575101787,454.51779434652,161.90321875552));
#1359=CARTESIAN_POINT('Ctrl Pts',(-76.1843608260337,413.805978903601,161.77536547011));
#1360=CARTESIAN_POINT('Ctrl Pts',(2.31552911899014E-12,832.068369151251,
167.4853977596));
#1361=CARTESIAN_POINT('Ctrl Pts',(-0.181256058467209,832.068369151251,167.4853977596));
#1362=CARTESIAN_POINT('Ctrl Pts',(-0.594859399950893,832.051615922403,167.485316375915));
#1363=CARTESIAN_POINT('Ctrl Pts',(-1.26482766989598,831.977801475858,167.484953111623));
#1364=CARTESIAN_POINT('Ctrl Pts',(-2.51410795560039,831.71766124923,167.483654440541));
#1365=CARTESIAN_POINT('Ctrl Pts',(-4.82986881388719,830.728506609284,167.478573657991));
#1366=CARTESIAN_POINT('Ctrl Pts',(-7.52954982739969,828.508977357728,167.466543386652));
#1367=CARTESIAN_POINT('Ctrl Pts',(-10.0952571093538,825.395902401462,167.448779893742));
#1368=CARTESIAN_POINT('Ctrl Pts',(-12.9807329594338,820.924413398359,167.422380809358));
#1369=CARTESIAN_POINT('Ctrl Pts',(-15.900484336978,815.055689729036,167.386482291894));
#1370=CARTESIAN_POINT('Ctrl Pts',(-19.7773832948773,805.415655559263,167.32601428418));
#1371=CARTESIAN_POINT('Ctrl Pts',(-23.6961859582884,793.105004661315,167.24793079419));
#1372=CARTESIAN_POINT('Ctrl Pts',(-29.7431426058922,769.873269286465,167.103108859539));
#1373=CARTESIAN_POINT('Ctrl Pts',(-34.74153577529,744.726945291758,166.958713180267));
#1374=CARTESIAN_POINT('Ctrl Pts',(-41.5879013686296,704.389309514208,166.755975133063));
#1375=CARTESIAN_POINT('Ctrl Pts',(-48.1870566545471,657.216564727659,166.561860604363));
#1376=CARTESIAN_POINT('Ctrl Pts',(-55.3616857047133,596.358546261258,166.378787847241));
#1377=CARTESIAN_POINT('Ctrl Pts',(-63.6926452066994,515.187482307265,166.203069706095));
#1378=CARTESIAN_POINT('Ctrl Pts',(-68.9499767890601,454.189568329072,166.129996515391));
#1379=CARTESIAN_POINT('Ctrl Pts',(-72.0774509956093,413.499940121455,166.096390261285));
#1380=CARTESIAN_POINT('Ctrl Pts',(3.82818496118878E-12,831.484704407324,
167.5));
#1381=CARTESIAN_POINT('Ctrl Pts',(-0.165840843880022,831.484704407323,167.5));
#1382=CARTESIAN_POINT('Ctrl Pts',(-0.544064154662752,831.467950957262,167.499999994072));
#1383=CARTESIAN_POINT('Ctrl Pts',(-1.15615756616876,831.394135971432,167.49999998926));
#1384=CARTESIAN_POINT('Ctrl Pts',(-2.296052395609,831.13399569596,167.499999962095));
#1385=CARTESIAN_POINT('Ctrl Pts',(-4.40309595062226,830.144855307842,167.499999871122));
#1386=CARTESIAN_POINT('Ctrl Pts',(-6.84765570665732,827.92542683754,167.499999565626));
#1387=CARTESIAN_POINT('Ctrl Pts',(-9.16110437927298,824.812604231146,167.499999351578));
#1388=CARTESIAN_POINT('Ctrl Pts',(-11.7545943965255,820.341604468041,167.49999935602));
#1389=CARTESIAN_POINT('Ctrl Pts',(-14.3693486760597,814.473735022014,167.499998283433));
#1390=CARTESIAN_POINT('Ctrl Pts',(-17.8328939515248,804.835469072373,167.499998869775));
#1391=CARTESIAN_POINT('Ctrl Pts',(-21.328777890866,792.527608444454,167.499995082643));
#1392=CARTESIAN_POINT('Ctrl Pts',(-26.7318490109037,769.302044259006,167.499991870579));
#1393=CARTESIAN_POINT('Ctrl Pts',(-31.2322179171856,744.163394774016,167.500008083184));
#1394=CARTESIAN_POINT('Ctrl Pts',(-37.4601620620046,703.838587884964,167.499983822817));
#1395=CARTESIAN_POINT('Ctrl Pts',(-43.5553301964961,656.681310777799,167.500024829286));
#1396=CARTESIAN_POINT('Ctrl Pts',(-50.3008799728401,595.84474796135,167.499967713905));
#1397=CARTESIAN_POINT('Ctrl Pts',(-58.2499319213945,514.706509054847,167.500076828509));
#1398=CARTESIAN_POINT('Ctrl Pts',(-63.3581672017145,453.740889928501,167.499889697062));
#1399=CARTESIAN_POINT('Ctrl Pts',(-66.4167122704393,413.078113089203,167.5));
#1400=CARTESIAN_POINT('Ctrl Pts',(4.47646598003158E-12,831.234562395968,
167.5));
#1401=CARTESIAN_POINT('Ctrl Pts',(-0.159234325040961,831.234562395968,167.5));
#1402=CARTESIAN_POINT('Ctrl Pts',(-0.522294753131091,831.217808846673,167.5));
#1403=CARTESIAN_POINT('Ctrl Pts',(-1.10958464404205,831.143993627659,167.5));
#1404=CARTESIAN_POINT('Ctrl Pts',(-2.20259992239288,830.883853316161,167.5));
#1405=CARTESIAN_POINT('Ctrl Pts',(-4.22019295325082,829.894718991219,167.5));
#1406=CARTESIAN_POINT('Ctrl Pts',(-6.55541422641869,827.675333567856,167.5));
#1407=CARTESIAN_POINT('Ctrl Pts',(-8.76075163653532,824.562619174719,167.5));
#1408=CARTESIAN_POINT('Ctrl Pts',(-11.2291055438593,820.091829593124,167.5));
#1409=CARTESIAN_POINT('Ctrl Pts',(-13.7131455741618,814.224326310505,167.5));
#1410=CARTESIAN_POINT('Ctrl Pts',(-16.9995475911485,804.586820883465,167.5));
#1411=CARTESIAN_POINT('Ctrl Pts',(-20.3141834044537,792.280156810578,167.5));
#1412=CARTESIAN_POINT('Ctrl Pts',(-25.4413469433692,769.057246707531,167.5));
#1413=CARTESIAN_POINT('Ctrl Pts',(-29.7283937425559,743.921900115063,167.5));
#1414=CARTESIAN_POINT('Ctrl Pts',(-35.6914346867547,703.602609584404,167.5));
#1415=CARTESIAN_POINT('Ctrl Pts',(-41.5709113189758,656.451983344855,167.5));
#1416=CARTESIAN_POINT('Ctrl Pts',(-48.1327747022316,595.624639114485,167.5));
#1417=CARTESIAN_POINT('Ctrl Pts',(-55.9186466565106,514.500481375054,167.5));
#1418=CARTESIAN_POINT('Ctrl Pts',(-60.9628438557288,453.548712035641,167.5));
#1419=CARTESIAN_POINT('Ctrl Pts',(-63.9920964253856,412.897435521146,167.5));
#1420=CARTESIAN_POINT('',(4.47646585598205E-12,831.234562395968,167.5));
#1421=CARTESIAN_POINT('Ctrl Pts',(-63.9920964253856,412.897435521146,167.5));
#1422=CARTESIAN_POINT('Ctrl Pts',(-60.9628438557288,453.548712035641,167.5));
#1423=CARTESIAN_POINT('Ctrl Pts',(-55.9186466565106,514.500481375054,167.5));
#1424=CARTESIAN_POINT('Ctrl Pts',(-48.1327747022316,595.624639114485,167.5));
#1425=CARTESIAN_POINT('Ctrl Pts',(-41.5709113189758,656.451983344855,167.5));
#1426=CARTESIAN_POINT('Ctrl Pts',(-35.6914346867547,703.602609584404,167.5));
#1427=CARTESIAN_POINT('Ctrl Pts',(-29.7283937425559,743.921900115063,167.5));
#1428=CARTESIAN_POINT('Ctrl Pts',(-25.4413469433692,769.057246707531,167.5));
#1429=CARTESIAN_POINT('Ctrl Pts',(-20.3141834044537,792.280156810578,167.5));
#1430=CARTESIAN_POINT('Ctrl Pts',(-16.9995475911485,804.586820883465,167.5));
#1431=CARTESIAN_POINT('Ctrl Pts',(-13.7131455741618,814.224326310505,167.5));
#1432=CARTESIAN_POINT('Ctrl Pts',(-11.2291055438593,820.091829593124,167.5));
#1433=CARTESIAN_POINT('Ctrl Pts',(-8.76075163653532,824.562619174719,167.5));
#1434=CARTESIAN_POINT('Ctrl Pts',(-6.55541422641869,827.675333567856,167.5));
#1435=CARTESIAN_POINT('Ctrl Pts',(-4.22019295325082,829.894718991219,167.5));
#1436=CARTESIAN_POINT('Ctrl Pts',(-2.20259992239288,830.883853316161,167.5));
#1437=CARTESIAN_POINT('Ctrl Pts',(-1.10958464404205,831.143993627659,167.5));
#1438=CARTESIAN_POINT('Ctrl Pts',(-0.522294753131091,831.217808846673,167.5));
#1439=CARTESIAN_POINT('Ctrl Pts',(-0.159234325040961,831.234562395968,167.5));
#1440=CARTESIAN_POINT('Ctrl Pts',(4.47646598003158E-12,831.234562395968,
167.5));
#1441=CARTESIAN_POINT('',(-5.12020102348E-14,832.981582507488,167.39791665737));
#1442=CARTESIAN_POINT('Origin',(4.47646598003191E-12,831.234562395968,152.5));
#1443=CARTESIAN_POINT('Ctrl Pts',(-5.12020102348E-14,832.981582507488,167.39791665737));
#1444=CARTESIAN_POINT('Ctrl Pts',(-0.205375006454497,832.981582507488,167.39791665737));
#1445=CARTESIAN_POINT('Ctrl Pts',(-0.674333964491218,832.96480748894,167.397348286086));
#1446=CARTESIAN_POINT('Ctrl Pts',(-1.43483819637548,832.890895099024,167.394811946097));
#1447=CARTESIAN_POINT('Ctrl Pts',(-2.85515111393147,832.630401799099,167.385745215267));
#1448=CARTESIAN_POINT('Ctrl Pts',(-5.49659231892126,831.639843503063,167.350283768037));
#1449=CARTESIAN_POINT('Ctrl Pts',(-8.59118483574786,829.416889014718,167.266431249027));
#1450=CARTESIAN_POINT('Ctrl Pts',(-11.5416250362864,826.298607853658,167.142998960892));
#1451=CARTESIAN_POINT('Ctrl Pts',(-14.8648159521335,821.819227895865,166.96019024112));
#1452=CARTESIAN_POINT('Ctrl Pts',(-18.2282326193583,815.939536041215,166.712916759612));
#1453=CARTESIAN_POINT('Ctrl Pts',(-22.6813076477194,806.2806752835,166.29979427304));
#1454=CARTESIAN_POINT('Ctrl Pts',(-27.1483178465848,793.945270974971,165.77278041016));
#1455=CARTESIAN_POINT('Ctrl Pts',(-33.9476232796607,770.667071037053,164.812127399322));
#1456=CARTESIAN_POINT('Ctrl Pts',(-39.4069752517569,745.474071675362,163.884526562783));
#1457=CARTESIAN_POINT('Ctrl Pts',(-46.7160903338403,705.07077765653,162.618806352602));
#1458=CARTESIAN_POINT('Ctrl Pts',(-53.5550857410316,657.834646042954,161.453538506311));
#1459=CARTESIAN_POINT('Ctrl Pts',(-60.836358672088,596.913089477293,160.396855770651));
#1460=CARTESIAN_POINT('Ctrl Pts',(-69.192436777525,515.671849853663,159.413147072302));
#1461=CARTESIAN_POINT('Ctrl Pts',(-74.4311678132014,454.628939267705,159.017897409517));
#1462=CARTESIAN_POINT('Ctrl Pts',(-77.5501395961179,413.907754031065,158.837090964242));
#1463=CARTESIAN_POINT('Ctrl Pts',(77.3030651012564,417.122976140928,158.85154645265));
#1464=CARTESIAN_POINT('Ctrl Pts',(74.1873253609825,457.536142050994,159.03551119601));
#1465=CARTESIAN_POINT('Ctrl Pts',(68.9665502001705,518.108162282436,159.435662225797));
#1466=CARTESIAN_POINT('Ctrl Pts',(60.6243150062041,598.765673614629,160.424353423347));
#1467=CARTESIAN_POINT('Ctrl Pts',(54.9965915491587,645.741499062301,161.247504638119));
#1468=CARTESIAN_POINT('Ctrl Pts',(49.4715240339967,685.972147963152,162.147488957208));
#1469=CARTESIAN_POINT('Ctrl Pts',(44.2934385474136,719.494845560499,163.035376242749));
#1470=CARTESIAN_POINT('Ctrl Pts',(37.9485726864668,752.89621573379,164.144966598854));
#1471=CARTESIAN_POINT('Ctrl Pts',(31.8960903314264,777.779536472629,165.105941834949));
#1472=CARTESIAN_POINT('Ctrl Pts',(27.0312069560157,794.273523165536,165.786265068705));
#1473=CARTESIAN_POINT('Ctrl Pts',(22.5911723848934,806.505710856351,166.309572325034));
#1474=CARTESIAN_POINT('Ctrl Pts',(18.1455257626008,816.097680287204,166.719605176857));
#1475=CARTESIAN_POINT('Ctrl Pts',(14.7880843313222,821.935561336476,166.965008437681));
#1476=CARTESIAN_POINT('Ctrl Pts',(11.4865334991287,826.36229057097,167.145569261146));
#1477=CARTESIAN_POINT('Ctrl Pts',(9.02528044358465,828.951304795083,167.247941175092));
#1478=CARTESIAN_POINT('Ctrl Pts',(6.98456436234108,830.547327045772,167.30898978213));
#1479=CARTESIAN_POINT('Ctrl Pts',(5.69801837918563,831.359130133369,167.339419326944));
#1480=CARTESIAN_POINT('Ctrl Pts',(4.6788203977632,831.897069788393,167.359273947218));
#1481=CARTESIAN_POINT('Ctrl Pts',(3.58717385276547,832.357471422467,167.37597722364));
#1482=CARTESIAN_POINT('Ctrl Pts',(2.41804341866712,832.710471955734,167.388531605741));
#1483=CARTESIAN_POINT('Ctrl Pts',(1.48404441583804,832.884772063063,167.394599755839));
#1484=CARTESIAN_POINT('Ctrl Pts',(0.649939867270625,832.96788752907,167.397454764365));
#1485=CARTESIAN_POINT('Ctrl Pts',(0.203830566624391,832.98158250749,167.39791665737));
#1486=CARTESIAN_POINT('Ctrl Pts',(2.06471453160141E-15,832.981582507489,
167.39791665737));
#1487=CARTESIAN_POINT('Ctrl Pts',(75.9354992395622,417.020458629895,161.785610009604));
#1488=CARTESIAN_POINT('Ctrl Pts',(72.7965006256851,457.424287400046,161.915662719849));
#1489=CARTESIAN_POINT('Ctrl Pts',(67.5275038922831,517.981350572081,162.199448591208));
#1490=CARTESIAN_POINT('Ctrl Pts',(59.0964330641387,598.610679782924,162.886116844409));
#1491=CARTESIAN_POINT('Ctrl Pts',(53.4215990316587,645.564781594747,163.449862423949));
#1492=CARTESIAN_POINT('Ctrl Pts',(47.8772805246076,685.772181349179,164.056479015217));
#1493=CARTESIAN_POINT('Ctrl Pts',(42.7078111596486,719.27218056735,164.648677551524));
#1494=CARTESIAN_POINT('Ctrl Pts',(36.440669769491,752.64535411241,165.375417985003));
#1495=CARTESIAN_POINT('Ctrl Pts',(30.5393267761511,777.504348621107,165.993540869826));
#1496=CARTESIAN_POINT('Ctrl Pts',(25.8349522058414,793.981274660263,166.426963861247));
#1497=CARTESIAN_POINT('Ctrl Pts',(21.5699964774481,806.20047848873,166.757308843355));
#1498=CARTESIAN_POINT('Ctrl Pts',(17.3189182764628,815.782426336705,167.014408509518));
#1499=CARTESIAN_POINT('Ctrl Pts',(14.1153357358298,821.614399835822,167.16765823755));
#1500=CARTESIAN_POINT('Ctrl Pts',(10.9676065078702,826.036849754965,167.280073192302));
#1501=CARTESIAN_POINT('Ctrl Pts',(8.62105979457181,828.623472656583,167.343702692461));
#1502=CARTESIAN_POINT('Ctrl Pts',(6.67441403131235,830.218087861166,167.381601490455));
#1503=CARTESIAN_POINT('Ctrl Pts',(5.44658071404271,831.029195121497,167.400482762272));
#1504=CARTESIAN_POINT('Ctrl Pts',(4.47351799989686,831.566683506707,167.412798897497));
#1505=CARTESIAN_POINT('Ctrl Pts',(3.43081336712523,832.02670800938,167.42315786504));
#1506=CARTESIAN_POINT('Ctrl Pts',(2.31344742361756,832.37942722072,167.430942289444));
#1507=CARTESIAN_POINT('Ctrl Pts',(1.42024750338319,832.553592474522,167.434704871313));
#1508=CARTESIAN_POINT('Ctrl Pts',(0.622169116786135,832.636644787099,167.436474863139));
#1509=CARTESIAN_POINT('Ctrl Pts',(0.195147616420092,832.650329633029,167.436761379554));
#1510=CARTESIAN_POINT('Ctrl Pts',(8.62298120508772E-13,832.650329633029,
167.436761379554));
#1511=CARTESIAN_POINT('Ctrl Pts',(71.8296972358945,416.712673378742,166.099071625427));
#1512=CARTESIAN_POINT('Ctrl Pts',(68.7054473201247,457.094587530177,166.133247039364));
#1513=CARTESIAN_POINT('Ctrl Pts',(63.4656660752113,517.621881627564,166.207161722802));
#1514=CARTESIAN_POINT('Ctrl Pts',(55.1523831809393,598.209382072122,166.383637230506));
#1515=CARTESIAN_POINT('Ctrl Pts',(49.6072919114898,645.135866051798,166.526079591472));
#1516=CARTESIAN_POINT('Ctrl Pts',(44.2484081081329,685.316330027945,166.677452500541));
#1517=CARTESIAN_POINT('Ctrl Pts',(39.2968775876012,718.791437395231,166.823563972584));
#1518=CARTESIAN_POINT('Ctrl Pts',(33.3898950178964,752.135811438712,166.999739409264));
#1519=CARTESIAN_POINT('Ctrl Pts',(27.9171871791418,776.97150134503,167.147439843281));
#1520=CARTESIAN_POINT('Ctrl Pts',(23.5932387413358,793.43262280903,167.249934081058));
#1521=CARTESIAN_POINT('Ctrl Pts',(19.69862907507,805.640237041221,167.32745476503));
#1522=CARTESIAN_POINT('Ctrl Pts',(15.8286349103041,815.213534229329,167.38745518272));
#1523=CARTESIAN_POINT('Ctrl Pts',(12.9141372805667,821.040536364047,167.423077344872));
#1524=CARTESIAN_POINT('Ctrl Pts',(10.0473652015308,825.459475313619,167.449149417532));
#1525=CARTESIAN_POINT('Ctrl Pts',(7.90701609617115,828.044174530293,167.463880604314));
#1526=CARTESIAN_POINT('Ctrl Pts',(6.12771404964204,829.637679386565,167.472647482775));
#1527=CARTESIAN_POINT('Ctrl Pts',(5.00387179478947,830.448243495179,167.477013578422));
#1528=CARTESIAN_POINT('Ctrl Pts',(4.11231817829356,830.985382454177,167.479860756075));
#1529=CARTESIAN_POINT('Ctrl Pts',(3.15589888423184,831.445117471018,167.482254870297));
#1530=CARTESIAN_POINT('Ctrl Pts',(2.12963426108239,831.797622897773,167.484053600736));
#1531=CARTESIAN_POINT('Ctrl Pts',(1.30815529024922,831.971686685611,167.484922718389));
#1532=CARTESIAN_POINT('Ctrl Pts',(0.573380521946489,832.054691831264,167.485331634485));
#1533=CARTESIAN_POINT('Ctrl Pts',(0.17989299545381,832.068369151251,167.485397759576));
#1534=CARTESIAN_POINT('Ctrl Pts',(2.37359624342803E-12,832.068369151251,
167.485397759576));
#1535=CARTESIAN_POINT('Ctrl Pts',(66.1744621863716,416.288737217552,167.5));
#1536=CARTESIAN_POINT('Ctrl Pts',(63.1203222284327,456.644274234595,167.499888202149));
#1537=CARTESIAN_POINT('Ctrl Pts',(58.0311400741304,517.139806047135,167.500090468904));
#1538=CARTESIAN_POINT('Ctrl Pts',(50.1030300702857,597.694910116881,167.499946976928));
#1539=CARTESIAN_POINT('Ctrl Pts',(44.8913521299548,644.604872375348,167.50003999925));
#1540=CARTESIAN_POINT('Ctrl Pts',(39.9178244049591,684.771874959357,167.499979510534));
#1541=CARTESIAN_POINT('Ctrl Pts',(35.3656564288018,718.236079492076,167.499993774311));
#1542=CARTESIAN_POINT('Ctrl Pts',(30.0105874915581,751.569927878927,167.500014207793));
#1543=CARTESIAN_POINT('Ctrl Pts',(25.1003771846919,776.398374292904,167.499986809296));
#1544=CARTESIAN_POINT('Ctrl Pts',(21.2367950890758,792.855152685551,167.499998106404));
#1545=CARTESIAN_POINT('Ctrl Pts',(17.7626409148439,805.060003129912,167.499998295236));
#1546=CARTESIAN_POINT('Ctrl Pts',(14.305072326255,814.631554250411,167.499998742109));
#1547=CARTESIAN_POINT('Ctrl Pts',(11.6948390234707,820.457712910377,167.499999522372));
#1548=CARTESIAN_POINT('Ctrl Pts',(9.11796545055103,824.87617096471,167.499999583757));
#1549=CARTESIAN_POINT('Ctrl Pts',(7.18795233728498,827.460662700385,167.499999864806));
#1550=CARTESIAN_POINT('Ctrl Pts',(5.57804826924476,829.054079233472,167.499999918103));
#1551=CARTESIAN_POINT('Ctrl Pts',(4.55913479706403,829.864609318894,167.499999922705));
#1552=CARTESIAN_POINT('Ctrl Pts',(3.74967224762863,830.401730952051,167.499999931975));
#1553=CARTESIAN_POINT('Ctrl Pts',(2.88001811904096,830.861455812813,167.499999947804));
#1554=CARTESIAN_POINT('Ctrl Pts',(1.94524140443206,831.213957361382,167.499999963612));
#1555=CARTESIAN_POINT('Ctrl Pts',(1.19572645865603,831.3880211689,167.499999988664));
#1556=CARTESIAN_POINT('Ctrl Pts',(0.524449180902575,831.471026876755,167.499999993226));
#1557=CARTESIAN_POINT('Ctrl Pts',(0.164593704768117,831.484704407325,167.5));
#1558=CARTESIAN_POINT('Ctrl Pts',(3.88932017921024E-12,831.484704407324,
167.5));
#1559=CARTESIAN_POINT('Ctrl Pts',(63.7521991896741,416.107155927433,167.5));
#1560=CARTESIAN_POINT('Ctrl Pts',(60.7278541829051,456.451395107435,167.5));
#1561=CARTESIAN_POINT('Ctrl Pts',(55.7033813641688,516.933307531041,167.5));
#1562=CARTESIAN_POINT('Ctrl Pts',(47.9397850468799,597.474509219068,167.5));
#1563=CARTESIAN_POINT('Ctrl Pts',(42.8709326117742,644.377378769852,167.5));
#1564=CARTESIAN_POINT('Ctrl Pts',(38.0622474803074,684.538588997732,167.5));
#1565=CARTESIAN_POINT('Ctrl Pts',(33.6810938437827,717.99810507366,167.5));
#1566=CARTESIAN_POINT('Ctrl Pts',(28.5624737883795,751.327433713252,167.5));
#1567=CARTESIAN_POINT('Ctrl Pts',(23.8931946658982,776.152755797641,167.5));
#1568=CARTESIAN_POINT('Ctrl Pts',(20.2269078064922,792.607670687187,167.5));
#1569=CARTESIAN_POINT('Ctrl Pts',(16.9329360165265,804.811334234364,167.5));
#1570=CARTESIAN_POINT('Ctrl Pts',(13.6521160604141,814.382134899145,167.5));
#1571=CARTESIAN_POINT('Ctrl Pts',(11.1722821416073,820.20793192464,167.5));
#1572=CARTESIAN_POINT('Ctrl Pts',(8.71965032017507,824.626183416813,167.5));
#1573=CARTESIAN_POINT('Ctrl Pts',(6.87978182019361,827.210586285963,167.5));
#1574=CARTESIAN_POINT('Ctrl Pts',(5.34247700584931,828.803964922302,167.5));
#1575=CARTESIAN_POINT('Ctrl Pts',(4.36853302564694,829.614480395171,167.5));
#1576=CARTESIAN_POINT('Ctrl Pts',(3.59425238965756,830.151594590063,167.5));
#1577=CARTESIAN_POINT('Ctrl Pts',(2.76178337716016,830.611315096526,167.5));
#1578=CARTESIAN_POINT('Ctrl Pts',(1.86621580958868,830.963814986225,167.5));
#1579=CARTESIAN_POINT('Ctrl Pts',(1.14754265241448,831.137878819078,167.5));
#1580=CARTESIAN_POINT('Ctrl Pts',(0.503478593526114,831.220884769681,167.5));
#1581=CARTESIAN_POINT('Ctrl Pts',(0.158036867588356,831.234562395969,167.5));
#1582=CARTESIAN_POINT('Ctrl Pts',(4.53891609519059E-12,831.234562395969,
167.5));
#1583=CARTESIAN_POINT('',(63.7521991896741,416.107155927433,167.5));
#1584=CARTESIAN_POINT('Ctrl Pts',(4.53891609519059E-12,831.234562395969,
167.5));
#1585=CARTESIAN_POINT('Ctrl Pts',(0.158036867588356,831.234562395969,167.5));
#1586=CARTESIAN_POINT('Ctrl Pts',(0.503478593526114,831.220884769681,167.5));
#1587=CARTESIAN_POINT('Ctrl Pts',(1.14754265241448,831.137878819078,167.5));
#1588=CARTESIAN_POINT('Ctrl Pts',(1.86621580958868,830.963814986225,167.5));
#1589=CARTESIAN_POINT('Ctrl Pts',(2.76178337716016,830.611315096526,167.5));
#1590=CARTESIAN_POINT('Ctrl Pts',(3.59425238965756,830.151594590063,167.5));
#1591=CARTESIAN_POINT('Ctrl Pts',(4.36853302564694,829.614480395171,167.5));
#1592=CARTESIAN_POINT('Ctrl Pts',(5.34247700584931,828.803964922302,167.5));
#1593=CARTESIAN_POINT('Ctrl Pts',(6.87978182019361,827.210586285963,167.5));
#1594=CARTESIAN_POINT('Ctrl Pts',(8.71965032017507,824.626183416813,167.5));
#1595=CARTESIAN_POINT('Ctrl Pts',(11.1722821416073,820.20793192464,167.5));
#1596=CARTESIAN_POINT('Ctrl Pts',(13.6521160604141,814.382134899145,167.5));
#1597=CARTESIAN_POINT('Ctrl Pts',(16.9329360165265,804.811334234364,167.5));
#1598=CARTESIAN_POINT('Ctrl Pts',(20.2269078064922,792.607670687187,167.5));
#1599=CARTESIAN_POINT('Ctrl Pts',(23.8931946658982,776.152755797641,167.5));
#1600=CARTESIAN_POINT('Ctrl Pts',(28.5624737883795,751.327433713252,167.5));
#1601=CARTESIAN_POINT('Ctrl Pts',(33.6810938437827,717.99810507366,167.5));
#1602=CARTESIAN_POINT('Ctrl Pts',(38.0622474803074,684.538588997732,167.5));
#1603=CARTESIAN_POINT('Ctrl Pts',(42.8709326117742,644.377378769852,167.5));
#1604=CARTESIAN_POINT('Ctrl Pts',(47.9397850468799,597.474509219068,167.5));
#1605=CARTESIAN_POINT('Ctrl Pts',(55.7033813641688,516.933307531041,167.5));
#1606=CARTESIAN_POINT('Ctrl Pts',(60.7278541829051,456.451395107435,167.5));
#1607=CARTESIAN_POINT('Ctrl Pts',(63.7521991896741,416.107155927433,167.5));
#1608=CARTESIAN_POINT('',(77.3030651012638,417.122976140928,158.851546452634));
#1609=CARTESIAN_POINT('Origin',(63.7521991896741,416.107155927433,152.5));
#1610=CARTESIAN_POINT('Ctrl Pts',(77.3030651012564,417.122976140928,158.85154645265));
#1611=CARTESIAN_POINT('Ctrl Pts',(74.1873253609825,457.536142050994,159.03551119601));
#1612=CARTESIAN_POINT('Ctrl Pts',(68.9665502001705,518.108162282436,159.435662225797));
#1613=CARTESIAN_POINT('Ctrl Pts',(60.6243150062041,598.765673614629,160.424353423347));
#1614=CARTESIAN_POINT('Ctrl Pts',(54.9965915491587,645.741499062301,161.247504638119));
#1615=CARTESIAN_POINT('Ctrl Pts',(49.4715240339967,685.972147963152,162.147488957208));
#1616=CARTESIAN_POINT('Ctrl Pts',(44.2934385474136,719.494845560499,163.035376242749));
#1617=CARTESIAN_POINT('Ctrl Pts',(37.9485726864668,752.89621573379,164.144966598854));
#1618=CARTESIAN_POINT('Ctrl Pts',(31.8960903314264,777.779536472629,165.105941834949));
#1619=CARTESIAN_POINT('Ctrl Pts',(27.0312069560157,794.273523165536,165.786265068705));
#1620=CARTESIAN_POINT('Ctrl Pts',(22.5911723848934,806.505710856351,166.309572325034));
#1621=CARTESIAN_POINT('Ctrl Pts',(18.1455257626008,816.097680287204,166.719605176857));
#1622=CARTESIAN_POINT('Ctrl Pts',(14.7880843313222,821.935561336476,166.965008437681));
#1623=CARTESIAN_POINT('Ctrl Pts',(11.4865334991287,826.36229057097,167.145569261146));
#1624=CARTESIAN_POINT('Ctrl Pts',(9.02528044358465,828.951304795083,167.247941175092));
#1625=CARTESIAN_POINT('Ctrl Pts',(6.98456436234108,830.547327045772,167.30898978213));
#1626=CARTESIAN_POINT('Ctrl Pts',(5.69801837918563,831.359130133369,167.339419326944));
#1627=CARTESIAN_POINT('Ctrl Pts',(4.6788203977632,831.897069788393,167.359273947218));
#1628=CARTESIAN_POINT('Ctrl Pts',(3.58717385276547,832.357471422467,167.37597722364));
#1629=CARTESIAN_POINT('Ctrl Pts',(2.41804341866712,832.710471955734,167.388531605741));
#1630=CARTESIAN_POINT('Ctrl Pts',(1.48404441583804,832.884772063063,167.394599755839));
#1631=CARTESIAN_POINT('Ctrl Pts',(0.649939867270625,832.96788752907,167.397454764365));
#1632=CARTESIAN_POINT('Ctrl Pts',(0.203830566624391,832.98158250749,167.39791665737));
#1633=CARTESIAN_POINT('Ctrl Pts',(2.06471453160141E-15,832.981582507489,
167.39791665737));
#1634=CARTESIAN_POINT('Ctrl Pts',(63.7521991896741,416.107155927433,167.5));
#1635=CARTESIAN_POINT('Ctrl Pts',(64.4957230236659,406.188676611274,167.5));
#1636=CARTESIAN_POINT('Ctrl Pts',(65.6192189331931,391.310914512395,167.5));
#1637=CARTESIAN_POINT('Ctrl Pts',(67.250894287063,371.485836279353,167.5));
#1638=CARTESIAN_POINT('Ctrl Pts',(68.6106288403853,356.626889934842,167.5));
#1639=CARTESIAN_POINT('Ctrl Pts',(69.6941997339409,346.738897100436,167.5));
#1640=CARTESIAN_POINT('Ctrl Pts',(70.4576808912339,340.858132698456,167.5));
#1641=CARTESIAN_POINT('Ctrl Pts',(70.7081709844513,338.960644013227,167.5));
#1642=CARTESIAN_POINT('Ctrl Pts',(71.225189475554,335.167477869268,167.5));
#1643=CARTESIAN_POINT('Ctrl Pts',(72.1727491890067,328.535154973336,167.5));
#1644=CARTESIAN_POINT('Ctrl Pts',(74.2359065174402,315.291429034609,167.5));
#1645=CARTESIAN_POINT('Ctrl Pts',(79.036542716229,288.920469037358,167.5));
#1646=CARTESIAN_POINT('Ctrl Pts',(85.9155412462696,259.059667326298,167.5));
#1647=CARTESIAN_POINT('Ctrl Pts',(92.0326936960814,236.910525432736,167.5));
#1648=CARTESIAN_POINT('Ctrl Pts',(94.1961724970997,229.566984411104,167.5));
#1649=CARTESIAN_POINT('Ctrl Pts',(65.3670411874739,416.228210120845,167.5));
#1650=CARTESIAN_POINT('Ctrl Pts',(66.1493937295147,406.313547414231,167.500048117199));
#1651=CARTESIAN_POINT('Ctrl Pts',(67.3370212990758,391.443606107427,167.499934477581));
#1652=CARTESIAN_POINT('Ctrl Pts',(69.0738681369621,371.642067232155,167.499927540148));
#1653=CARTESIAN_POINT('Ctrl Pts',(70.5260070578638,356.814751848095,167.500009672208));
#1654=CARTESIAN_POINT('Ctrl Pts',(71.6839648186918,346.967624772126,167.499832167398));
#1655=CARTESIAN_POINT('Ctrl Pts',(72.4953928778267,341.127087992212,167.499882224079));
#1656=CARTESIAN_POINT('Ctrl Pts',(72.7636772527519,339.236277524765,167.4999173537));
#1657=CARTESIAN_POINT('Ctrl Pts',(73.3150096852519,335.460460139226,167.499992825106));
#1658=CARTESIAN_POINT('Ctrl Pts',(74.3233706275777,328.857624772676,167.500019393497));
#1659=CARTESIAN_POINT('Ctrl Pts',(76.5076225484599,315.677114635572,167.500126000425));
#1660=CARTESIAN_POINT('Ctrl Pts',(81.5488715538213,289.442635713542,167.499749321308));
#1661=CARTESIAN_POINT('Ctrl Pts',(88.6936978570089,259.748951389214,167.500247727286));
#1662=CARTESIAN_POINT('Ctrl Pts',(95.0024734888535,237.747836324724,167.499156450935));
#1663=CARTESIAN_POINT('Ctrl Pts',(97.227943772351,230.460173795384,167.5));
#1664=CARTESIAN_POINT('Ctrl Pts',(68.5964038912465,416.470294422513,166.97083094273));
#1665=CARTESIAN_POINT('Ctrl Pts',(69.4564161825402,406.563265115647,166.945121810008));
#1666=CARTESIAN_POINT('Ctrl Pts',(70.7721373310055,391.708950813545,166.901222266546));
#1667=CARTESIAN_POINT('Ctrl Pts',(72.7191574326276,371.954461622363,166.823377427637));
#1668=CARTESIAN_POINT('Ctrl Pts',(74.3560273182954,357.1904001807,166.750673096166));
#1669=CARTESIAN_POINT('Ctrl Pts',(75.6624083198044,347.424930227231,166.687307784742));
#1670=CARTESIAN_POINT('Ctrl Pts',(76.5696562373774,341.664833493884,166.642918360999));
#1671=CARTESIAN_POINT('Ctrl Pts',(76.8735197240043,339.787376892409,166.627219033855));
#1672=CARTESIAN_POINT('Ctrl Pts',(77.4934665734694,336.046254574857,166.595976015144));
#1673=CARTESIAN_POINT('Ctrl Pts',(78.6232718399982,329.502353971879,166.539479100329));
#1674=CARTESIAN_POINT('Ctrl Pts',(81.0494373582507,316.448228010503,166.421275002886));
#1675=CARTESIAN_POINT('Ctrl Pts',(86.570332725298,290.486250628501,166.163269990344));
#1676=CARTESIAN_POINT('Ctrl Pts',(94.2455245216963,261.126472569223,165.825644680022));
#1677=CARTESIAN_POINT('Ctrl Pts',(100.933809182396,239.420016700956,165.535815091649));
#1678=CARTESIAN_POINT('Ctrl Pts',(103.283482819171,232.244194653706,165.433776897678));
#1679=CARTESIAN_POINT('Ctrl Pts',(72.9372616067329,416.79570027038,164.672769863924));
#1680=CARTESIAN_POINT('Ctrl Pts',(73.8775880663542,406.897126635006,164.539305029225));
#1681=CARTESIAN_POINT('Ctrl Pts',(75.3224236357771,392.060624061429,164.312410383229));
#1682=CARTESIAN_POINT('Ctrl Pts',(77.465600373093,372.361456552392,163.913503420299));
#1683=CARTESIAN_POINT('Ctrl Pts',(79.2638049261758,357.672224996158,163.543490880948));
#1684=CARTESIAN_POINT('Ctrl Pts',(80.688278116384,348.00328194318,163.224059423849));
#1685=CARTESIAN_POINT('Ctrl Pts',(81.6645000194169,342.337306903894,163.001657198641));
#1686=CARTESIAN_POINT('Ctrl Pts',(81.9946341598973,340.474121723295,162.923080285327));
#1687=CARTESIAN_POINT('Ctrl Pts',(82.6632452947706,336.771140280412,162.767112705239));
#1688=CARTESIAN_POINT('Ctrl Pts',(83.8756932489406,330.290272824434,162.486238387724));
#1689=CARTESIAN_POINT('Ctrl Pts',(86.4502356412773,317.367007356222,161.903293946306));
#1690=CARTESIAN_POINT('Ctrl Pts',(92.1976288063563,291.663039868015,160.652405707766));
#1691=CARTESIAN_POINT('Ctrl Pts',(99.9575380992596,262.554145240458,159.074556982099));
#1692=CARTESIAN_POINT('Ctrl Pts',(106.562948345008,241.009189294609,157.782745740288));
#1693=CARTESIAN_POINT('Ctrl Pts',(108.864262524277,233.888346779987,157.336252235863));
#1694=CARTESIAN_POINT('Ctrl Pts',(75.7582304595628,417.007169943318,161.702677795557));
#1695=CARTESIAN_POINT('Ctrl Pts',(76.7104295136245,407.111069079026,161.440584601162));
#1696=CARTESIAN_POINT('Ctrl Pts',(78.1667030956752,392.280758597701,160.997302759825));
#1697=CARTESIAN_POINT('Ctrl Pts',(80.2950417475103,372.604423334536,160.228720990744));
#1698=CARTESIAN_POINT('Ctrl Pts',(82.0567096654079,357.947206510295,159.52333936025));
#1699=CARTESIAN_POINT('Ctrl Pts',(83.4264711357856,348.319378903056,158.922836685135));
#1700=CARTESIAN_POINT('Ctrl Pts',(84.3526629937435,342.692122529118,158.508975075725));
#1701=CARTESIAN_POINT('Ctrl Pts',(84.6658194796497,340.832364153473,158.363024213511));
#1702=CARTESIAN_POINT('Ctrl Pts',(85.2975310424968,337.140689158975,158.074485937875));
#1703=CARTESIAN_POINT('Ctrl Pts',(86.4372795111042,330.675153915348,157.558157248349));
#1704=CARTESIAN_POINT('Ctrl Pts',(88.834467373877,317.775774648156,156.49977131571));
#1705=CARTESIAN_POINT('Ctrl Pts',(94.0963484837549,292.072966866128,154.290912938363));
#1706=CARTESIAN_POINT('Ctrl Pts',(101.016580747954,262.83731107796,151.669988329157));
#1707=CARTESIAN_POINT('Ctrl Pts',(106.786596827687,241.07597730941,149.696379130548));
#1708=CARTESIAN_POINT('Ctrl Pts',(108.785522974551,233.86514934075,149.034013227715));
#1709=CARTESIAN_POINT('Ctrl Pts',(76.9611736358395,417.09734676317,159.585062341876));
#1710=CARTESIAN_POINT('Ctrl Pts',(77.8888195169315,407.20007982677,159.24096533229));
#1711=CARTESIAN_POINT('Ctrl Pts',(79.297702401166,392.368529616795,158.661676915783));
#1712=CARTESIAN_POINT('Ctrl Pts',(81.3189717079582,372.69264895822,157.669876925787));
#1713=CARTESIAN_POINT('Ctrl Pts',(82.9665049851087,358.037417354187,156.768594028289));
#1714=CARTESIAN_POINT('Ctrl Pts',(84.2240433168541,348.412324659587,156.010876534113));
#1715=CARTESIAN_POINT('Ctrl Pts',(85.0654395955448,342.786237132629,155.49376770561));
#1716=CARTESIAN_POINT('Ctrl Pts',(85.3485900018017,340.923990482129,155.311735535404));
#1717=CARTESIAN_POINT('Ctrl Pts',(85.9190548825405,337.228040459902,154.953242494257));
#1718=CARTESIAN_POINT('Ctrl Pts',(86.9449785401343,330.752002247883,154.315334917941));
#1719=CARTESIAN_POINT('Ctrl Pts',(89.0908066914047,317.822667915085,153.023439702733));
#1720=CARTESIAN_POINT('Ctrl Pts',(93.7589159511261,292.015763442184,150.396322580856));
#1721=CARTESIAN_POINT('Ctrl Pts',(99.8271355521262,262.55700739287,147.468151577076));
#1722=CARTESIAN_POINT('Ctrl Pts',(104.878972137098,240.540851254252,145.443337751365));
#1723=CARTESIAN_POINT('Ctrl Pts',(106.63043860505,233.230240468574,144.788519111124));
#1724=CARTESIAN_POINT('Ctrl Pts',(77.3030651012627,417.122976140929,158.851546452637));
#1725=CARTESIAN_POINT('Ctrl Pts',(78.2190013409659,407.225023427203,158.480426010311));
#1726=CARTESIAN_POINT('Ctrl Pts',(79.6057864326001,392.392476925244,157.856544978488));
#1727=CARTESIAN_POINT('Ctrl Pts',(81.5805776161515,372.7152258934,156.79302479292));
#1728=CARTESIAN_POINT('Ctrl Pts',(83.1802972681427,358.05874015307,155.829779378886));
#1729=CARTESIAN_POINT('Ctrl Pts',(84.3918575848627,348.432036464431,155.023481888952));
#1730=CARTESIAN_POINT('Ctrl Pts',(85.1995023185895,342.803928544163,154.475050653639));
#1731=CARTESIAN_POINT('Ctrl Pts',(85.4706981371862,340.940375724456,154.282113338876));
#1732=CARTESIAN_POINT('Ctrl Pts',(86.0169424319716,337.241837268453,153.902639693349));
#1733=CARTESIAN_POINT('Ctrl Pts',(86.9980295736535,330.760210289315,153.228774089405));
#1734=CARTESIAN_POINT('Ctrl Pts',(89.0463170282091,317.816330470462,151.869703413597));
#1735=CARTESIAN_POINT('Ctrl Pts',(93.4892189367841,291.964204721193,149.132127518004));
#1736=CARTESIAN_POINT('Ctrl Pts',(99.2497067010518,262.41866688578,146.15019548675));
#1737=CARTESIAN_POINT('Ctrl Pts',(104.054054824148,240.309005167279,144.158195171701));
#1738=CARTESIAN_POINT('Ctrl Pts',(105.723181305238,232.96295362025,143.522502516423));
#1739=CARTESIAN_POINT('',(94.1961724970997,229.566984411104,167.5));
#1740=CARTESIAN_POINT('',(105.723181305238,232.96295362025,143.522502516423));
#1741=CARTESIAN_POINT('Origin',(94.1961724970997,229.566984411104,152.5));
#1742=CARTESIAN_POINT('',(85.0676706488272,343.720249673,154.566151177964));
#1743=CARTESIAN_POINT('Ctrl Pts',(105.723181305238,232.96295362025,143.522502516423));
#1744=CARTESIAN_POINT('Ctrl Pts',(104.054054824148,240.309005167279,144.158195171701));
#1745=CARTESIAN_POINT('Ctrl Pts',(99.2497067010518,262.41866688578,146.15019548675));
#1746=CARTESIAN_POINT('Ctrl Pts',(93.4892189367841,291.964204721193,149.132127518004));
#1747=CARTESIAN_POINT('Ctrl Pts',(89.0463170282091,317.816330470462,151.869703413597));
#1748=CARTESIAN_POINT('Ctrl Pts',(86.9980295736535,330.760210289315,153.228774089405));
#1749=CARTESIAN_POINT('Ctrl Pts',(86.0169424319716,337.241837268453,153.902639693349));
#1750=CARTESIAN_POINT('Ctrl Pts',(85.4706981371862,340.940375724456,154.282113338876));
#1751=CARTESIAN_POINT('Ctrl Pts',(85.1995023185895,342.803928544163,154.475050653639));
#1752=CARTESIAN_POINT('Ctrl Pts',(85.0687817102155,343.714860864537,154.563816495522));
#1753=CARTESIAN_POINT('Ctrl Pts',(85.0683920109589,343.717576696962,154.564081118123));
#1754=CARTESIAN_POINT('Ctrl Pts',(85.0680023353789,343.720292560319,154.564345721928));
#1755=CARTESIAN_POINT('Ctrl Pts',(85.0691714331554,343.712145063055,154.563551854121));
#1756=CARTESIAN_POINT('Ctrl Pts',(84.3918575848627,348.432036464431,155.023481888952));
#1757=CARTESIAN_POINT('Ctrl Pts',(83.1802972681427,358.05874015307,155.829779378886));
#1758=CARTESIAN_POINT('Ctrl Pts',(81.5805776161515,372.7152258934,156.79302479292));
#1759=CARTESIAN_POINT('Ctrl Pts',(79.6057864326001,392.392476925244,157.856544978488));
#1760=CARTESIAN_POINT('Ctrl Pts',(78.2190013409659,407.225023427203,158.480426010311));
#1761=CARTESIAN_POINT('Ctrl Pts',(77.3030651012627,417.122976140929,158.851546452637));
#1762=CARTESIAN_POINT('Ctrl Pts',(63.7521991896741,416.107155927433,167.5));
#1763=CARTESIAN_POINT('Ctrl Pts',(64.4957230236659,406.188676611274,167.5));
#1764=CARTESIAN_POINT('Ctrl Pts',(65.6192189331931,391.310914512395,167.5));
#1765=CARTESIAN_POINT('Ctrl Pts',(67.250894287063,371.485836279353,167.5));
#1766=CARTESIAN_POINT('Ctrl Pts',(68.6106288403853,356.626889934842,167.5));
#1767=CARTESIAN_POINT('Ctrl Pts',(69.6941997339409,346.738897100436,167.5));
#1768=CARTESIAN_POINT('Ctrl Pts',(70.4576808912339,340.858132698456,167.5));
#1769=CARTESIAN_POINT('Ctrl Pts',(70.7081709844513,338.960644013227,167.5));
#1770=CARTESIAN_POINT('Ctrl Pts',(71.225189475554,335.167477869268,167.5));
#1771=CARTESIAN_POINT('Ctrl Pts',(72.1727491890067,328.535154973336,167.5));
#1772=CARTESIAN_POINT('Ctrl Pts',(74.2359065174402,315.291429034609,167.5));
#1773=CARTESIAN_POINT('Ctrl Pts',(79.036542716229,288.920469037358,167.5));
#1774=CARTESIAN_POINT('Ctrl Pts',(85.9155412462696,259.059667326298,167.5));
#1775=CARTESIAN_POINT('Ctrl Pts',(92.0326936960814,236.910525432736,167.5));
#1776=CARTESIAN_POINT('Ctrl Pts',(94.1961724970997,229.566984411104,167.5));
#1777=CARTESIAN_POINT('Ctrl Pts',(110.734901770561,-102.286158244644,147.002912018711));
#1778=CARTESIAN_POINT('Ctrl Pts',(117.701606039832,-94.2761490892228,146.65525756206));
#1779=CARTESIAN_POINT('Ctrl Pts',(126.895941719628,-80.9604130185321,146.03423706776));
#1780=CARTESIAN_POINT('Ctrl Pts',(135.795327646318,-61.5456357895782,145.055518264033));
#1781=CARTESIAN_POINT('Ctrl Pts',(140.722848454764,-46.5168824851786,144.313364412842));
#1782=CARTESIAN_POINT('Ctrl Pts',(144.011330921663,-31.029007437522,143.640410985536));
#1783=CARTESIAN_POINT('Ctrl Pts',(145.776456419009,-15.4441193531119,143.160077803714));
#1784=CARTESIAN_POINT('Ctrl Pts',(146.124063451442,-5.14722404001678,143.037143375948));
#1785=CARTESIAN_POINT('Ctrl Pts',(146.124063451442,11.3545788032689,143.037143375948));
#1786=CARTESIAN_POINT('Ctrl Pts',(145.164576280916,45.4266768775092,143.152112449198));
#1787=CARTESIAN_POINT('Ctrl Pts',(138.5833419684,101.751201376102,143.375410604152));
#1788=CARTESIAN_POINT('Ctrl Pts',(124.18625995514,168.2111841056,143.416618212389));
#1789=CARTESIAN_POINT('Ctrl Pts',(111.988384878058,211.541506032049,143.463742304332));
#1790=CARTESIAN_POINT('Ctrl Pts',(105.723181305238,232.96295362025,143.522502516423));
#1791=CARTESIAN_POINT('Ctrl Pts',(111.494935137359,-102.964613688117,149.589519266243));
#1792=CARTESIAN_POINT('Ctrl Pts',(118.567699410085,-94.9512522497488,149.24950217879));
#1793=CARTESIAN_POINT('Ctrl Pts',(127.95208328579,-81.6205301690271,148.63774519769));
#1794=CARTESIAN_POINT('Ctrl Pts',(137.158815303332,-62.1294284151925,147.650037130128));
#1795=CARTESIAN_POINT('Ctrl Pts',(142.326501077918,-47.0056300484871,146.887203397221));
#1796=CARTESIAN_POINT('Ctrl Pts',(145.838590952374,-31.3798266922872,146.18149108087));
#1797=CARTESIAN_POINT('Ctrl Pts',(147.765976362198,-15.6245066897916,145.667988639447));
#1798=CARTESIAN_POINT('Ctrl Pts',(148.154998867721,-5.20688599299969,145.534855554134));
#1799=CARTESIAN_POINT('Ctrl Pts',(148.155969839785,11.3965224055152,145.534643439102));
#1800=CARTESIAN_POINT('Ctrl Pts',(147.157196393473,45.5911091896653,145.659252349534));
#1801=CARTESIAN_POINT('Ctrl Pts',(140.491046529937,102.083101979783,145.898043953211));
#1802=CARTESIAN_POINT('Ctrl Pts',(126.049272514463,168.68727514712,145.941744629495));
#1803=CARTESIAN_POINT('Ctrl Pts',(113.822041816468,212.067404542134,145.992305895577));
#1804=CARTESIAN_POINT('Ctrl Pts',(107.537695904862,233.497527316898,146.054535705825));
#1805=CARTESIAN_POINT('Ctrl Pts',(111.911727348514,-103.336669648828,155.340068547625));
#1806=CARTESIAN_POINT('Ctrl Pts',(119.108108479694,-95.3803040027334,155.067627356779));
#1807=CARTESIAN_POINT('Ctrl Pts',(128.739263431782,-82.1298951640765,154.571342921544));
#1808=CARTESIAN_POINT('Ctrl Pts',(138.408770283784,-62.671317646088,153.743576897929));
#1809=CARTESIAN_POINT('Ctrl Pts',(143.964232624981,-47.5106907104172,153.087901502962));
#1810=CARTESIAN_POINT('Ctrl Pts',(147.859366516039,-31.7724260362171,152.465065420034));
#1811=CARTESIAN_POINT('Ctrl Pts',(150.0782433509,-15.8365856903522,152.000426370856));
#1812=CARTESIAN_POINT('Ctrl Pts',(150.54383728291,-5.27695041071065,151.877968884299));
#1813=CARTESIAN_POINT('Ctrl Pts',(150.545463231326,11.445722545697,151.877039665238));
#1814=CARTESIAN_POINT('Ctrl Pts',(149.475605321192,45.7841442592545,151.992591780314));
#1815=CARTESIAN_POINT('Ctrl Pts',(142.662059367118,102.46184456509,152.208274908882));
#1816=CARTESIAN_POINT('Ctrl Pts',(128.16126217063,169.226964434464,152.247478350194));
#1817=CARTESIAN_POINT('Ctrl Pts',(115.890966435707,212.660666147756,152.293857232658));
#1818=CARTESIAN_POINT('Ctrl Pts',(109.572434639115,234.096981191289,152.349154756639));
#1819=CARTESIAN_POINT('Ctrl Pts',(109.049738386158,-100.781871299838,163.115170051919));
#1820=CARTESIAN_POINT('Ctrl Pts',(116.105251526463,-93.0697441016247,163.00419870919));
#1821=CARTESIAN_POINT('Ctrl Pts',(125.586196403122,-80.2264877267603,162.801750110696));
#1822=CARTESIAN_POINT('Ctrl Pts',(135.227571351245,-61.3342419029043,162.455275561785));
#1823=CARTESIAN_POINT('Ctrl Pts',(140.844553434917,-46.5815422523574,162.176517115249));
#1824=CARTESIAN_POINT('Ctrl Pts',(144.860464293376,-31.2130470972166,161.907061265034));
#1825=CARTESIAN_POINT('Ctrl Pts',(147.203798070936,-15.5842941843536,161.702878111876));
#1826=CARTESIAN_POINT('Ctrl Pts',(147.707569550101,-5.19355784247788,161.648549232562));
#1827=CARTESIAN_POINT('Ctrl Pts',(147.709795556094,11.3871245945589,161.648633965118));
#1828=CARTESIAN_POINT('Ctrl Pts',(146.602492741808,45.5527991205229,161.69898154753));
#1829=CARTESIAN_POINT('Ctrl Pts',(139.746128948501,101.958402189713,161.794347754551));
#1830=CARTESIAN_POINT('Ctrl Pts',(125.284177168821,168.490803126437,161.811385141626));
#1831=CARTESIAN_POINT('Ctrl Pts',(113.021672549888,211.839012315717,161.83134007435));
#1832=CARTESIAN_POINT('Ctrl Pts',(106.691464647427,233.248219335799,161.855846259725));
#1833=CARTESIAN_POINT('Ctrl Pts',(104.472621260991,-96.6960374869495,166.924794203311));
#1834=CARTESIAN_POINT('Ctrl Pts',(111.191799178978,-89.2752502742765,166.909921519315));
#1835=CARTESIAN_POINT('Ctrl Pts',(120.187533074944,-76.9294381519246,166.883557666252));
#1836=CARTESIAN_POINT('Ctrl Pts',(129.272616163082,-58.8128102472337,166.837656943388));
#1837=CARTESIAN_POINT('Ctrl Pts',(134.537575966399,-44.6833452235232,166.800862245571));
#1838=CARTESIAN_POINT('Ctrl Pts',(138.283580310395,-29.9680749986868,166.765206443976));
#1839=CARTESIAN_POINT('Ctrl Pts',(140.461883621837,-14.9818390403118,166.738180006412));
#1840=CARTESIAN_POINT('Ctrl Pts',(140.928729848948,-4.99433467152058,166.731015717549));
#1841=CARTESIAN_POINT('Ctrl Pts',(140.929831134514,11.2470729168289,166.7314351201));
#1842=CARTESIAN_POINT('Ctrl Pts',(139.85592984641,45.0022073463243,166.737385718887));
#1843=CARTESIAN_POINT('Ctrl Pts',(133.110161895366,100.808032163264,166.750418111825));
#1844=CARTESIAN_POINT('Ctrl Pts',(118.771743918875,166.825578595753,166.752613543604));
#1845=CARTESIAN_POINT('Ctrl Pts',(106.571599986999,209.990463846382,166.754899122392));
#1846=CARTESIAN_POINT('Ctrl Pts',(100.263713867854,231.354541271107,166.758428064682));
#1847=CARTESIAN_POINT('Ctrl Pts',(101.360238838002,-93.9177215743929,167.5));
#1848=CARTESIAN_POINT('Ctrl Pts',(107.839954678576,-86.6854993555761,167.5));
#1849=CARTESIAN_POINT('Ctrl Pts',(116.48213469664,-74.6629762605359,167.5));
#1850=CARTESIAN_POINT('Ctrl Pts',(125.13849961926,-57.0607878464874,167.5));
#1851=CARTESIAN_POINT('Ctrl Pts',(130.11913020513,-43.3519533690227,167.5));
#1852=CARTESIAN_POINT('Ctrl Pts',(133.63475452731,-29.086717327661,167.5));
#1853=CARTESIAN_POINT('Ctrl Pts',(135.663566313533,-14.5523140952873,167.5));
#1854=CARTESIAN_POINT('Ctrl Pts',(136.09518596018,-4.85226699466349,167.5));
#1855=CARTESIAN_POINT('Ctrl Pts',(136.095390796148,11.1471888683249,167.5));
#1856=CARTESIAN_POINT('Ctrl Pts',(135.053689347834,44.6097946305513,167.5));
#1857=CARTESIAN_POINT('Ctrl Pts',(128.4015149184,99.9914243608349,167.5));
#1858=CARTESIAN_POINT('Ctrl Pts',(114.153276745384,165.644713485797,167.5));
#1859=CARTESIAN_POINT('Ctrl Pts',(102.000524233239,208.680344798117,167.5));
#1860=CARTESIAN_POINT('Ctrl Pts',(95.7120581347254,230.013579103244,167.5));
#1861=CARTESIAN_POINT('Ctrl Pts',(100.32328067572,-92.9920649643165,167.5));
#1862=CARTESIAN_POINT('Ctrl Pts',(106.723232541545,-85.8225787280166,167.5));
#1863=CARTESIAN_POINT('Ctrl Pts',(115.247703745051,-73.9079784178223,167.5));
#1864=CARTESIAN_POINT('Ctrl Pts',(123.761382248692,-56.4771589004297,167.5));
#1865=CARTESIAN_POINT('Ctrl Pts',(128.647440549052,-42.9085067989799,167.5));
#1866=CARTESIAN_POINT('Ctrl Pts',(132.086472582368,-28.7931901369937,167.5));
#1867=CARTESIAN_POINT('Ctrl Pts',(134.065612915347,-14.409267991403,167.5));
#1868=CARTESIAN_POINT('Ctrl Pts',(134.48557796094,-4.80499150740746,167.5));
#1869=CARTESIAN_POINT('Ctrl Pts',(134.48557796094,11.1139689027483,167.5));
#1870=CARTESIAN_POINT('Ctrl Pts',(133.454360728071,44.4790814517696,167.5));
#1871=CARTESIAN_POINT('Ctrl Pts',(126.833421032019,99.7194968364832,167.5));
#1872=CARTESIAN_POINT('Ctrl Pts',(112.615177854405,165.251415206201,167.5));
#1873=CARTESIAN_POINT('Ctrl Pts',(100.478115507835,208.244054797383,167.5));
#1874=CARTESIAN_POINT('Ctrl Pts',(94.1961724970997,229.566984411104,167.5));
#1875=CARTESIAN_POINT('Ctrl Pts',(94.1961724970997,229.566984411104,167.5));
#1876=CARTESIAN_POINT('Ctrl Pts',(100.478115507835,208.244054797383,167.5));
#1877=CARTESIAN_POINT('Ctrl Pts',(112.615177854405,165.251415206201,167.5));
#1878=CARTESIAN_POINT('Ctrl Pts',(126.833421032019,99.7194968364832,167.5));
#1879=CARTESIAN_POINT('Ctrl Pts',(133.454360728071,44.4790814517696,167.5));
#1880=CARTESIAN_POINT('Ctrl Pts',(134.48557796094,11.1139689027483,167.5));
#1881=CARTESIAN_POINT('Ctrl Pts',(134.48557796094,-4.80499150740746,167.5));
#1882=CARTESIAN_POINT('Ctrl Pts',(134.065612915347,-14.409267991403,167.5));
#1883=CARTESIAN_POINT('Ctrl Pts',(132.086472582368,-28.7931901369937,167.5));
#1884=CARTESIAN_POINT('Ctrl Pts',(128.647440549052,-42.9085067989799,167.5));
#1885=CARTESIAN_POINT('Ctrl Pts',(123.761382248692,-56.4771589004297,167.5));
#1886=CARTESIAN_POINT('Ctrl Pts',(115.247703745051,-73.9079784178223,167.5));
#1887=CARTESIAN_POINT('Ctrl Pts',(106.723232541545,-85.8225787280166,167.5));
#1888=CARTESIAN_POINT('Ctrl Pts',(100.32328067572,-92.9920649643165,167.5));
#1889=CARTESIAN_POINT('Ctrl Pts',(110.734901770561,-102.286158244644,147.002912018711));
#1890=CARTESIAN_POINT('Ctrl Pts',(117.701606039832,-94.2761490892228,146.65525756206));
#1891=CARTESIAN_POINT('Ctrl Pts',(126.895941719628,-80.9604130185321,146.03423706776));
#1892=CARTESIAN_POINT('Ctrl Pts',(135.795327646318,-61.5456357895782,145.055518264033));
#1893=CARTESIAN_POINT('Ctrl Pts',(140.722848454764,-46.5168824851786,144.313364412842));
#1894=CARTESIAN_POINT('Ctrl Pts',(144.011330921663,-31.029007437522,143.640410985536));
#1895=CARTESIAN_POINT('Ctrl Pts',(145.776456419009,-15.4441193531119,143.160077803714));
#1896=CARTESIAN_POINT('Ctrl Pts',(146.124063451442,-5.14722404001678,143.037143375948));
#1897=CARTESIAN_POINT('Ctrl Pts',(146.124063451442,11.3545788032689,143.037143375948));
#1898=CARTESIAN_POINT('Ctrl Pts',(145.164576280916,45.4266768775092,143.152112449198));
#1899=CARTESIAN_POINT('Ctrl Pts',(138.5833419684,101.751201376102,143.375410604152));
#1900=CARTESIAN_POINT('Ctrl Pts',(124.18625995514,168.2111841056,143.416618212389));
#1901=CARTESIAN_POINT('Ctrl Pts',(111.988384878058,211.541506032049,143.463742304332));
#1902=CARTESIAN_POINT('Ctrl Pts',(105.723181305238,232.96295362025,143.522502516423));
#1903=CARTESIAN_POINT('Ctrl Pts',(0.,-1140.,25.0000000000003));
#1904=CARTESIAN_POINT('Ctrl Pts',(-5.,-1140.,25.0000000000003));
#1905=CARTESIAN_POINT('Ctrl Pts',(-15.7678151205098,-1133.15701600348,25.102290676847));
#1906=CARTESIAN_POINT('Ctrl Pts',(-31.3509879624506,-1099.36105191384,25.6074814011074));
#1907=CARTESIAN_POINT('Ctrl Pts',(-44.1338563136689,-1052.39479770759,26.3095449941144));
#1908=CARTESIAN_POINT('Ctrl Pts',(-51.8327901957184,-1014.77076847628,26.8719586162303));
#1909=CARTESIAN_POINT('Ctrl Pts',(-59.3449261280821,-972.177998649693,27.5086462449466));
#1910=CARTESIAN_POINT('Ctrl Pts',(-65.6800407176327,-929.498950815171,28.1466235794135));
#1911=CARTESIAN_POINT('Ctrl Pts',(-72.428210675654,-873.749884029081,28.9799749035801));
#1912=CARTESIAN_POINT('Ctrl Pts',(-78.8025694890773,-813.635167437219,29.8785850788109));
#1913=CARTESIAN_POINT('Ctrl Pts',(-84.5485424165505,-747.408732830426,30.8685547797542));
#1914=CARTESIAN_POINT('Ctrl Pts',(-88.9453278356409,-685.239387960409,31.7978780645428));
#1915=CARTESIAN_POINT('Ctrl Pts',(-91.2711676854194,-648.712342922479,32.3438936860552));
#1916=CARTESIAN_POINT('Ctrl Pts',(-94.0209328632274,-602.307467225274,33.0375656493548));
#1917=CARTESIAN_POINT('Ctrl Pts',(-97.424783409836,-535.509768627783,34.036074750689));
#1918=CARTESIAN_POINT('Ctrl Pts',(-100.942615381371,-447.773590577758,35.3475776039069));
#1919=CARTESIAN_POINT('Ctrl Pts',(-103.638389007659,-360.075654936457,36.6585087998045));
#1920=CARTESIAN_POINT('Ctrl Pts',(-105.579834498273,-274.474326728863,37.9380993709702));
#1921=CARTESIAN_POINT('Ctrl Pts',(-106.863617452561,-193.163766389885,39.1535504454365));
#1922=CARTESIAN_POINT('Ctrl Pts',(-107.608099473823,-118.417573224665,40.2708756786641));
#1923=CARTESIAN_POINT('Ctrl Pts',(-107.889931937659,-63.5179915543246,41.091528681795));
#1924=CARTESIAN_POINT('Ctrl Pts',(-107.969447681773,-29.9559732599565,41.5932223243743));
#1925=CARTESIAN_POINT('Ctrl Pts',(-107.989511484884,-12.3040605738184,41.8570876347469));
#1926=CARTESIAN_POINT('Ctrl Pts',(-107.992423186281,-4.00916846576346,41.9810818057759));
#1927=CARTESIAN_POINT('Ctrl Pts',(-107.992423721637,40.9955007222877,42.6538231236501));
#1928=CARTESIAN_POINT('Ctrl Pts',(-106.602577402054,121.36975727551,43.8552780893637));
#1929=CARTESIAN_POINT('Ctrl Pts',(-95.7617599291068,358.572836689452,47.4010504530739));
#1930=CARTESIAN_POINT('Ctrl Pts',(-60.7375770963979,721.351005194064,52.8239514001638));
#1931=CARTESIAN_POINT('Ctrl Pts',(-38.5,1177.03261828602,59.6355968237467));
#1932=CARTESIAN_POINT('Ctrl Pts',(-38.5,1469.,64.));
#1933=CARTESIAN_POINT('Ctrl Pts',(0.,-1140.,25.0000000000003));
#1934=CARTESIAN_POINT('Ctrl Pts',(-5.0057468719562,-1140.,25.0386917928727));
#1935=CARTESIAN_POINT('Ctrl Pts',(-15.7855184513063,-1133.15704800317,25.2165651401566));
#1936=CARTESIAN_POINT('Ctrl Pts',(-31.3851105311693,-1099.36118631253,25.8167416059668));
#1937=CARTESIAN_POINT('Ctrl Pts',(-44.1811903292762,-1052.39503841637,26.5913990622762));
#1938=CARTESIAN_POINT('Ctrl Pts',(-51.8881328269043,-1014.77107958437,27.1963315478921));
#1939=CARTESIAN_POINT('Ctrl Pts',(-59.4081060467039,-972.178380868212,27.8742189327624));
#1940=CARTESIAN_POINT('Ctrl Pts',(-65.7500246787157,-929.499395255309,28.5467961038508));
#1941=CARTESIAN_POINT('Ctrl Pts',(-72.5055503268017,-873.750395313016,29.41750452457));
#1942=CARTESIAN_POINT('Ctrl Pts',(-78.8870505394304,-813.635741298325,30.351975559396));
#1943=CARTESIAN_POINT('Ctrl Pts',(-84.6397816940318,-747.409360735452,31.3754795361956));
#1944=CARTESIAN_POINT('Ctrl Pts',(-89.0419940046794,-685.240051953975,32.3319593144573));
#1945=CARTESIAN_POINT('Ctrl Pts',(-91.3707962257099,-648.71302380477,32.8928501031101));
#1946=CARTESIAN_POINT('Ctrl Pts',(-94.1241427478515,-602.30816588517,33.6045718272677));
#1947=CARTESIAN_POINT('Ctrl Pts',(-97.5327041801299,-535.510482220868,34.6268109809655));
#1948=CARTESIAN_POINT('Ctrl Pts',(-101.055808752944,-447.774300570877,35.9657018620715));
#1949=CARTESIAN_POINT('Ctrl Pts',(-103.755992197699,-360.076334929868,37.3007640204384));
#1950=CARTESIAN_POINT('Ctrl Pts',(-105.700957578441,-274.474946722855,38.6011009885377));
#1951=CARTESIAN_POINT('Ctrl Pts',(-106.987241588449,-193.164292784784,39.8337714938783));
#1952=CARTESIAN_POINT('Ctrl Pts',(-107.733143519264,-118.417968820831,40.964656542358));
#1953=CARTESIAN_POINT('Ctrl Pts',(-108.015189640586,-63.5182441518767,41.7934467237606));
#1954=CARTESIAN_POINT('Ctrl Pts',(-108.094301823791,-29.9561063336668,42.2991154922056));
#1955=CARTESIAN_POINT('Ctrl Pts',(-108.113972973492,-12.3041195732466,42.5647523100066));
#1956=CARTESIAN_POINT('Ctrl Pts',(-108.116633939216,-4.00918846556955,42.6894642259983));
#1957=CARTESIAN_POINT('Ctrl Pts',(-108.115071779339,40.9957052243515,43.3657584707567));
#1958=CARTESIAN_POINT('Ctrl Pts',(-106.72142176574,121.370236635564,44.5637015533139));
#1959=CARTESIAN_POINT('Ctrl Pts',(-95.864058549031,358.573503588955,48.0508875939924));
#1960=CARTESIAN_POINT('Ctrl Pts',(-60.7989622405827,721.350193931931,53.250315185728));
#1961=CARTESIAN_POINT('Ctrl Pts',(-38.5186865679509,1177.03157137978,59.9239678128339));
#1962=CARTESIAN_POINT('Ctrl Pts',(-38.5,1469.,64.2979262519748));
#1963=CARTESIAN_POINT('Ctrl Pts',(0.,-1139.99999996757,24.999999999289));
#1964=CARTESIAN_POINT('Ctrl Pts',(-5.01689026769487,-1139.99999996757,25.1164238627951));
#1965=CARTESIAN_POINT('Ctrl Pts',(-15.8216091590374,-1133.15979017412,25.4596507987675));
#1966=CARTESIAN_POINT('Ctrl Pts',(-31.4597799228942,-1099.37436181344,26.2976200872392));
#1967=CARTESIAN_POINT('Ctrl Pts',(-44.2895481318059,-1052.41970970779,27.2708657132299));
#1968=CARTESIAN_POINT('Ctrl Pts',(-52.017751447258,-1014.80346010376,27.9984527685412));
#1969=CARTESIAN_POINT('Ctrl Pts',(-59.5592263778274,-972.218522447078,28.7984690266255));
#1970=CARTESIAN_POINT('Ctrl Pts',(-65.919862901325,-929.546263635327,29.5769964573373));
#1971=CARTESIAN_POINT('Ctrl Pts',(-72.6968003326934,-873.804212384147,30.5660269040997));
#1972=CARTESIAN_POINT('Ctrl Pts',(-79.0994138119884,-813.695808274831,31.6164237937684));
#1973=CARTESIAN_POINT('Ctrl Pts',(-84.8726593035212,-747.47432225483,32.7514786204721));
#1974=CARTESIAN_POINT('Ctrl Pts',(-89.2921021398712,-685.307665714028,33.8004123164963));
#1975=CARTESIAN_POINT('Ctrl Pts',(-91.6304713283797,-648.781639148615,34.4124698368427));
#1976=CARTESIAN_POINT('Ctrl Pts',(-94.395525288069,-602.377587190212,35.186685761446));
#1977=CARTESIAN_POINT('Ctrl Pts',(-97.8196132992136,-535.579735522947,36.2920841200127));
#1978=CARTESIAN_POINT('Ctrl Pts',(-101.360898107729,-447.840666294774,37.7283429836878));
#1979=CARTESIAN_POINT('Ctrl Pts',(-104.077107787707,-360.137104616531,39.1500214882415));
#1980=CARTESIAN_POINT('Ctrl Pts',(-106.035458831511,-274.527508012433,40.5250363759537));
#1981=CARTESIAN_POINT('Ctrl Pts',(-107.33218958476,-193.206267222377,41.8193198664982));
#1982=CARTESIAN_POINT('Ctrl Pts',(-108.085160063832,-118.447336469025,42.9976306204203));
#1983=CARTESIAN_POINT('Ctrl Pts',(-108.369943080649,-63.5358144056752,43.8532059402335));
#1984=CARTESIAN_POINT('Ctrl Pts',(-108.449152908566,-29.9649847351216,44.3704662059666));
#1985=CARTESIAN_POINT('Ctrl Pts',(-108.468332769824,-12.3079457609361,44.6406138184638));
#1986=CARTESIAN_POINT('Ctrl Pts',(-108.470560603114,-4.01046645302557,44.7668654305765));
#1987=CARTESIAN_POINT('Ctrl Pts',(-108.466030158305,41.0087726612411,45.4497614398447));
#1988=CARTESIAN_POINT('Ctrl Pts',(-107.062724092821,121.407866599183,46.6268452478975));
#1989=CARTESIAN_POINT('Ctrl Pts',(-96.1554724728652,358.673512660082,49.8934221988011));
#1990=CARTESIAN_POINT('Ctrl Pts',(-60.9524751036634,721.494337790663,54.3163772869089));
#1991=CARTESIAN_POINT('Ctrl Pts',(-38.550232034179,1177.10466275999,60.503181240853));
#1992=CARTESIAN_POINT('Ctrl Pts',(-38.49308336538,1468.99999995821,64.8937787570075));
#1993=CARTESIAN_POINT('Ctrl Pts',(0.,-1139.99999994698,24.9999999988375));
#1994=CARTESIAN_POINT('Ctrl Pts',(-5.03251611355092,-1139.99999994698,25.2341843407147));
#1995=CARTESIAN_POINT('Ctrl Pts',(-15.8741888930654,-1133.17170053368,25.8564627380864));
#1996=CARTESIAN_POINT('Ctrl Pts',(-31.5729487259814,-1099.43170060643,27.1537385267296));
#1997=CARTESIAN_POINT('Ctrl Pts',(-44.4573281806968,-1052.52714102124,28.538820948217));
#1998=CARTESIAN_POINT('Ctrl Pts',(-52.2208971874153,-1014.94448932102,29.5305028859867));
#1999=CARTESIAN_POINT('Ctrl Pts',(-59.7984238991863,-972.393374076171,30.5981288234695));
#2000=CARTESIAN_POINT('Ctrl Pts',(-66.1914102367256,-929.750426983749,31.6137213206576));
#2001=CARTESIAN_POINT('Ctrl Pts',(-73.0056103831553,-874.038639370367,32.8725399005293));
#2002=CARTESIAN_POINT('Ctrl Pts',(-79.4455722824153,-813.957441173418,34.1902842254735));
#2003=CARTESIAN_POINT('Ctrl Pts',(-85.2559704583506,-747.757231814981,35.5865059618443));
#2004=CARTESIAN_POINT('Ctrl Pts',(-89.707068297233,-685.602064989396,36.8542662742323));
#2005=CARTESIAN_POINT('Ctrl Pts',(-92.0631963232026,-649.080358375078,37.5880045513336));
#2006=CARTESIAN_POINT('Ctrl Pts',(-94.8501309909164,-602.679758235869,38.5112739643793));
#2007=CARTESIAN_POINT('Ctrl Pts',(-98.3038936127149,-535.881078473282,39.8161332710736));
#2008=CARTESIAN_POINT('Ctrl Pts',(-101.88061851856,-448.129292156657,41.4872280680038));
#2009=CARTESIAN_POINT('Ctrl Pts',(-104.628743118669,-360.401219251227,43.1184275636115));
#2010=CARTESIAN_POINT('Ctrl Pts',(-106.614662469305,-274.755762163144,44.6740795264447));
#2011=CARTESIAN_POINT('Ctrl Pts',(-107.933636782665,-193.388364437312,46.1166725743162));
#2012=CARTESIAN_POINT('Ctrl Pts',(-108.702572186888,-118.574582796939,47.407632105068));
#2013=CARTESIAN_POINT('Ctrl Pts',(-108.99459208713,-63.6118514035181,48.3246591984366));
#2014=CARTESIAN_POINT('Ctrl Pts',(-109.075232631852,-30.0033752470171,48.8665183952289));
#2015=CARTESIAN_POINT('Ctrl Pts',(-109.094130021501,-12.3244807206627,49.1452625504107));
#2016=CARTESIAN_POINT('Ctrl Pts',(-109.095840059669,-4.01598760530334,49.2739593726174));
#2017=CARTESIAN_POINT('Ctrl Pts',(-109.08731757448,41.0652263529312,49.9652864565185));
#2018=CARTESIAN_POINT('Ctrl Pts',(-107.66813027879,121.571072833409,51.0814804214228));
#2019=CARTESIAN_POINT('Ctrl Pts',(-96.6703773640685,359.110801228889,53.7989946609589));
#2020=CARTESIAN_POINT('Ctrl Pts',(-61.2047667780212,722.134928034633,56.3660567837467));
#2021=CARTESIAN_POINT('Ctrl Pts',(-38.5798540631906,1177.4331898993,61.3787273975528));
#2022=CARTESIAN_POINT('Ctrl Pts',(-38.4619636625072,1468.99999993168,65.7870758158483));
#2023=CARTESIAN_POINT('Ctrl Pts',(0.,-1139.99999991476,24.999999998131));
#2024=CARTESIAN_POINT('Ctrl Pts',(-5.05181812928921,-1139.99999991476,25.3928618101717));
#2025=CARTESIAN_POINT('Ctrl Pts',(-15.9368002076025,-1133.19766040198,26.4127124102148));
#2026=CARTESIAN_POINT('Ctrl Pts',(-31.7026447563113,-1099.55672677653,28.4037989514512));
#2027=CARTESIAN_POINT('Ctrl Pts',(-44.6463659849502,-1052.76142143506,30.4275369874829));
#2028=CARTESIAN_POINT('Ctrl Pts',(-52.4482228287525,-1015.25205072809,31.8339364722996));
#2029=CARTESIAN_POINT('Ctrl Pts',(-60.0648492131675,-972.774705538785,33.3241124518838));
#2030=CARTESIAN_POINT('Ctrl Pts',(-66.4929863236415,-930.195688706585,34.7163813179538));
#2031=CARTESIAN_POINT('Ctrl Pts',(-73.3480751260167,-874.549900869496,36.406088038375));
#2032=CARTESIAN_POINT('Ctrl Pts',(-79.829302481017,-814.528027705173,38.1520586421454));
#2033=CARTESIAN_POINT('Ctrl Pts',(-85.6812615426525,-748.374201016118,39.9680777608435));
#2034=CARTESIAN_POINT('Ctrl Pts',(-90.1683235855433,-686.24406383846,41.5882801371078));
#2035=CARTESIAN_POINT('Ctrl Pts',(-92.5447870173601,-649.731759470316,42.5181372143695));
#2036=CARTESIAN_POINT('Ctrl Pts',(-95.356912327538,-603.338661141875,43.6817341919347));
#2037=CARTESIAN_POINT('Ctrl Pts',(-98.8451992434099,-536.538132503153,45.3083904789211));
#2038=CARTESIAN_POINT('Ctrl Pts',(-102.463870677269,-448.758549672767,47.3583305790027));
#2039=CARTESIAN_POINT('Ctrl Pts',(-105.250428017698,-360.976960166929,49.3272056938411));
#2040=CARTESIAN_POINT('Ctrl Pts',(-107.270099263518,-275.253248341486,51.1733886727547));
#2041=CARTESIAN_POINT('Ctrl Pts',(-108.616783341349,-193.785168908076,52.8536431010221));
#2042=CARTESIAN_POINT('Ctrl Pts',(-109.40598099721,-118.8517916571,54.3239264608693));
#2043=CARTESIAN_POINT('Ctrl Pts',(-109.707445354641,-63.7774581203946,55.3373741092533));
#2044=CARTESIAN_POINT('Ctrl Pts',(-109.790129270939,-30.0869746509192,55.9166350807483));
#2045=CARTESIAN_POINT('Ctrl Pts',(-109.808797618069,-12.3604830325243,56.207834816652));
#2046=CARTESIAN_POINT('Ctrl Pts',(-109.809912674561,-4.02800829234437,56.3397338679891));
#2047=CARTESIAN_POINT('Ctrl Pts',(-109.796660000586,41.1881376560481,57.0403935167474));
#2048=CARTESIAN_POINT('Ctrl Pts',(-108.359176061176,121.926692933131,58.0519426344196));
#2049=CARTESIAN_POINT('Ctrl Pts',(-97.2579395813458,360.06521806461,59.870978532738));
#2050=CARTESIAN_POINT('Ctrl Pts',(-61.4910612346468,723.537647937549,59.4435810991793));
#2051=CARTESIAN_POINT('Ctrl Pts',(-38.5954879110694,1178.15419189525,62.5541730418404));
#2052=CARTESIAN_POINT('Ctrl Pts',(-38.3928348460269,1468.99999989016,66.9768545556916));
#2053=CARTESIAN_POINT('Ctrl Pts',(0.,-1139.99999988997,24.9999999975873));
#2054=CARTESIAN_POINT('Ctrl Pts',(-5.06446100330206,-1139.99999988997,25.5138417917426));
#2055=CARTESIAN_POINT('Ctrl Pts',(-15.9707324542235,-1133.22811332335,26.8421477695631));
#2056=CARTESIAN_POINT('Ctrl Pts',(-31.7570492647789,-1099.70342564131,29.3811143531831));
#2057=CARTESIAN_POINT('Ctrl Pts',(-44.7143774294627,-1053.03633221624,31.9125872407375));
#2058=CARTESIAN_POINT('Ctrl Pts',(-52.5237516033926,-1015.61295968301,33.6494015959075));
#2059=CARTESIAN_POINT('Ctrl Pts',(-60.1479306831844,-973.222186190776,35.4764696970536));
#2060=CARTESIAN_POINT('Ctrl Pts',(-66.5821009826247,-930.718192700077,37.1690273810703));
#2061=CARTESIAN_POINT('Ctrl Pts',(-73.4449385445712,-875.14985237587,39.2021192540735));
#2062=CARTESIAN_POINT('Ctrl Pts',(-79.9341271123006,-815.197589988678,41.2890247358535));
#2063=CARTESIAN_POINT('Ctrl Pts',(-85.7945848214399,-749.098179048518,43.4386118384969));
#2064=CARTESIAN_POINT('Ctrl Pts',(-90.2899560271019,-686.997394636655,45.3381459638058));
#2065=CARTESIAN_POINT('Ctrl Pts',(-92.6713448606712,-650.496110790051,46.4231913359386));
#2066=CARTESIAN_POINT('Ctrl Pts',(-95.4897707034205,-604.111798119555,47.7767421432029));
#2067=CARTESIAN_POINT('Ctrl Pts',(-98.9870077994957,-537.309071270741,49.6570421071949));
#2068=CARTESIAN_POINT('Ctrl Pts',(-102.617686523165,-449.496828742628,52.0043202339894));
#2069=CARTESIAN_POINT('Ctrl Pts',(-105.416252983137,-361.652398872104,54.2369137677208));
#2070=CARTESIAN_POINT('Ctrl Pts',(-107.447039372977,-275.836826114771,56.3086304102961));
#2071=CARTESIAN_POINT('Ctrl Pts',(-108.803386779493,-194.250587349568,58.1721100264251));
#2072=CARTESIAN_POINT('Ctrl Pts',(-109.599815744325,-119.176886979198,59.7793918384141));
#2073=CARTESIAN_POINT('Ctrl Pts',(-109.904481250843,-63.9716448578911,60.8654240689266));
#2074=CARTESIAN_POINT('Ctrl Pts',(-109.98753299469,-30.1849919677848,61.4721308208535));
#2075=CARTESIAN_POINT('Ctrl Pts',(-110.005811347141,-12.4026915768654,61.7721206323115));
#2076=CARTESIAN_POINT('Ctrl Pts',(-110.006519407261,-4.04210064519723,61.9060801228243));
#2077=CARTESIAN_POINT('Ctrl Pts',(-109.990362198738,41.3322316820647,62.6116512958146));
#2078=CARTESIAN_POINT('Ctrl Pts',(-108.546335349612,122.343792598582,63.5367757014419));
#2079=CARTESIAN_POINT('Ctrl Pts',(-97.4184782164429,361.185690438766,64.6383948917897));
#2080=CARTESIAN_POINT('Ctrl Pts',(-61.5831809749513,725.187475256973,61.8437190745808));
#2081=CARTESIAN_POINT('Ctrl Pts',(-38.5800793417566,1179.00328142893,63.4437827747685));
#2082=CARTESIAN_POINT('Ctrl Pts',(-38.3099363502078,1468.99999985823,67.8670224389322));
#2083=CARTESIAN_POINT('Ctrl Pts',(0.,-1139.99999987119,24.9999999971753));
#2084=CARTESIAN_POINT('Ctrl Pts',(-5.07195371118533,-1139.99999987119,25.5954774539265));
#2085=CARTESIAN_POINT('Ctrl Pts',(-15.98828494891,-1133.25299892413,27.1183336196898));
#2086=CARTESIAN_POINT('Ctrl Pts',(-31.7767190620627,-1099.8233143854,29.9796836121431));
#2087=CARTESIAN_POINT('Ctrl Pts',(-44.730360621843,-1053.26100642521,32.8001157034684));
#2088=CARTESIAN_POINT('Ctrl Pts',(-52.5362542669488,-1015.90791918032,34.7217171173181));
#2089=CARTESIAN_POINT('Ctrl Pts',(-60.1562577686575,-973.587899600532,36.735439924985));
#2090=CARTESIAN_POINT('Ctrl Pts',(-66.5871034540236,-931.145221431344,38.5928172014297));
#2091=CARTESIAN_POINT('Ctrl Pts',(-73.4456090243593,-875.640176476878,40.8119570711449));
#2092=CARTESIAN_POINT('Ctrl Pts',(-79.9309008894831,-815.744803611898,43.0822112557873));
#2093=CARTESIAN_POINT('Ctrl Pts',(-85.7882730045859,-749.689861702891,45.4091537046119));
#2094=CARTESIAN_POINT('Ctrl Pts',(-90.2815041586757,-687.613061479326,47.4554277908907));
#2095=CARTESIAN_POINT('Ctrl Pts',(-92.6619270065585,-651.120780999984,48.6215228979719));
#2096=CARTESIAN_POINT('Ctrl Pts',(-95.4793581538261,-604.743643934137,50.07388590571));
#2097=CARTESIAN_POINT('Ctrl Pts',(-98.9761376482037,-537.939112911772,52.0851414780564));
#2098=CARTESIAN_POINT('Ctrl Pts',(-102.607220707038,-450.100167488033,54.5840049466858));
#2099=CARTESIAN_POINT('Ctrl Pts',(-105.40700422026,-362.20436918983,56.949306343936));
#2100=CARTESIAN_POINT('Ctrl Pts',(-107.439841356535,-276.313712675536,59.1331068723035));
#2101=CARTESIAN_POINT('Ctrl Pts',(-108.798328650945,-194.630902267348,61.0864301572776));
#2102=CARTESIAN_POINT('Ctrl Pts',(-109.59657856001,-119.442524710993,62.7600181322051));
#2103=CARTESIAN_POINT('Ctrl Pts',(-109.901999702371,-64.13030883594,63.8807409944567));
#2104=CARTESIAN_POINT('Ctrl Pts',(-109.984861523464,-30.2650763542255,64.5004768596712));
#2105=CARTESIAN_POINT('Ctrl Pts',(-110.002796154636,-12.4371770128846,64.8046370344572));
#2106=CARTESIAN_POINT('Ctrl Pts',(-110.003250909968,-4.05361431296912,64.939580392387));
#2107=CARTESIAN_POINT('Ctrl Pts',(-109.985425061874,41.4499587010791,65.6475539849944));
#2108=CARTESIAN_POINT('Ctrl Pts',(-108.540110961114,122.684620551637,66.5275745787401));
#2109=CARTESIAN_POINT('Ctrl Pts',(-97.4146209288825,362.101552972091,67.2557860049824));
#2110=CARTESIAN_POINT('Ctrl Pts',(-61.5958173213069,726.536841791427,63.2298146197916));
#2111=CARTESIAN_POINT('Ctrl Pts',(-38.5574967443914,1179.6980237037,64.0399633632597));
#2112=CARTESIAN_POINT('Ctrl Pts',(-38.2408747267726,1468.999999834,68.4593180369924));
#2113=CARTESIAN_POINT('Ctrl Pts',(0.,-1139.9999998712,24.9999999971755));
#2114=CARTESIAN_POINT('Ctrl Pts',(-5.07196507541594,-1139.9999998712,25.5956021063196));
#2115=CARTESIAN_POINT('Ctrl Pts',(-15.9882777205975,-1133.25303697179,27.11874899718));
#2116=CARTESIAN_POINT('Ctrl Pts',(-31.7766851495853,-1099.82349768348,29.9805859200651));
#2117=CARTESIAN_POINT('Ctrl Pts',(-44.7303423062718,-1053.26134992992,32.8014639191308));
#2118=CARTESIAN_POINT('Ctrl Pts',(-52.5362343487387,-1015.9083701443,34.7233485523402));
#2119=CARTESIAN_POINT('Ctrl Pts',(-60.1562623547982,-973.588458740258,36.7373627873669));
#2120=CARTESIAN_POINT('Ctrl Pts',(-66.5870672899715,-931.14587431614,38.5949849914739));
#2121=CARTESIAN_POINT('Ctrl Pts',(-73.4455918010189,-875.640926134044,40.8144143303483));
#2122=CARTESIAN_POINT('Ctrl Pts',(-79.9308875048962,-815.745640247524,43.0849507477952));
#2123=CARTESIAN_POINT('Ctrl Pts',(-85.7882490639241,-749.690766327268,45.4121631736009));
#2124=CARTESIAN_POINT('Ctrl Pts',(-90.2814985892673,-687.614002773153,47.4586658785616));
#2125=CARTESIAN_POINT('Ctrl Pts',(-92.6619323725926,-651.121736059068,48.6248873520022));
#2126=CARTESIAN_POINT('Ctrl Pts',(-95.47937814181,-604.744609964006,50.0774046204376));
#2127=CARTESIAN_POINT('Ctrl Pts',(-98.9761497319135,-537.940076183228,52.088858958854));
#2128=CARTESIAN_POINT('Ctrl Pts',(-102.607238636744,-450.101089933386,54.5879551996683));
#2129=CARTESIAN_POINT('Ctrl Pts',(-105.40704162186,-362.205213097916,56.953462971715));
#2130=CARTESIAN_POINT('Ctrl Pts',(-107.439878410373,-276.314441787961,59.1374341540686));
#2131=CARTESIAN_POINT('Ctrl Pts',(-108.798373041114,-194.631483731259,61.0908955933026));
#2132=CARTESIAN_POINT('Ctrl Pts',(-109.596625336492,-119.442930844812,62.7645848528145));
#2133=CARTESIAN_POINT('Ctrl Pts',(-109.902043780213,-64.1305514174637,63.8853599786865));
#2134=CARTESIAN_POINT('Ctrl Pts',(-109.984905778312,-30.2651987953278,64.505115853817));
#2135=CARTESIAN_POINT('Ctrl Pts',(-110.002840376569,-12.4372297377053,64.8092825012355));
#2136=CARTESIAN_POINT('Ctrl Pts',(-110.003294784919,-4.05363191623068,64.944227371074));
#2137=CARTESIAN_POINT('Ctrl Pts',(-109.985466231415,41.4501386940294,65.6522045975706));
#2138=CARTESIAN_POINT('Ctrl Pts',(-108.540136153159,122.685141643874,66.5321534461944));
#2139=CARTESIAN_POINT('Ctrl Pts',(-97.4146349864238,362.102953235615,67.2597911203098));
#2140=CARTESIAN_POINT('Ctrl Pts',(-61.5958053399297,726.538904840612,63.2319273560074));
#2141=CARTESIAN_POINT('Ctrl Pts',(-38.5574622090213,1179.69908589686,64.0408747396578));
#2142=CARTESIAN_POINT('Ctrl Pts',(-38.2407691378452,1468.99999983401,68.4602234694797));
#2143=CARTESIAN_POINT('Ctrl Pts',(0.,-1139.99999987119,24.9999999971754));
#2144=CARTESIAN_POINT('Ctrl Pts',(-5.07198801959396,-1139.99999987119,25.5958517728899));
#2145=CARTESIAN_POINT('Ctrl Pts',(-15.9883487387301,-1133.25311308846,27.1195968709354));
#2146=CARTESIAN_POINT('Ctrl Pts',(-31.7767784587204,-1099.82386438259,29.9824225546768));
#2147=CARTESIAN_POINT('Ctrl Pts',(-44.7304144934867,-1053.2620371323,32.8041821019257));
#2148=CARTESIAN_POINT('Ctrl Pts',(-52.5362946243766,-1015.9092723256,34.7266314558905));
#2149=CARTESIAN_POINT('Ctrl Pts',(-60.1562949431988,-973.589577333827,36.7412134502152));
#2150=CARTESIAN_POINT('Ctrl Pts',(-66.5871082805339,-931.147180452523,38.5993432069256));
#2151=CARTESIAN_POINT('Ctrl Pts',(-73.4456073831153,-875.642425869535,40.8193389745058));
#2152=CARTESIAN_POINT('Ctrl Pts',(-79.9308869677081,-815.747313988795,43.0904351236477));
#2153=CARTESIAN_POINT('Ctrl Pts',(-85.7882427765147,-749.69257608423,45.4181905027394));
#2154=CARTESIAN_POINT('Ctrl Pts',(-90.2814754982011,-687.615885889599,47.4651398129843));
#2155=CARTESIAN_POINT('Ctrl Pts',(-92.6619004379892,-651.123646713746,48.6316079166876));
#2156=CARTESIAN_POINT('Ctrl Pts',(-95.4793354826762,-604.746542566403,50.0844257655284));
#2157=CARTESIAN_POINT('Ctrl Pts',(-98.9761099164459,-537.942003267221,52.0962813014664));
#2158=CARTESIAN_POINT('Ctrl Pts',(-102.607198164245,-450.102935342192,54.5958405936106));
#2159=CARTESIAN_POINT('Ctrl Pts',(-105.406996673521,-362.206901388027,56.9617524548991));
#2160=CARTESIAN_POINT('Ctrl Pts',(-107.439842079987,-276.315900422223,59.1460667508939));
#2161=CARTESIAN_POINT('Ctrl Pts',(-108.798341698821,-194.632646985533,61.0998025382336));
#2162=CARTESIAN_POINT('Ctrl Pts',(-109.596600137789,-119.443743340418,62.773694606699));
#2163=CARTESIAN_POINT('Ctrl Pts',(-109.902023033929,-64.1310367166452,63.894576200733));
#2164=CARTESIAN_POINT('Ctrl Pts',(-109.984884289372,-30.2654437462344,64.5143718702134));
#2165=CARTESIAN_POINT('Ctrl Pts',(-110.002817610329,-12.4373352169263,64.8185512197156));
#2166=CARTESIAN_POINT('Ctrl Pts',(-110.00327122788,-4.05366713262763,64.9534990929514));
#2167=CARTESIAN_POINT('Ctrl Pts',(-109.985437652626,41.4504987809142,65.661483677246));
#2168=CARTESIAN_POINT('Ctrl Pts',(-108.540110477082,122.686184120894,66.5412959760045));
#2169=CARTESIAN_POINT('Ctrl Pts',(-97.4146222480172,362.105754549856,67.2677931437713));
#2170=CARTESIAN_POINT('Ctrl Pts',(-61.5958632315758,726.543032101884,63.2361689218078));
#2171=CARTESIAN_POINT('Ctrl Pts',(-38.5573930803477,1179.70121088299,64.0426975048257));
#2172=CARTESIAN_POINT('Ctrl Pts',(-38.2405578952695,1468.99999983401,68.4620343269138));
#2173=CARTESIAN_POINT('Ctrl Pts',(0.,-1139.9999998712,24.9999999971754));
#2174=CARTESIAN_POINT('Ctrl Pts',(-5.07202805191342,-1139.9999998712,25.5962885246172));
#2175=CARTESIAN_POINT('Ctrl Pts',(-15.9884309020217,-1133.25324634871,27.1210722613188));
#2176=CARTESIAN_POINT('Ctrl Pts',(-31.7768623219131,-1099.82450637631,29.9856209653151));
#2177=CARTESIAN_POINT('Ctrl Pts',(-44.7304870718008,-1053.26324024302,32.8089282827734));
#2178=CARTESIAN_POINT('Ctrl Pts',(-52.5363505993194,-1015.91085180789,34.7323667432436));
#2179=CARTESIAN_POINT('Ctrl Pts',(-60.1563401680971,-973.591535697145,36.747949740807));
#2180=CARTESIAN_POINT('Ctrl Pts',(-66.5871239285151,-931.149467154017,38.6069589978251));
#2181=CARTESIAN_POINT('Ctrl Pts',(-73.4456096751377,-875.645051512175,40.827952155278));
#2182=CARTESIAN_POINT('Ctrl Pts',(-79.9308727261993,-815.750244269804,43.1000301429396));
#2183=CARTESIAN_POINT('Ctrl Pts',(-85.7882108801746,-749.695744492924,45.4287341846653));
#2184=CARTESIAN_POINT('Ctrl Pts',(-90.281440524415,-687.619182731415,47.4764702531481));
#2185=CARTESIAN_POINT('Ctrl Pts',(-92.6618650919061,-651.126991767736,48.643372942009));
#2186=CARTESIAN_POINT('Ctrl Pts',(-95.4793010250216,-604.749926045031,50.0967206867417));
#2187=CARTESIAN_POINT('Ctrl Pts',(-98.9760712399953,-537.945377084497,52.109276471814));
#2188=CARTESIAN_POINT('Ctrl Pts',(-102.607164401544,-450.106166167576,54.609647269187));
#2189=CARTESIAN_POINT('Ctrl Pts',(-105.406976438618,-362.209857139766,56.9762704830036));
#2190=CARTESIAN_POINT('Ctrl Pts',(-107.439832340213,-276.318454106852,59.1611842730579));
#2191=CARTESIAN_POINT('Ctrl Pts',(-108.798345455654,-194.634683537411,61.1154010711156));
#2192=CARTESIAN_POINT('Ctrl Pts',(-109.596613975242,-119.445165806116,62.7896478816083));
#2193=CARTESIAN_POINT('Ctrl Pts',(-109.902039820121,-64.1318863475538,63.9107148038718));
#2194=CARTESIAN_POINT('Ctrl Pts',(-109.984900318599,-30.265872590661,64.5305802070822));
#2195=CARTESIAN_POINT('Ctrl Pts',(-110.002832002063,-12.4375198832129,64.8347818975606));
#2196=CARTESIAN_POINT('Ctrl Pts',(-110.003284284102,-4.05372878724639,64.9697350340329));
#2197=CARTESIAN_POINT('Ctrl Pts',(-109.985441733197,41.4511291980267,65.6777324374175));
#2198=CARTESIAN_POINT('Ctrl Pts',(-108.540102495252,122.688009223572,66.5573023528953));
#2199=CARTESIAN_POINT('Ctrl Pts',(-97.4146196442164,362.110658916069,67.2818002579087));
#2200=CARTESIAN_POINT('Ctrl Pts',(-61.5959240038822,726.550257861601,63.2435836112592));
#2201=CARTESIAN_POINT('Ctrl Pts',(-38.5572719543626,1179.70493118321,64.0458873764592));
#2202=CARTESIAN_POINT('Ctrl Pts',(-38.240188052142,1468.99999983401,68.4652033077463));
#2203=CARTESIAN_POINT('Ctrl Pts',(0.,-1139.9999998712,24.9999999971754));
#2204=CARTESIAN_POINT('Ctrl Pts',(-5.07210813892329,-1139.9999998712,25.5971621847838));
#2205=CARTESIAN_POINT('Ctrl Pts',(-15.9886218102366,-1133.25351309352,27.1240285160705));
#2206=CARTESIAN_POINT('Ctrl Pts',(-31.7770800530331,-1099.8257914447,29.9920279895755));
#2207=CARTESIAN_POINT('Ctrl Pts',(-44.7306656071044,-1053.26564849039,32.8184276555662));
#2208=CARTESIAN_POINT('Ctrl Pts',(-52.5364930450257,-1015.91401343229,34.7438437869801));
#2209=CARTESIAN_POINT('Ctrl Pts',(-60.15643694454,-973.595455721678,36.7614240485278));
#2210=CARTESIAN_POINT('Ctrl Pts',(-66.5871895632774,-931.154044407861,38.6221978170966));
#2211=CARTESIAN_POINT('Ctrl Pts',(-73.4456286367282,-875.650307219077,40.8451817805164));
#2212=CARTESIAN_POINT('Ctrl Pts',(-79.9308510318233,-815.756109766402,43.1192218887327));
#2213=CARTESIAN_POINT('Ctrl Pts',(-85.788158561256,-749.702086645765,45.4498240935235));
#2214=CARTESIAN_POINT('Ctrl Pts',(-90.2813651923586,-687.625781966582,47.4991302383012));
#2215=CARTESIAN_POINT('Ctrl Pts',(-92.6617793501298,-651.133687508302,48.6669001169285));
#2216=CARTESIAN_POINT('Ctrl Pts',(-95.4792044894374,-604.756698699395,50.1213050747522));
#2217=CARTESIAN_POINT('Ctrl Pts',(-98.9759720381512,-537.952130399582,52.1352623622214));
#2218=CARTESIAN_POINT('Ctrl Pts',(-102.607071095077,-450.112633257635,54.6372551846405));
#2219=CARTESIAN_POINT('Ctrl Pts',(-105.406896549048,-362.215773618879,57.0052981747434));
#2220=CARTESIAN_POINT('Ctrl Pts',(-107.439776331505,-276.323565774325,59.1914112983662));
#2221=CARTESIAN_POINT('Ctrl Pts',(-108.798313398789,-194.638760068393,61.1465892948672));
#2222=CARTESIAN_POINT('Ctrl Pts',(-109.596602511825,-119.448013130813,62.8215454805358));
#2223=CARTESIAN_POINT('Ctrl Pts',(-109.902037347009,-64.1335870385786,63.94298354836));
#2224=CARTESIAN_POINT('Ctrl Pts',(-109.984895995947,-30.2667310007937,64.5629882913652));
#2225=CARTESIAN_POINT('Ctrl Pts',(-110.002824029693,-12.4378895263479,64.8672345635622));
#2226=CARTESIAN_POINT('Ctrl Pts',(-110.003273612673,-4.05385220016585,65.0021982110841));
#2227=CARTESIAN_POINT('Ctrl Pts',(-109.985413244989,41.4523910923979,65.7102212391428));
#2228=CARTESIAN_POINT('Ctrl Pts',(-108.540060843328,122.691662500179,66.5893085435975));
#2229=CARTESIAN_POINT('Ctrl Pts',(-97.4146000274473,362.120475912771,67.3098103427803));
#2230=CARTESIAN_POINT('Ctrl Pts',(-61.59607024558,726.564721589683,63.2584175793749));
#2231=CARTESIAN_POINT('Ctrl Pts',(-38.5570290981822,1179.71237808091,64.052267249923));
#2232=CARTESIAN_POINT('Ctrl Pts',(-38.2394476904428,1468.99999983401,68.471541190561));
#2233=CARTESIAN_POINT('Ctrl Pts',(0.,-1139.9999998712,24.9999999971756));
#2234=CARTESIAN_POINT('Ctrl Pts',(-5.07222238025498,-1139.9999998712,25.5984103407911));
#2235=CARTESIAN_POINT('Ctrl Pts',(-15.9888802584217,-1133.25389479826,27.1282493237423));
#2236=CARTESIAN_POINT('Ctrl Pts',(-31.777363913116,-1099.82763034448,30.0011762718795));
#2237=CARTESIAN_POINT('Ctrl Pts',(-44.7309012355926,-1053.26909463097,32.8319953116217));
#2238=CARTESIAN_POINT('Ctrl Pts',(-52.5366781026038,-1015.91853763643,34.7602369610818));
#2239=CARTESIAN_POINT('Ctrl Pts',(-60.1565686980433,-973.601065177306,36.7806728480449));
#2240=CARTESIAN_POINT('Ctrl Pts',(-66.5872619997133,-931.16059434205,38.6439644210775));
#2241=CARTESIAN_POINT('Ctrl Pts',(-73.4456442134115,-875.657828002337,40.8697942483166));
#2242=CARTESIAN_POINT('Ctrl Pts',(-79.930812008801,-815.764503143079,43.1466379393827));
#2243=CARTESIAN_POINT('Ctrl Pts',(-85.7880730055942,-749.711162105034,45.4799510353851));
#2244=CARTESIAN_POINT('Ctrl Pts',(-90.2812551568503,-687.635225303565,47.5315015377249));
#2245=CARTESIAN_POINT('Ctrl Pts',(-92.6616592735514,-651.143268941674,48.7005110396414));
#2246=CARTESIAN_POINT('Ctrl Pts',(-95.4790752956411,-604.766390193926,50.1564273132034));
#2247=CARTESIAN_POINT('Ctrl Pts',(-98.9758358776132,-537.96179421922,52.1723857423895));
#2248=CARTESIAN_POINT('Ctrl Pts',(-102.606945208362,-450.121887495263,54.676695550061));
#2249=CARTESIAN_POINT('Ctrl Pts',(-105.406796741935,-362.224239944987,57.0467675530732));
#2250=CARTESIAN_POINT('Ctrl Pts',(-107.439709111468,-276.330880434442,59.2345930784174));
#2251=CARTESIAN_POINT('Ctrl Pts',(-108.798281966062,-194.644593474081,61.1911439195718));
#2252=CARTESIAN_POINT('Ctrl Pts',(-109.596600315428,-119.452087574069,62.867112921209));
#2253=CARTESIAN_POINT('Ctrl Pts',(-109.902046449946,-64.1360206797693,63.9890805368254));
#2254=CARTESIAN_POINT('Ctrl Pts',(-109.984902661788,-30.2679593613455,64.6092842051753));
#2255=CARTESIAN_POINT('Ctrl Pts',(-110.002825691861,-12.4384184751014,64.9135941336757));
#2256=CARTESIAN_POINT('Ctrl Pts',(-110.003271441672,-4.05402880050804,65.048572773594));
#2257=CARTESIAN_POINT('Ctrl Pts',(-109.985385596417,41.4541968269893,65.756632270432));
#2258=CARTESIAN_POINT('Ctrl Pts',(-108.540008899722,122.696890239895,66.6350289586816));
#2259=CARTESIAN_POINT('Ctrl Pts',(-97.4145745150813,362.134523800982,67.3498215583989));
#2260=CARTESIAN_POINT('Ctrl Pts',(-61.5962635081492,726.585418932826,63.2796050993134));
#2261=CARTESIAN_POINT('Ctrl Pts',(-38.5566804349092,1179.72303449457,64.0613817265211));
#2262=CARTESIAN_POINT('Ctrl Pts',(-38.2383881016001,1468.99999983402,68.4805950833586));
#2263=CARTESIAN_POINT('Ctrl Pts',(0.,-1139.99999987121,24.9999999971757));
#2264=CARTESIAN_POINT('Ctrl Pts',(-5.07235927502315,-1139.99999987121,25.5999083621367));
#2265=CARTESIAN_POINT('Ctrl Pts',(-15.989196763372,-1133.25435386867,27.1333162757306));
#2266=CARTESIAN_POINT('Ctrl Pts',(-31.7777160991944,-1099.82984196259,30.0121577626113));
#2267=CARTESIAN_POINT('Ctrl Pts',(-44.7311900546117,-1053.2732392552,32.8482793061827));
#2268=CARTESIAN_POINT('Ctrl Pts',(-52.5369048177135,-1015.92397883278,34.7799114229969));
#2269=CARTESIAN_POINT('Ctrl Pts',(-60.1567243124021,-973.607811590572,36.8037727221502));
#2270=CARTESIAN_POINT('Ctrl Pts',(-66.5873534155643,-931.168471855789,38.6700870222519));
#2271=CARTESIAN_POINT('Ctrl Pts',(-73.4456614461792,-875.666873142524,40.8993305749443));
#2272=CARTESIAN_POINT('Ctrl Pts',(-79.930761130947,-815.774597738816,43.1795378292919));
#2273=CARTESIAN_POINT('Ctrl Pts',(-85.787967059504,-749.722077031272,45.5161037842907));
#2274=CARTESIAN_POINT('Ctrl Pts',(-90.2811149431982,-687.646582670233,47.5703461066771));
#2275=CARTESIAN_POINT('Ctrl Pts',(-92.6615042270472,-651.154792394304,48.740842319492));
#2276=CARTESIAN_POINT('Ctrl Pts',(-95.4789057147127,-604.77804601471,50.1985710754974));
#2277=CARTESIAN_POINT('Ctrl Pts',(-98.9756592365766,-537.973416754408,52.2169305198121));
#2278=CARTESIAN_POINT('Ctrl Pts',(-102.60677960988,-450.133017429921,54.7240195491498));
#2279=CARTESIAN_POINT('Ctrl Pts',(-105.40665863223,-362.234422267595,57.0965246274633));
#2280=CARTESIAN_POINT('Ctrl Pts',(-107.439610820793,-276.339677663054,59.2864041635096));
#2281=CARTESIAN_POINT('Ctrl Pts',(-108.798225802876,-194.651609218247,61.2446012778555));
#2282=CARTESIAN_POINT('Ctrl Pts',(-109.596579396515,-119.456987839803,62.9217848204713));
#2283=CARTESIAN_POINT('Ctrl Pts',(-109.902039978143,-64.1389475785577,64.0443875030084));
#2284=CARTESIAN_POINT('Ctrl Pts',(-109.984893215595,-30.2694366891863,64.664829595705));
#2285=CARTESIAN_POINT('Ctrl Pts',(-110.002810162504,-12.4390546324141,64.9692157783475));
#2286=CARTESIAN_POINT('Ctrl Pts',(-110.003251315397,-4.05424119459217,65.1042123650293));
#2287=CARTESIAN_POINT('Ctrl Pts',(-109.985334989536,41.4563685517946,65.8123154360041));
#2288=CARTESIAN_POINT('Ctrl Pts',(-108.539932277141,122.703177558607,66.6898838842725));
#2289=CARTESIAN_POINT('Ctrl Pts',(-97.4145336304296,362.151419022318,67.3978270803691));
#2290=CARTESIAN_POINT('Ctrl Pts',(-61.5964982380092,726.610311520023,63.3050294259341));
#2291=CARTESIAN_POINT('Ctrl Pts',(-38.5562592770927,1179.73585096014,64.0723196918036));
#2292=CARTESIAN_POINT('Ctrl Pts',(-38.23711350806,1468.99999983403,68.4914593930049));
#2293=CARTESIAN_POINT('Ctrl Pts',(0.,-1139.99999987121,24.9999999971759));
#2294=CARTESIAN_POINT('Ctrl Pts',(-5.07254150680792,-1139.99999987121,25.6019059797853));
#2295=CARTESIAN_POINT('Ctrl Pts',(-15.9896139083668,-1133.25496732829,27.140072183059));
#2296=CARTESIAN_POINT('Ctrl Pts',(-31.7781759321963,-1099.83279736844,30.0267994908133));
#2297=CARTESIAN_POINT('Ctrl Pts',(-44.7315662735599,-1053.27877775634,32.8699916551212));
#2298=CARTESIAN_POINT('Ctrl Pts',(-52.5371977150541,-1015.93124995622,34.8061444608479));
#2299=CARTESIAN_POINT('Ctrl Pts',(-60.1569248927084,-973.616826888414,36.8345735530853));
#2300=CARTESIAN_POINT('Ctrl Pts',(-66.5874636769858,-931.178998654428,38.7049172099478));
#2301=CARTESIAN_POINT('Ctrl Pts',(-73.445674767906,-875.678960251694,40.9387126056552));
#2302=CARTESIAN_POINT('Ctrl Pts',(-79.9306839206277,-815.788087245332,43.2234043720244));
#2303=CARTESIAN_POINT('Ctrl Pts',(-85.7878150722562,-749.736662752601,45.5643067259812));
#2304=CARTESIAN_POINT('Ctrl Pts',(-90.2809191260696,-687.661759627808,47.622137925973));
#2305=CARTESIAN_POINT('Ctrl Pts',(-92.66128972952,-651.170191293345,48.7946162582706));
#2306=CARTESIAN_POINT('Ctrl Pts',(-95.4786733025066,-604.793621797473,50.2547614373386));
#2307=CARTESIAN_POINT('Ctrl Pts',(-98.9754162465917,-537.988948055451,52.2763211908783));
#2308=CARTESIAN_POINT('Ctrl Pts',(-102.606551577878,-450.147890461392,54.7871146924635));
#2309=CARTESIAN_POINT('Ctrl Pts',(-105.40646897811,-362.248028993232,57.1628629046725));
#2310=CARTESIAN_POINT('Ctrl Pts',(-107.439473772664,-276.351433472039,59.355479678214));
#2311=CARTESIAN_POINT('Ctrl Pts',(-108.798145361687,-194.660984411386,61.3158706092163));
#2312=CARTESIAN_POINT('Ctrl Pts',(-109.596545958218,-119.463536099688,62.994672384468));
#2313=CARTESIAN_POINT('Ctrl Pts',(-109.902025453378,-64.1428588123874,64.1181209987086));
#2314=CARTESIAN_POINT('Ctrl Pts',(-109.984874831914,-30.2714108513446,64.738880643996));
#2315=CARTESIAN_POINT('Ctrl Pts',(-110.002783752838,-12.4399047331038,65.0433683587235));
#2316=CARTESIAN_POINT('Ctrl Pts',(-110.003218795611,-4.05452501799929,65.1783888186999));
#2317=CARTESIAN_POINT('Ctrl Pts',(-109.985261891624,41.4592706398526,65.8865497227207));
#2318=CARTESIAN_POINT('Ctrl Pts',(-108.53982322458,122.711579350344,66.7630134313813));
#2319=CARTESIAN_POINT('Ctrl Pts',(-97.4144720429317,362.173996303357,67.4618251706952));
#2320=CARTESIAN_POINT('Ctrl Pts',(-61.596802262476,726.643575971928,63.3389250965707));
#2321=CARTESIAN_POINT('Ctrl Pts',(-38.5556940505247,1179.75297792351,64.0869044350021));
#2322=CARTESIAN_POINT('Ctrl Pts',(-38.2354099343411,1468.99999983404,68.5059446557593));
#2323=CARTESIAN_POINT('Ctrl Pts',(0.,-1139.99999987124,24.9999999971764));
#2324=CARTESIAN_POINT('Ctrl Pts',(-5.0727687665915,-1139.99999987124,25.6044035182925));
#2325=CARTESIAN_POINT('Ctrl Pts',(-15.9901351191967,-1133.25573671247,27.1485187917735));
#2326=CARTESIAN_POINT('Ctrl Pts',(-31.7787491908233,-1099.8365039612,30.0451044859339));
#2327=CARTESIAN_POINT('Ctrl Pts',(-44.7320311707735,-1053.28572400198,32.8971350020673));
#2328=CARTESIAN_POINT('Ctrl Pts',(-52.5375565600441,-1015.94036921318,34.8389386073479));
#2329=CARTESIAN_POINT('Ctrl Pts',(-60.1571649825244,-973.62813364501,36.8730769440709));
#2330=CARTESIAN_POINT('Ctrl Pts',(-66.5875913573622,-931.19220109715,38.7484573610415));
#2331=CARTESIAN_POINT('Ctrl Pts',(-73.4456783465606,-875.69411959594,40.9879416434447));
#2332=CARTESIAN_POINT('Ctrl Pts',(-79.9305723538418,-815.805005439911,43.278238102647));
#2333=CARTESIAN_POINT('Ctrl Pts',(-85.7876090675744,-749.754955790274,45.6245598626552));
#2334=CARTESIAN_POINT('Ctrl Pts',(-90.2806562168931,-687.680794176628,47.6868756431535));
#2335=CARTESIAN_POINT('Ctrl Pts',(-92.6610023113664,-651.189504193949,48.8618306835561));
#2336=CARTESIAN_POINT('Ctrl Pts',(-95.4783620545211,-604.81315653901,50.3249951485821));
#2337=CARTESIAN_POINT('Ctrl Pts',(-98.9750915106741,-538.008427005679,52.3505537087789));
#2338=CARTESIAN_POINT('Ctrl Pts',(-102.606244661617,-450.166543821704,54.8659753684239));
#2339=CARTESIAN_POINT('Ctrl Pts',(-105.40620871898,-362.265094180185,57.2457747806994));
#2340=CARTESIAN_POINT('Ctrl Pts',(-107.439279304724,-276.366177282733,59.4418105805341));
#2341=CARTESIAN_POINT('Ctrl Pts',(-108.798021441784,-194.672742512901,61.4049412999988));
#2342=CARTESIAN_POINT('Ctrl Pts',(-109.596480938392,-119.471748735884,63.0857637240772));
#2343=CARTESIAN_POINT('Ctrl Pts',(-109.901984438003,-64.147764164201,64.2102684097049));
#2344=CARTESIAN_POINT('Ctrl Pts',(-109.984829075953,-30.2738867849887,64.8314243226747));
#2345=CARTESIAN_POINT('Ctrl Pts',(-110.002727996413,-12.4409709029734,65.1360386646474));
#2346=CARTESIAN_POINT('Ctrl Pts',(-110.003155427075,-4.05488098043626,65.2710888597336));
#2347=CARTESIAN_POINT('Ctrl Pts',(-109.985147958293,41.4629103478726,65.9793215666706));
#2348=CARTESIAN_POINT('Ctrl Pts',(-108.539665612572,122.722116637835,66.8544042892767));
#2349=CARTESIAN_POINT('Ctrl Pts',(-97.4143771545054,362.202312213162,67.5418044771148));
#2350=CARTESIAN_POINT('Ctrl Pts',(-61.5971738945273,726.685295856915,63.3812898973841));
#2351=CARTESIAN_POINT('Ctrl Pts',(-38.5549806111977,1179.77445848957,64.1051368411428));
#2352=CARTESIAN_POINT('Ctrl Pts',(-38.2332727504765,1468.99999983407,68.52405032555));
#2353=CARTESIAN_POINT('Ctrl Pts',(0.,-1139.99999987126,24.9999999971769));
#2354=CARTESIAN_POINT('Ctrl Pts',(-5.07313123530876,-1139.99999987126,25.6084006565684));
#2355=CARTESIAN_POINT('Ctrl Pts',(-15.9909633809134,-1133.25697318307,27.1620359953748));
#2356=CARTESIAN_POINT('Ctrl Pts',(-31.7796533691587,-1099.84246080283,30.0743965722344));
#2357=CARTESIAN_POINT('Ctrl Pts',(-44.7327570262955,-1053.29688727402,32.9405692472692));
#2358=CARTESIAN_POINT('Ctrl Pts',(-52.5381092555217,-1015.95502472157,34.8914141116276));
#2359=CARTESIAN_POINT('Ctrl Pts',(-60.1575252318207,-973.646304673727,36.9346871073917));
#2360=CARTESIAN_POINT('Ctrl Pts',(-66.5877673569263,-931.213418673833,38.818125405164));
#2361=CARTESIAN_POINT('Ctrl Pts',(-73.4456534545956,-875.71848209841,41.0667107218894));
#2362=CARTESIAN_POINT('Ctrl Pts',(-79.9303605120195,-815.832194580083,43.3659729672735));
#2363=CARTESIAN_POINT('Ctrl Pts',(-85.7872431824924,-749.784354430198,45.7209632733476));
#2364=CARTESIAN_POINT('Ctrl Pts',(-90.2801980834841,-687.711384490368,47.7904518052954));
#2365=CARTESIAN_POINT('Ctrl Pts',(-92.6605043934333,-651.220541842093,48.9693679482889));
#2366=CARTESIAN_POINT('Ctrl Pts',(-95.4778254166314,-604.844550702044,50.4373611105373));
#2367=CARTESIAN_POINT('Ctrl Pts',(-98.9745316338848,-538.039731499433,52.4693141770147));
#2368=CARTESIAN_POINT('Ctrl Pts',(-102.605712232695,-450.196521503625,54.9921358649277));
#2369=CARTESIAN_POINT('Ctrl Pts',(-105.405750834927,-362.292519506725,57.3784119401639));
#2370=CARTESIAN_POINT('Ctrl Pts',(-107.438926234493,-276.389871929676,59.5799127053019));
#2371=CARTESIAN_POINT('Ctrl Pts',(-108.797781426299,-194.691638839202,61.5474219193938));
#2372=CARTESIAN_POINT('Ctrl Pts',(-109.596335419405,-119.484947168413,63.2314728048115));
#2373=CARTESIAN_POINT('Ctrl Pts',(-109.901877513217,-64.1556474911546,64.3576642249015));
#2374=CARTESIAN_POINT('Ctrl Pts',(-109.984714815516,-30.2778658232288,64.9794527457753));
#2375=CARTESIAN_POINT('Ctrl Pts',(-110.002597878906,-12.4426843288761,65.2842690926643));
#2376=CARTESIAN_POINT('Ctrl Pts',(-110.003013190811,-4.05545304229524,65.4193666381181));
#2377=CARTESIAN_POINT('Ctrl Pts',(-109.98492513118,41.4687596677087,66.1277131828567));
#2378=CARTESIAN_POINT('Ctrl Pts',(-108.539373453928,122.739051002903,67.0005857706899));
#2379=CARTESIAN_POINT('Ctrl Pts',(-97.4141903108645,362.247818689195,67.6697329337175));
#2380=CARTESIAN_POINT('Ctrl Pts',(-61.5977458535409,726.752344636353,63.4490624213428));
#2381=CARTESIAN_POINT('Ctrl Pts',(-38.5538243721855,1179.80898057015,64.1343118288195));
#2382=CARTESIAN_POINT('Ctrl Pts',(-38.2298367951963,1468.9999998341,68.5530174494117));
#2383=CARTESIAN_POINT('Ctrl Pts',(0.,-1139.99999987135,24.9999999971788));
#2384=CARTESIAN_POINT('Ctrl Pts',(-5.07358217331641,-1139.99999987135,25.6133991053845));
#2385=CARTESIAN_POINT('Ctrl Pts',(-15.9919909559138,-1133.25852899256,27.1789379957503));
#2386=CARTESIAN_POINT('Ctrl Pts',(-31.7807645354358,-1099.84995611273,30.1110204000862));
#2387=CARTESIAN_POINT('Ctrl Pts',(-44.7336341206512,-1053.31093368363,32.9948718837697));
#2388=CARTESIAN_POINT('Ctrl Pts',(-52.5387630095075,-1015.97346531118,34.9570182050873));
#2389=CARTESIAN_POINT('Ctrl Pts',(-60.1579311517561,-973.669168740709,37.0117087394253));
#2390=CARTESIAN_POINT('Ctrl Pts',(-66.5879377326785,-931.240116123348,38.9052182223892));
#2391=CARTESIAN_POINT('Ctrl Pts',(-73.4455660953344,-875.749136714277,41.165177162559));
#2392=CARTESIAN_POINT('Ctrl Pts',(-79.9300334680173,-815.866405867852,43.4756432293695));
#2393=CARTESIAN_POINT('Ctrl Pts',(-85.7867185044476,-749.821345859842,45.8414646078309));
#2394=CARTESIAN_POINT('Ctrl Pts',(-90.2795539314761,-687.749875358853,47.9199138674892));
#2395=CARTESIAN_POINT('Ctrl Pts',(-92.6598083459855,-651.259595572092,49.1037781147037));
#2396=CARTESIAN_POINT('Ctrl Pts',(-95.4770784357173,-604.884053015765,50.5778028162607));
#2397=CARTESIAN_POINT('Ctrl Pts',(-98.9737530607597,-538.079120971213,52.6177424081542));
#2398=CARTESIAN_POINT('Ctrl Pts',(-102.604965463231,-450.234241467535,55.1498046115558));
#2399=CARTESIAN_POINT('Ctrl Pts',(-105.405095477987,-362.327027898148,57.544166351065));
#2400=CARTESIAN_POINT('Ctrl Pts',(-107.438401294716,-276.419686102425,59.7524881077756));
#2401=CARTESIAN_POINT('Ctrl Pts',(-108.797397747025,-194.715415421294,61.7254606796292));
#2402=CARTESIAN_POINT('Ctrl Pts',(-109.596070342789,-119.50155426857,63.4135385654419));
#2403=CARTESIAN_POINT('Ctrl Pts',(-109.901661343078,-64.1655667769603,64.541832882313));
#2404=CARTESIAN_POINT('Ctrl Pts',(-109.984489896572,-30.2828724887994,65.1644094924044));
#2405=CARTESIAN_POINT('Ctrl Pts',(-110.002353363764,-12.4448402631643,65.4694772149664));
#2406=CARTESIAN_POINT('Ctrl Pts',(-110.002753637031,-4.05617284427773,65.6046335245443));
#2407=CARTESIAN_POINT('Ctrl Pts',(-109.984565438123,41.476119626963,66.313120408365));
#2408=CARTESIAN_POINT('Ctrl Pts',(-108.538929356054,122.760358912018,67.1832295282549));
#2409=CARTESIAN_POINT('Ctrl Pts',(-97.4138885658115,362.305078376555,67.8295709258863));
#2410=CARTESIAN_POINT('Ctrl Pts',(-61.5984206886564,726.836711943295,63.5337575972738));
#2411=CARTESIAN_POINT('Ctrl Pts',(-38.5523514371521,1179.85242012951,64.170786421761));
#2412=CARTESIAN_POINT('Ctrl Pts',(-38.2255109884422,1468.99999983421,68.5892226845572));
#2413=CARTESIAN_POINT('Ctrl Pts',(0.,-1139.99999987142,24.9999999971804));
#2414=CARTESIAN_POINT('Ctrl Pts',(-5.07411984212423,-1139.99999987142,25.6194004619798));
#2415=CARTESIAN_POINT('Ctrl Pts',(-15.9932104311024,-1133.2604122899,27.1992289019437));
#2416=CARTESIAN_POINT('Ctrl Pts',(-31.7820652815585,-1099.8590291628,30.1549824293415));
#2417=CARTESIAN_POINT('Ctrl Pts',(-44.7346369951047,-1053.32793683466,33.0600504013852));
#2418=CARTESIAN_POINT('Ctrl Pts',(-52.5394870799531,-1015.99578761476,35.0357583116764));
#2419=CARTESIAN_POINT('Ctrl Pts',(-60.1583473755655,-973.69684566098,37.104148855372));
#2420=CARTESIAN_POINT('Ctrl Pts',(-66.5880617690112,-931.272433350095,39.0097416544456));
#2421=CARTESIAN_POINT('Ctrl Pts',(-73.445371277562,-875.786244084323,41.2833448629815));
#2422=CARTESIAN_POINT('Ctrl Pts',(-79.9295418982218,-815.907818580092,43.6072501420599));
#2423=CARTESIAN_POINT('Ctrl Pts',(-85.7859815598845,-749.866123920025,45.9860614109809));
#2424=CARTESIAN_POINT('Ctrl Pts',(-90.2786678250943,-687.796468473317,48.0752553783316));
#2425=CARTESIAN_POINT('Ctrl Pts',(-92.6588569983459,-651.306870019916,49.2650522123034));
#2426=CARTESIAN_POINT('Ctrl Pts',(-95.4760625565984,-604.931870460218,50.7463079597317));
#2427=CARTESIAN_POINT('Ctrl Pts',(-98.9726950432928,-538.126801798856,52.7958207856386));
#2428=CARTESIAN_POINT('Ctrl Pts',(-102.603941900369,-450.279901326784,55.3389564483031));
#2429=CARTESIAN_POINT('Ctrl Pts',(-105.404179506643,-362.368800122799,57.7430048822565));
#2430=CARTESIAN_POINT('Ctrl Pts',(-107.437640829942,-276.455775958157,59.9594954965511));
#2431=CARTESIAN_POINT('Ctrl Pts',(-108.796806918748,-194.744196772691,61.9390085429828));
#2432=CARTESIAN_POINT('Ctrl Pts',(-109.595622649115,-119.521656986555,63.6319051331146));
#2433=CARTESIAN_POINT('Ctrl Pts',(-109.90127329075,-64.1775739457085,64.762714082681));
#2434=CARTESIAN_POINT('Ctrl Pts',(-109.984092044936,-30.2889329862802,65.3862321381064));
#2435=CARTESIAN_POINT('Ctrl Pts',(-110.001932376781,-12.4474499887627,65.6915997093636));
#2436=CARTESIAN_POINT('Ctrl Pts',(-110.002314781006,-4.05704415321386,65.8268258591376));
#2437=CARTESIAN_POINT('Ctrl Pts',(-109.984007366596,41.485028741483,66.5354780201375));
#2438=CARTESIAN_POINT('Ctrl Pts',(-108.538273081158,122.786151945797,67.4022695998335));
#2439=CARTESIAN_POINT('Ctrl Pts',(-97.4134194504241,362.374391522336,68.0212607532943));
#2440=CARTESIAN_POINT('Ctrl Pts',(-61.5991657083533,726.938841327355,63.6353588512538));
#2441=CARTESIAN_POINT('Ctrl Pts',(-38.5505396783963,1179.90500595231,64.2145652262972));
#2442=CARTESIAN_POINT('Ctrl Pts',(-38.2202706470187,1468.9999998343,68.6326630391384));
#2443=CARTESIAN_POINT('Ctrl Pts',(0.,-1139.9999998715,24.9999999971821));
#2444=CARTESIAN_POINT('Ctrl Pts',(-5.07465403895262,-1139.9999998715,25.625405021437));
#2445=CARTESIAN_POINT('Ctrl Pts',(-15.9944167038774,-1133.26231188539,27.2195283532024));
#2446=CARTESIAN_POINT('Ctrl Pts',(-31.7833341423048,-1099.86818075678,30.1989579628181));
#2447=CARTESIAN_POINT('Ctrl Pts',(-44.7355906638776,-1053.34508719351,33.1252442439046));
#2448=CARTESIAN_POINT('Ctrl Pts',(-52.5401510691533,-1016.01830318396,35.1145135504014));
#2449=CARTESIAN_POINT('Ctrl Pts',(-60.1586926212432,-973.724762211438,37.1966029617023));
#2450=CARTESIAN_POINT('Ctrl Pts',(-66.5881057519025,-931.305030385761,39.1142770488728));
#2451=CARTESIAN_POINT('Ctrl Pts',(-73.4450864538129,-875.82367273605,41.401520360327));
#2452=CARTESIAN_POINT('Ctrl Pts',(-79.9289510260372,-815.949589846191,43.7388594372667));
#2453=CARTESIAN_POINT('Ctrl Pts',(-85.7851371453432,-749.911289661952,46.1306532053724));
#2454=CARTESIAN_POINT('Ctrl Pts',(-90.2776681312149,-687.843464970344,48.2305836509709));
#2455=CARTESIAN_POINT('Ctrl Pts',(-92.6577889104634,-651.354553739774,49.4263078978409));
#2456=CARTESIAN_POINT('Ctrl Pts',(-95.4749262848814,-604.980101864849,50.9147878446149));
#2457=CARTESIAN_POINT('Ctrl Pts',(-98.9715124746398,-538.174895382251,52.9738633278455));
#2458=CARTESIAN_POINT('Ctrl Pts',(-102.602789968943,-450.3259564128,55.5280572812166));
#2459=CARTESIAN_POINT('Ctrl Pts',(-105.40313278881,-362.410933884205,57.9417762679911));
#2460=CARTESIAN_POINT('Ctrl Pts',(-107.436748640895,-276.49217812829,60.1664194286112));
#2461=CARTESIAN_POINT('Ctrl Pts',(-108.79608440764,-194.773227151151,62.1524573970471));
#2462=CARTESIAN_POINT('Ctrl Pts',(-109.59504406789,-119.541933604975,63.8501590096036));
#2463=CARTESIAN_POINT('Ctrl Pts',(-109.9007553447,-64.1896849626596,64.9834737684333));
#2464=CARTESIAN_POINT('Ctrl Pts',(-109.983564987429,-30.2950458929393,65.6079290112886));
#2465=CARTESIAN_POINT('Ctrl Pts',(-110.001382555523,-12.4500822802296,65.9135946301274));
#2466=CARTESIAN_POINT('Ctrl Pts',(-110.001747266974,-4.0579229958289,66.0488899441879));
#2467=CARTESIAN_POINT('Ctrl Pts',(-109.983321589062,41.4940148876838,66.7577042578778));
#2468=CARTESIAN_POINT('Ctrl Pts',(-108.537492382007,122.812168140815,67.6211769650973));
#2469=CARTESIAN_POINT('Ctrl Pts',(-97.4128425291252,362.444305162354,68.2128346121906));
#2470=CARTESIAN_POINT('Ctrl Pts',(-61.5998461437055,727.041857810734,63.7369271135964));
#2471=CARTESIAN_POINT('Ctrl Pts',(-38.5486836640079,1179.95804934466,64.2583532434829));
#2472=CARTESIAN_POINT('Ctrl Pts',(-38.214980938974,1468.9999998344,68.6760974100131));
#2473=CARTESIAN_POINT('Ctrl Pts',(0.,-1139.99999987159,24.999999997184));
#2474=CARTESIAN_POINT('Ctrl Pts',(-5.07536164883434,-1139.99999987159,25.6334153456653));
#2475=CARTESIAN_POINT('Ctrl Pts',(-15.9960071556101,-1133.26486637304,27.2466055605719));
#2476=CARTESIAN_POINT('Ctrl Pts',(-31.7849829185903,-1099.88048742821,30.2576097949968));
#2477=CARTESIAN_POINT('Ctrl Pts',(-44.7367962903735,-1053.36815028009,33.2121895794865));
#2478=CARTESIAN_POINT('Ctrl Pts',(-52.5409560134754,-1016.04858118973,35.2195404786012));
#2479=CARTESIAN_POINT('Ctrl Pts',(-60.1590583161985,-973.762303239284,37.3198935563504));
#2480=CARTESIAN_POINT('Ctrl Pts',(-66.5880574181304,-931.348865540594,39.2536732593557));
#2481=CARTESIAN_POINT('Ctrl Pts',(-73.4445866765639,-875.874005248095,41.559097853468));
#2482=CARTESIAN_POINT('Ctrl Pts',(-79.9280309031764,-816.005762121996,43.9143414539028));
#2483=CARTESIAN_POINT('Ctrl Pts',(-85.7838680692453,-749.972026676301,46.3234353597207));
#2484=CARTESIAN_POINT('Ctrl Pts',(-90.276184059126,-687.906663890123,48.4376701776401));
#2485=CARTESIAN_POINT('Ctrl Pts',(-92.656209556695,-651.418676795862,49.6412907678617));
#2486=CARTESIAN_POINT('Ctrl Pts',(-95.4732512963378,-605.044961407467,51.1393938845886));
#2487=CARTESIAN_POINT('Ctrl Pts',(-98.9697701853632,-538.239569560062,53.2112054784542));
#2488=CARTESIAN_POINT('Ctrl Pts',(-102.601083513187,-450.387889262087,55.7801236259626));
#2489=CARTESIAN_POINT('Ctrl Pts',(-105.401563612088,-362.467593457465,58.2067152150198));
#2490=CARTESIAN_POINT('Ctrl Pts',(-107.435384195217,-276.541130062267,60.4422067124522));
#2491=CARTESIAN_POINT('Ctrl Pts',(-108.794946303721,-194.812265790735,62.4369238749808));
#2492=CARTESIAN_POINT('Ctrl Pts',(-109.594098939885,-119.569200566944,64.1410139669065));
#2493=CARTESIAN_POINT('Ctrl Pts',(-109.899892364147,-64.2059712127478,65.2776580513472));
#2494=CARTESIAN_POINT('Ctrl Pts',(-109.982690780147,-30.3032661945551,65.9033572093418));
#2495=CARTESIAN_POINT('Ctrl Pts',(-110.000478495758,-12.4536220385538,66.2094178278023));
#2496=CARTESIAN_POINT('Ctrl Pts',(-110.000819851887,-4.05910481370616,66.3448044611111));
#2497=CARTESIAN_POINT('Ctrl Pts',(-109.982237755102,41.5060989492216,67.0538308183294));
#2498=CARTESIAN_POINT('Ctrl Pts',(-108.536286239502,122.847153440354,67.9128765702261));
#2499=CARTESIAN_POINT('Ctrl Pts',(-97.4119300493444,362.538322639051,68.4681118297748));
#2500=CARTESIAN_POINT('Ctrl Pts',(-61.600667127452,727.180393899066,63.8723073473554));
#2501=CARTESIAN_POINT('Ctrl Pts',(-38.5461499456414,1180.02938291774,64.3167494428038));
#2502=CARTESIAN_POINT('Ctrl Pts',(-38.2078621819005,1468.99999983451,68.7340018514366));
#2503=CARTESIAN_POINT('Ctrl Pts',(0.,-1139.99999987192,24.9999999971914));
#2504=CARTESIAN_POINT('Ctrl Pts',(-5.07658769677202,-1139.99999987192,25.6474444982046));
#2505=CARTESIAN_POINT('Ctrl Pts',(-15.9987433054697,-1133.26939357498,27.2940200902544));
#2506=CARTESIAN_POINT('Ctrl Pts',(-31.7877549841777,-1099.90229806693,30.3602968392782));
#2507=CARTESIAN_POINT('Ctrl Pts',(-44.7387324377777,-1053.40902414711,33.364396448648));
#2508=CARTESIAN_POINT('Ctrl Pts',(-52.5421528733659,-1016.10224181638,35.4033893314038));
#2509=CARTESIAN_POINT('Ctrl Pts',(-60.1594488073524,-973.828835875605,37.5356998069507));
#2510=CARTESIAN_POINT('Ctrl Pts',(-66.5876908775501,-931.426553043782,39.4976570128732));
#2511=CARTESIAN_POINT('Ctrl Pts',(-73.4433956370978,-875.963207784673,41.8348842706525));
#2512=CARTESIAN_POINT('Ctrl Pts',(-79.9260717995332,-816.105314251648,44.2214417967704));
#2513=CARTESIAN_POINT('Ctrl Pts',(-85.7812695065815,-750.079668697346,46.6607850071785));
#2514=CARTESIAN_POINT('Ctrl Pts',(-90.2731881371399,-688.018669010597,48.8000237359193));
#2515=CARTESIAN_POINT('Ctrl Pts',(-92.6530360256429,-651.532319697521,50.0174448617861));
#2516=CARTESIAN_POINT('Ctrl Pts',(-95.469897842312,-605.159909512927,51.532364625606));
#2517=CARTESIAN_POINT('Ctrl Pts',(-98.9662841762899,-538.354189076,53.6264273939116));
#2518=CARTESIAN_POINT('Ctrl Pts',(-102.597646821763,-450.49765031143,56.2210598713742));
#2519=CARTESIAN_POINT('Ctrl Pts',(-105.398359029159,-362.568008761922,58.6701221672176));
#2520=CARTESIAN_POINT('Ctrl Pts',(-107.432534292507,-276.627885308858,60.9245412553638));
#2521=CARTESIAN_POINT('Ctrl Pts',(-108.792492613556,-194.881452023943,62.9343926981778));
#2522=CARTESIAN_POINT('Ctrl Pts',(-109.591985648398,-119.617524320332,64.6496148469457));
#2523=CARTESIAN_POINT('Ctrl Pts',(-109.89792618895,-64.2348343760365,65.7920544295138));
#2524=CARTESIAN_POINT('Ctrl Pts',(-109.980707351259,-30.3178345271619,66.4199155762084));
#2525=CARTESIAN_POINT('Ctrl Pts',(-109.998444125601,-12.4598953260492,66.7266611589216));
#2526=CARTESIAN_POINT('Ctrl Pts',(-109.998745224629,-4.06119927269866,66.8622052421734));
#2527=CARTESIAN_POINT('Ctrl Pts',(-109.979892711835,41.5275147456739,67.5715917720724));
#2528=CARTESIAN_POINT('Ctrl Pts',(-108.533738411108,122.909156107669,68.4228856893847));
#2529=CARTESIAN_POINT('Ctrl Pts',(-97.4099542903925,362.704947766078,68.9144404047252));
#2530=CARTESIAN_POINT('Ctrl Pts',(-61.6018762809192,727.425926286288,64.1091064724229));
#2531=CARTESIAN_POINT('Ctrl Pts',(-38.5415609123446,1180.15581268978,64.4189744734919));
#2532=CARTESIAN_POINT('Ctrl Pts',(-38.1952316217073,1468.99999983494,68.8353132882652));
#2533=CARTESIAN_POINT('Ctrl Pts',(0.,-1139.99999987286,24.9999999972119));
#2534=CARTESIAN_POINT('Ctrl Pts',(-5.07830380418871,-1139.99999987286,25.6675174602037));
#2535=CARTESIAN_POINT('Ctrl Pts',(-16.0025164625977,-1133.27602287333,27.3618381173116));
#2536=CARTESIAN_POINT('Ctrl Pts',(-31.7913901342572,-1099.9342361896,30.5071230705518));
#2537=CARTESIAN_POINT('Ctrl Pts',(-44.7410009830194,-1053.4688773958,33.5819823831696));
#2538=CARTESIAN_POINT('Ctrl Pts',(-52.5432565730286,-1016.18081929241,35.6661754763455));
#2539=CARTESIAN_POINT('Ctrl Pts',(-60.1592931483989,-973.926262411467,37.8441276264204));
#2540=CARTESIAN_POINT('Ctrl Pts',(-66.5863609253642,-931.54031414299,39.8463172337402));
#2541=CARTESIAN_POINT('Ctrl Pts',(-73.4407896153195,-876.093830822638,42.2289350547868));
#2542=CARTESIAN_POINT('Ctrl Pts',(-79.9222760177392,-816.251092595073,44.660172386567));
#2543=CARTESIAN_POINT('Ctrl Pts',(-85.7764780970709,-750.237293315026,47.1426547379535));
#2544=CARTESIAN_POINT('Ctrl Pts',(-90.2677689652497,-688.182682561713,49.3175312796066));
#2545=CARTESIAN_POINT('Ctrl Pts',(-92.6473322043832,-651.698731427885,50.5546158948172));
#2546=CARTESIAN_POINT('Ctrl Pts',(-95.4639012490483,-605.328232380852,52.0934912378509));
#2547=CARTESIAN_POINT('Ctrl Pts',(-98.9600560640866,-538.522030568281,54.2192357672687));
#2548=CARTESIAN_POINT('Ctrl Pts',(-102.591451022526,-450.658377046005,56.8504518151975));
#2549=CARTESIAN_POINT('Ctrl Pts',(-105.392471723384,-362.715049836306,59.3314544717097));
#2550=CARTESIAN_POINT('Ctrl Pts',(-107.427143404388,-276.754923157752,61.6127504837516));
#2551=CARTESIAN_POINT('Ctrl Pts',(-108.78766808965,-194.982762737415,63.6440675346962));
#2552=CARTESIAN_POINT('Ctrl Pts',(-109.587655075051,-119.688285363278,65.3750564486491));
#2553=CARTESIAN_POINT('Ctrl Pts',(-109.893815332471,-64.2770988451374,66.525687483737));
#2554=CARTESIAN_POINT('Ctrl Pts',(-109.976578664347,-30.3391669377949,67.1565948387727));
#2555=CARTESIAN_POINT('Ctrl Pts',(-109.99424637092,-12.4690812804762,67.4643010361638));
#2556=CARTESIAN_POINT('Ctrl Pts',(-109.994491710031,-4.06426617846955,67.6000633285323));
#2557=CARTESIAN_POINT('Ctrl Pts',(-109.975262330192,41.5588737881772,68.3099333314806));
#2558=CARTESIAN_POINT('Ctrl Pts',(-108.528850349916,122.999947694982,69.1501399799225));
#2559=CARTESIAN_POINT('Ctrl Pts',(-97.4060492566401,362.948947535344,69.5508900885904));
#2560=CARTESIAN_POINT('Ctrl Pts',(-61.6029527361194,727.785497175419,64.4470570918203));
#2561=CARTESIAN_POINT('Ctrl Pts',(-38.534561845362,1180.34097106309,64.5650991446416));
#2562=CARTESIAN_POINT('Ctrl Pts',(-38.1766945738483,1468.99999983615,68.9799818315232));
#2563=CARTESIAN_POINT('Ctrl Pts',(0.,-1139.99999987375,24.9999999972315));
#2564=CARTESIAN_POINT('Ctrl Pts',(-5.07997184678707,-1139.99999987375,25.6876312573995));
#2565=CARTESIAN_POINT('Ctrl Pts',(-16.0061074569181,-1133.28286650736,27.4297642267577));
#2566=CARTESIAN_POINT('Ctrl Pts',(-31.7945913004116,-1099.9672072387,30.6541186268779));
#2567=CARTESIAN_POINT('Ctrl Pts',(-44.7426059936046,-1053.53066656619,33.7997588334865));
#2568=CARTESIAN_POINT('Ctrl Pts',(-52.5435524005903,-1016.26193839382,35.9291478264622));
#2569=CARTESIAN_POINT('Ctrl Pts',(-60.1581866265135,-974.026840310692,38.1527251704364));
#2570=CARTESIAN_POINT('Ctrl Pts',(-66.5839577897331,-931.657754993911,40.1951185815036));
#2571=CARTESIAN_POINT('Ctrl Pts',(-73.4369799283334,-876.228679018334,42.6230707469789));
#2572=CARTESIAN_POINT('Ctrl Pts',(-79.9171539833655,-816.401586260554,45.0989151138877));
#2573=CARTESIAN_POINT('Ctrl Pts',(-85.7702520147427,-750.400016313853,47.6244377426306));
#2574=CARTESIAN_POINT('Ctrl Pts',(-90.2608353691703,-688.352000974395,49.8348427858997));
#2575=CARTESIAN_POINT('Ctrl Pts',(-92.6400729334551,-651.870525471786,51.0915222543173));
#2576=CARTESIAN_POINT('Ctrl Pts',(-95.4563017802925,-605.501999215631,52.6542624232802));
#2577=CARTESIAN_POINT('Ctrl Pts',(-98.9521696878943,-538.695300187751,54.8115483629051));
#2578=CARTESIAN_POINT('Ctrl Pts',(-102.583546763517,-450.824301384593,57.4791471799076));
#2579=CARTESIAN_POINT('Ctrl Pts',(-105.384845462487,-362.86684545873,59.9918768885722));
#2580=CARTESIAN_POINT('Ctrl Pts',(-107.420000409686,-276.886068233863,62.2998342298922));
#2581=CARTESIAN_POINT('Ctrl Pts',(-108.781092177974,-195.087348389664,64.3524115412756));
#2582=CARTESIAN_POINT('Ctrl Pts',(-109.581583539867,-119.761333359008,66.0989866299991));
#2583=CARTESIAN_POINT('Ctrl Pts',(-109.887976378097,-64.3207290145723,67.2576926760651));
#2584=CARTESIAN_POINT('Ctrl Pts',(-109.970730951053,-30.3611885776899,67.8915900979735));
#2585=CARTESIAN_POINT('Ctrl Pts',(-109.988334501697,-12.4785639969386,68.2002331732268));
#2586=CARTESIAN_POINT('Ctrl Pts',(-109.98852639942,-4.06743215906423,68.3362047687577));
#2587=CARTESIAN_POINT('Ctrl Pts',(-109.968932651067,41.5912458685418,69.0465170837733));
#2588=CARTESIAN_POINT('Ctrl Pts',(-108.522305564069,123.093674061169,69.8756191698588));
#2589=CARTESIAN_POINT('Ctrl Pts',(-97.4007067828117,363.200844377112,70.1857881910341));
#2590=CARTESIAN_POINT('Ctrl Pts',(-61.6031627843239,728.156734302284,64.7845589705001));
#2591=CARTESIAN_POINT('Ctrl Pts',(-38.5269707229091,1180.53214694284,64.7113380838238));
#2592=CARTESIAN_POINT('Ctrl Pts',(-38.1575000562046,1468.9999998373,69.1245646107415));
#2593=CARTESIAN_POINT('Ctrl Pts',(0.,-1139.99999987404,24.9999999972379));
#2594=CARTESIAN_POINT('Ctrl Pts',(-5.08127691336305,-1139.99999987404,25.70374624224));
#2595=CARTESIAN_POINT('Ctrl Pts',(-16.0088701061346,-1133.28846912381,27.4841684230392));
#2596=CARTESIAN_POINT('Ctrl Pts',(-31.7968913056778,-1099.99419953578,30.7718138945996));
#2597=CARTESIAN_POINT('Ctrl Pts',(-44.7434915956674,-1053.58125140047,33.9740905769619));
#2598=CARTESIAN_POINT('Ctrl Pts',(-52.543304432503,-1016.32834807503,36.1396332174681));
#2599=CARTESIAN_POINT('Ctrl Pts',(-60.15673116142,-974.109180336067,38.3997003500967));
#2600=CARTESIAN_POINT('Ctrl Pts',(-66.5813924441049,-931.753900215267,40.4742394141108));
#2601=CARTESIAN_POINT('Ctrl Pts',(-73.4332113747853,-876.339075089883,42.938425051102));
#2602=CARTESIAN_POINT('Ctrl Pts',(-79.9122624813965,-816.524790767127,45.4499112229149));
#2603=CARTESIAN_POINT('Ctrl Pts',(-85.7644128497495,-750.533232528768,48.0098067542616));
#2604=CARTESIAN_POINT('Ctrl Pts',(-90.2543826103749,-688.490616549497,50.2485690797298));
#2605=CARTESIAN_POINT('Ctrl Pts',(-92.6333351613741,-652.011167700757,51.5208833204945));
#2606=CARTESIAN_POINT('Ctrl Pts',(-95.4492635556899,-605.644256412721,53.102661013215));
#2607=CARTESIAN_POINT('Ctrl Pts',(-98.9448691803256,-538.837150174629,55.285096159366));
#2608=CARTESIAN_POINT('Ctrl Pts',(-102.576202233276,-450.960137791868,57.9816811785121));
#2609=CARTESIAN_POINT('Ctrl Pts',(-105.377705235379,-362.991114902765,60.519665082681));
#2610=CARTESIAN_POINT('Ctrl Pts',(-107.413239220169,-276.993431541547,62.8488227628648));
#2611=CARTESIAN_POINT('Ctrl Pts',(-108.774785245235,-195.17296824803,64.9182856986783));
#2612=CARTESIAN_POINT('Ctrl Pts',(-109.575686483818,-119.821134411307,66.6772219552854));
#2613=CARTESIAN_POINT('Ctrl Pts',(-109.882273175439,-64.3564468875708,67.842318541878));
#2614=CARTESIAN_POINT('Ctrl Pts',(-109.965026173398,-30.3792165591938,68.4785745248989));
#2615=CARTESIAN_POINT('Ctrl Pts',(-109.982581329869,-12.4863269924341,68.7879529429031));
#2616=CARTESIAN_POINT('Ctrl Pts',(-109.982731856585,-4.07002397613307,68.9240866693201));
#2617=CARTESIAN_POINT('Ctrl Pts',(-109.962854058051,41.6177471402088,69.6347282877376));
#2618=CARTESIAN_POINT('Ctrl Pts',(-108.516080339209,123.170403810133,70.4549365406698));
#2619=CARTESIAN_POINT('Ctrl Pts',(-97.3955739019427,363.407067238722,70.6927748304359));
#2620=CARTESIAN_POINT('Ctrl Pts',(-61.6028118035549,728.46067522029,65.0542890489099));
#2621=CARTESIAN_POINT('Ctrl Pts',(-38.5205420105168,1180.68867312378,64.8283952274167));
#2622=CARTESIAN_POINT('Ctrl Pts',(-38.1417501987306,1468.99999983768,69.2401775829221));
#2623=CARTESIAN_POINT('Ctrl Pts',(0.,-1139.99999987428,24.9999999972431));
#2624=CARTESIAN_POINT('Ctrl Pts',(-5.08256223091065,-1139.99999987428,25.7198770206664));
#2625=CARTESIAN_POINT('Ctrl Pts',(-16.0115586491624,-1133.29415658269,27.5386142507438));
#2626=CARTESIAN_POINT('Ctrl Pts',(-31.7990161676756,-1100.02160070571,30.8895739404972));
#2627=CARTESIAN_POINT('Ctrl Pts',(-44.7441102659854,-1053.63260254868,34.1484945800721));
#2628=CARTESIAN_POINT('Ctrl Pts',(-52.542731921147,-1016.39576383156,36.3501886076651));
#2629=CARTESIAN_POINT('Ctrl Pts',(-60.1548940983789,-974.192767795062,38.646738451901));
#2630=CARTESIAN_POINT('Ctrl Pts',(-66.5783967803523,-931.851502027163,40.7534113802143));
#2631=CARTESIAN_POINT('Ctrl Pts',(-73.4289605165255,-876.451143645135,43.2538077036017));
#2632=CARTESIAN_POINT('Ctrl Pts',(-79.9068398618404,-816.649861783719,45.8009063577138));
#2633=CARTESIAN_POINT('Ctrl Pts',(-85.7579994259981,-750.668466883523,48.3951351641723));
#2634=CARTESIAN_POINT('Ctrl Pts',(-90.247323846091,-688.631331997451,50.6622110890094));
#2635=CARTESIAN_POINT('Ctrl Pts',(-92.6259750528742,-652.153940461075,51.9501327046688));
#2636=CARTESIAN_POINT('Ctrl Pts',(-95.4415841151365,-605.788668545907,53.5509117182073));
#2637=CARTESIAN_POINT('Ctrl Pts',(-98.9369054284412,-538.981148827544,55.7584401491779));
#2638=CARTESIAN_POINT('Ctrl Pts',(-102.568174481734,-451.098031614893,58.4839314553904));
#2639=CARTESIAN_POINT('Ctrl Pts',(-105.369869629516,-363.11726638342,61.0470847344375));
#2640=CARTESIAN_POINT('Ctrl Pts',(-107.405777402067,-277.102420650685,63.3973570857877));
#2641=CARTESIAN_POINT('Ctrl Pts',(-108.767777938159,-195.259884455289,65.4836240913092));
#2642=CARTESIAN_POINT('Ctrl Pts',(-109.56909316763,-119.881840728823,67.2548498256989));
#2643=CARTESIAN_POINT('Ctrl Pts',(-109.875878803688,-64.3927053579956,68.4262907479462));
#2644=CARTESIAN_POINT('Ctrl Pts',(-109.958633815333,-30.397517364471,69.0648830218979));
#2645=CARTESIAN_POINT('Ctrl Pts',(-109.976142520452,-12.4942074578843,69.3749873692882));
#2646=CARTESIAN_POINT('Ctrl Pts',(-109.976252593271,-4.07265501086635,69.5112796958608));
#2647=CARTESIAN_POINT('Ctrl Pts',(-109.956095688283,41.6446494116527,70.2222343039012));
#2648=CARTESIAN_POINT('Ctrl Pts',(-108.509192259676,123.248295259351,71.0335419980013));
#2649=CARTESIAN_POINT('Ctrl Pts',(-97.3898654889999,363.61641607414,71.1991391279309));
#2650=CARTESIAN_POINT('Ctrl Pts',(-61.6021131479778,728.769234107447,65.3238370676785));
#2651=CARTESIAN_POINT('Ctrl Pts',(-38.513875897516,1180.84758128103,64.9454955100927));
#2652=CARTESIAN_POINT('Ctrl Pts',(-38.1257375945819,1468.99999983798,69.3557544571589));
#2653=CARTESIAN_POINT('Ctrl Pts',(0.,-1139.99999987542,24.9999999972682));
#2654=CARTESIAN_POINT('Ctrl Pts',(-5.08475922242015,-1139.99999987542,25.7481468313276));
#2655=CARTESIAN_POINT('Ctrl Pts',(-16.0160669341902,-1133.30433156761,27.6340020985251));
#2656=CARTESIAN_POINT('Ctrl Pts',(-31.8022709348266,-1100.07062228459,31.0958209402429));
#2657=CARTESIAN_POINT('Ctrl Pts',(-44.744487757968,-1053.72447158501,34.4538871678923));
#2658=CARTESIAN_POINT('Ctrl Pts',(-52.5408730929319,-1016.51637310094,36.7188395962936));
#2659=CARTESIAN_POINT('Ctrl Pts',(-60.1506726119304,-974.342308889532,39.0792151740637));
#2660=CARTESIAN_POINT('Ctrl Pts',(-66.5720185085412,-932.026115352422,41.2420908121561));
#2661=CARTESIAN_POINT('Ctrl Pts',(-73.4202491186597,-876.65163850522,43.8057957200582));
#2662=CARTESIAN_POINT('Ctrl Pts',(-79.8959493128623,-816.8736184857,46.4151389383019));
#2663=CARTESIAN_POINT('Ctrl Pts',(-85.7452609208435,-750.91040606092,49.0693466848728));
#2664=CARTESIAN_POINT('Ctrl Pts',(-90.2333725460935,-688.883076885324,51.3858567365318));
#2665=CARTESIAN_POINT('Ctrl Pts',(-92.6114534661854,-652.409365842116,52.7010193680533));
#2666=CARTESIAN_POINT('Ctrl Pts',(-95.4264540698268,-606.047026667415,54.3349557234641));
#2667=CARTESIAN_POINT('Ctrl Pts',(-98.9212192477384,-539.238766957185,56.5862506241208));
#2668=CARTESIAN_POINT('Ctrl Pts',(-102.552323216729,-451.344727599271,59.3621183683837));
#2669=CARTESIAN_POINT('Ctrl Pts',(-105.354322372616,-363.342954511251,61.9690957750623));
#2670=CARTESIAN_POINT('Ctrl Pts',(-107.390869741417,-277.297404367501,64.3560942708178));
#2671=CARTESIAN_POINT('Ctrl Pts',(-108.753665840744,-195.415378810746,66.4715547381324));
#2672=CARTESIAN_POINT('Ctrl Pts',(-109.55571586814,-119.990444779418,68.264099263852));
#2673=CARTESIAN_POINT('Ctrl Pts',(-109.86286265698,-64.457571777219,69.4465217462552));
#2674=CARTESIAN_POINT('Ctrl Pts',(-109.945630506576,-30.4302574267635,70.0891442193172));
#2675=CARTESIAN_POINT('Ctrl Pts',(-109.963062990083,-12.5083055506406,70.4004943019636));
#2676=CARTESIAN_POINT('Ctrl Pts',(-109.963104663869,-4.07736190737576,70.5370549377582));
#2677=CARTESIAN_POINT('Ctrl Pts',(-109.942472247061,41.6927773225842,71.2485145828339));
#2678=CARTESIAN_POINT('Ctrl Pts',(-108.495386086646,123.387644073805,72.0442287894081));
#2679=CARTESIAN_POINT('Ctrl Pts',(-97.3783542914342,363.990953469363,72.0836394856583));
#2680=CARTESIAN_POINT('Ctrl Pts',(-61.5999720109632,729.321291869252,65.7950649863875));
#2681=CARTESIAN_POINT('Ctrl Pts',(-38.5015865153856,1181.13190134722,65.1505319974558));
#2682=CARTESIAN_POINT('Ctrl Pts',(-38.0970260367209,1468.99999983946,69.5579176613848));
#2683=CARTESIAN_POINT('Ctrl Pts',(0.,-1139.99999987799,24.9999999973246));
#2684=CARTESIAN_POINT('Ctrl Pts',(-5.08894034422617,-1139.99999987799,25.8048466070509));
#2685=CARTESIAN_POINT('Ctrl Pts',(-16.0242910621016,-1133.32556301978,27.8251980079515));
#2686=CARTESIAN_POINT('Ctrl Pts',(-31.8069218654766,-1100.17291348219,31.5089637290219));
#2687=CARTESIAN_POINT('Ctrl Pts',(-44.7424200140751,-1053.91617138021,35.0653891440839));
#2688=CARTESIAN_POINT('Ctrl Pts',(-52.5337282573306,-1016.76804439564,37.4568288578395));
#2689=CARTESIAN_POINT('Ctrl Pts',(-60.1382048003308,-974.65435145934,39.9447764887883));
#2690=CARTESIAN_POINT('Ctrl Pts',(-66.5547257474065,-932.390475447937,42.2199296931263));
#2691=CARTESIAN_POINT('Ctrl Pts',(-73.397746067177,-877.070004721533,44.9100093284931));
#2692=CARTESIAN_POINT('Ctrl Pts',(-79.8685769168978,-817.3405242482,47.6435313593919));
#2693=CARTESIAN_POINT('Ctrl Pts',(-85.71374068377,-751.415252152248,50.4172797470461));
#2694=CARTESIAN_POINT('Ctrl Pts',(-90.1990946523828,-689.408383573073,52.832199744606));
#2695=CARTESIAN_POINT('Ctrl Pts',(-92.5758641704644,-652.942352046297,54.2015572916858));
#2696=CARTESIAN_POINT('Ctrl Pts',(-95.3894503692359,-606.586131908316,55.901429186398));
#2697=CARTESIAN_POINT('Ctrl Pts',(-98.8828721445341,-539.776327069604,58.2396718760636));
#2698=CARTESIAN_POINT('Ctrl Pts',(-102.513436266321,-451.859495362394,61.115457417079));
#2699=CARTESIAN_POINT('Ctrl Pts',(-105.315915708559,-363.813884434596,63.8091976237081));
#2700=CARTESIAN_POINT('Ctrl Pts',(-107.35368624226,-277.704263277704,66.2687546432596));
#2701=CARTESIAN_POINT('Ctrl Pts',(-108.718075156628,-195.739836105799,68.4417516941211));
#2702=CARTESIAN_POINT('Ctrl Pts',(-109.521636803495,-120.217058248694,70.2761866494205));
#2703=CARTESIAN_POINT('Ctrl Pts',(-109.829558359029,-64.5929212203511,71.4800909011889));
#2704=CARTESIAN_POINT('Ctrl Pts',(-109.912389050389,-30.4985720878051,72.1305418691612));
#2705=CARTESIAN_POINT('Ctrl Pts',(-109.929689243088,-12.5377222047673,72.4442854318623));
#2706=CARTESIAN_POINT('Ctrl Pts',(-109.929603636094,-4.08718315720122,72.581345944773));
#2707=CARTESIAN_POINT('Ctrl Pts',(-109.908071514041,41.7931993806676,73.2936459441151));
#2708=CARTESIAN_POINT('Ctrl Pts',(-108.46079636241,123.67841133684,74.0581045284604));
#2709=CARTESIAN_POINT('Ctrl Pts',(-97.3492695302514,364.772506005657,73.8460850075538));
#2710=CARTESIAN_POINT('Ctrl Pts',(-61.592021148266,730.47338654716,66.7355810235317));
#2711=CARTESIAN_POINT('Ctrl Pts',(-38.4745090914821,1181.72528945663,65.5610309840517));
#2712=CARTESIAN_POINT('Ctrl Pts',(-38.0368467340859,1468.99999984277,69.9618462388464));
#2713=CARTESIAN_POINT('Ctrl Pts',(0.,-1139.99999988883,24.9999999975623));
#2714=CARTESIAN_POINT('Ctrl Pts',(-5.09321557433573,-1139.99999988883,25.8699953647053));
#2715=CARTESIAN_POINT('Ctrl Pts',(-16.0318299980942,-1133.35181382232,28.0446160920242));
#2716=CARTESIAN_POINT('Ctrl Pts',(-31.8079160085876,-1100.29938999364,31.9825123978801));
#2717=CARTESIAN_POINT('Ctrl Pts',(-44.7335281018554,-1054.15319733878,35.7657568933856));
#2718=CARTESIAN_POINT('Ctrl Pts',(-52.5176504506793,-1017.07922235799,38.3016677819498));
#2719=CARTESIAN_POINT('Ctrl Pts',(-60.114681437266,-975.040175698461,40.9352148984663));
#2720=CARTESIAN_POINT('Ctrl Pts',(-66.5245119532039,-932.840987798496,43.3383790950274));
#2721=CARTESIAN_POINT('Ctrl Pts',(-73.3603382220204,-877.587292711136,46.1723227586926));
#2722=CARTESIAN_POINT('Ctrl Pts',(-79.8244371644002,-817.917828428703,49.0470460114556));
#2723=CARTESIAN_POINT('Ctrl Pts',(-85.6638254840199,-752.039466569893,51.9564539629331));
#2724=CARTESIAN_POINT('Ctrl Pts',(-90.1452712601611,-690.05789500884,54.4827956479314));
#2725=CARTESIAN_POINT('Ctrl Pts',(-92.5201527390716,-653.601357827574,55.9134354696787));
#2726=CARTESIAN_POINT('Ctrl Pts',(-95.3316724597896,-607.252702219894,57.6877984208956));
#2727=CARTESIAN_POINT('Ctrl Pts',(-98.8230265010781,-540.440984722955,60.1240777138417));
#2728=CARTESIAN_POINT('Ctrl Pts',(-102.452490687238,-452.495968311968,63.1121576628581));
#2729=CARTESIAN_POINT('Ctrl Pts',(-105.255224750625,-364.396151118813,65.903046666437));
#2730=CARTESIAN_POINT('Ctrl Pts',(-107.294258334281,-278.20730711923,68.4435014436903));
#2731=CARTESIAN_POINT('Ctrl Pts',(-108.66046594518,-196.140993728269,70.6803286114824));
#2732=CARTESIAN_POINT('Ctrl Pts',(-109.465845300104,-120.497238547667,72.5609470866027));
#2733=CARTESIAN_POINT('Ctrl Pts',(-109.774767522629,-64.7602624061226,73.788312921869));
#2734=CARTESIAN_POINT('Ctrl Pts',(-109.857753028644,-30.5830331536617,74.4471864803599));
#2735=CARTESIAN_POINT('Ctrl Pts',(-109.874947270947,-12.5740913659255,74.7634440429601));
#2736=CARTESIAN_POINT('Ctrl Pts',(-109.874737594602,-4.09932558090101,74.9009928696106));
#2737=CARTESIAN_POINT('Ctrl Pts',(-109.852292719505,41.9173553803483,75.6138701409075));
#2738=CARTESIAN_POINT('Ctrl Pts',(-108.405200997115,124.037913754369,76.3424570738187));
#2739=CARTESIAN_POINT('Ctrl Pts',(-97.3020602715569,365.738892388429,75.8452516896814));
#2740=CARTESIAN_POINT('Ctrl Pts',(-61.5744688818161,731.898179991542,67.8059317730213));
#2741=CARTESIAN_POINT('Ctrl Pts',(-38.4378343434653,1182.45921327084,66.0310643277095));
#2742=CARTESIAN_POINT('Ctrl Pts',(-37.9617788628624,1468.99999985674,70.4225122997653));
#2743=CARTESIAN_POINT('Ctrl Pts',(0.,-1139.99999989109,24.9999999976119));
#2744=CARTESIAN_POINT('Ctrl Pts',(-5.09695495182736,-1139.99999989109,25.9354606307032));
#2745=CARTESIAN_POINT('Ctrl Pts',(-16.0374483646601,-1133.37999381908,28.2648493511211));
#2746=CARTESIAN_POINT('Ctrl Pts',(-31.8045351100734,-1100.43516372394,32.457274746454));
#2747=CARTESIAN_POINT('Ctrl Pts',(-44.7180643194646,-1054.40764825998,36.4674002908377));
#2748=CARTESIAN_POINT('Ctrl Pts',(-52.4936352967904,-1017.41327714445,39.1476645756254));
#2749=CARTESIAN_POINT('Ctrl Pts',(-60.081868356803,-975.454364934868,41.9265831892141));
#2750=CARTESIAN_POINT('Ctrl Pts',(-66.4838698074786,-933.324621102196,44.4574344121187));
#2751=CARTESIAN_POINT('Ctrl Pts',(-73.3112795924603,-878.142610780704,47.434659189007));
#2752=CARTESIAN_POINT('Ctrl Pts',(-79.7675036885906,-818.537574591005,50.449853930612));
#2753=CARTESIAN_POINT('Ctrl Pts',(-85.6001116619678,-752.709570827574,53.4939602535754));
#2754=CARTESIAN_POINT('Ctrl Pts',(-90.0769061776261,-690.755154778318,56.1306795154794));
#2755=CARTESIAN_POINT('Ctrl Pts',(-92.4495173788504,-654.308809071222,57.6219504712411));
#2756=CARTESIAN_POINT('Ctrl Pts',(-95.2585285642498,-607.968272918538,59.4699468289853));
#2757=CARTESIAN_POINT('Ctrl Pts',(-98.7473041699471,-541.154500178968,62.0029462626145));
#2758=CARTESIAN_POINT('Ctrl Pts',(-102.375203166089,-453.179224135534,65.1014503687808));
#2759=CARTESIAN_POINT('Ctrl Pts',(-105.177905652308,-365.021212769116,67.98751175053));
#2760=CARTESIAN_POINT('Ctrl Pts',(-107.218079803626,-278.747319462859,70.6068758392041));
#2761=CARTESIAN_POINT('Ctrl Pts',(-108.586109438982,-196.571628529152,72.9056451277693));
#2762=CARTESIAN_POINT('Ctrl Pts',(-109.393399715274,-120.798003303849,74.8307914705961));
#2763=CARTESIAN_POINT('Ctrl Pts',(-109.703439194989,-64.9398960048448,76.080554252806));
#2764=CARTESIAN_POINT('Ctrl Pts',(-109.786661035664,-30.6736978379212,76.7473381513656));
#2765=CARTESIAN_POINT('Ctrl Pts',(-109.803793347166,-12.6131316224954,77.0658935131699));
#2766=CARTESIAN_POINT('Ctrl Pts',(-109.803480383474,-4.11235975637358,77.2038497076391));
#2767=CARTESIAN_POINT('Ctrl Pts',(-109.780234725096,42.0506295308539,77.9169307525561));
#2768=CARTESIAN_POINT('Ctrl Pts',(-108.333720061896,124.423831622502,78.6095075048555));
#2769=CARTESIAN_POINT('Ctrl Pts',(-97.2410088872283,366.776359518486,77.8292844492533));
#2770=CARTESIAN_POINT('Ctrl Pts',(-61.5484594515013,733.427981580879,68.8716093802498));
#2771=CARTESIAN_POINT('Ctrl Pts',(-38.3953966577178,1183.2473013605,66.5018254287678));
#2772=CARTESIAN_POINT('Ctrl Pts',(-37.8804381074609,1468.99999985966,70.882097525688));
#2773=CARTESIAN_POINT('Ctrl Pts',(0.,-1139.99999989404,24.9999999976764));
#2774=CARTESIAN_POINT('Ctrl Pts',(-5.10032641787582,-1139.99999989404,26.0011265570542));
#2775=CARTESIAN_POINT('Ctrl Pts',(-16.0417531209851,-1133.40944092615,28.4855935776089));
#2776=CARTESIAN_POINT('Ctrl Pts',(-31.7981859181969,-1100.5770439217,32.9327840654061));
#2777=CARTESIAN_POINT('Ctrl Pts',(-44.6981644043287,-1054.67354399451,37.1698105410091));
#2778=CARTESIAN_POINT('Ctrl Pts',(-52.4642713785715,-1017.76235755624,39.994337425088));
#2779=CARTESIAN_POINT('Ctrl Pts',(-60.042807457592,-975.887184458498,42.91846512707));
#2780=CARTESIAN_POINT('Ctrl Pts',(-66.4362132122495,-933.830008430056,45.5767774786283));
#2781=CARTESIAN_POINT('Ctrl Pts',(-73.2543937463104,-878.72290721501,48.696887753462));
#2782=CARTESIAN_POINT('Ctrl Pts',(-79.701980603265,-819.185196878101,51.8520616037165));
#2783=CARTESIAN_POINT('Ctrl Pts',(-85.5271350469335,-753.409815780333,55.0302217526437));
#2784=CARTESIAN_POINT('Ctrl Pts',(-89.9987839493973,-691.483775909865,57.7766225775363));
#2785=CARTESIAN_POINT('Ctrl Pts',(-92.3688704979391,-655.048079553697,59.3280913143347));
#2786=CARTESIAN_POINT('Ctrl Pts',(-95.1750789856281,-608.716027332057,61.2491508397745));
#2787=CARTESIAN_POINT('Ctrl Pts',(-98.6609312799491,-541.900105696916,63.8779955648233));
#2788=CARTESIAN_POINT('Ctrl Pts',(-102.286950969781,-453.893207193076,67.0856838477536));
#2789=CARTESIAN_POINT('Ctrl Pts',(-105.089428673676,-365.674382370704,70.0656095196822));
#2790=CARTESIAN_POINT('Ctrl Pts',(-107.130655717775,-279.311612902038,72.7625676783008));
#2791=CARTESIAN_POINT('Ctrl Pts',(-108.500504939676,-197.021624082723,75.122031652543));
#2792=CARTESIAN_POINT('Ctrl Pts',(-109.309763459613,-121.11228802693,77.0906126631846));
#2793=CARTESIAN_POINT('Ctrl Pts',(-109.620994185756,-65.1276033152767,78.3620698488719));
#2794=CARTESIAN_POINT('Ctrl Pts',(-109.704505255197,-30.7684370859781,79.0364263714936));
#2795=CARTESIAN_POINT('Ctrl Pts',(-109.721604403681,-12.6539262663786,79.3571370912656));
#2796=CARTESIAN_POINT('Ctrl Pts',(-109.721201760996,-4.12597963874403,79.4954473559759));
#2797=CARTESIAN_POINT('Ctrl Pts',(-109.697228749027,42.189892520233,80.2084863768218));
#2798=CARTESIAN_POINT('Ctrl Pts',(-108.25155086533,124.827099283713,80.8649645748326));
#2799=CARTESIAN_POINT('Ctrl Pts',(-97.1706368354755,367.860512904892,79.8031754799545));
#2800=CARTESIAN_POINT('Ctrl Pts',(-61.5167509170119,735.026753383701,69.9341094484145));
#2801=CARTESIAN_POINT('Ctrl Pts',(-38.3491063677335,1184.07096508263,66.9730171808631));
#2802=CARTESIAN_POINT('Ctrl Pts',(-37.794922269594,1468.99999986345,71.340924224827));
#2803=CARTESIAN_POINT('Ctrl Pts',(0.,-1139.99999990218,24.9999999978549));
#2804=CARTESIAN_POINT('Ctrl Pts',(-5.10383091793923,-1139.99999990218,26.0835658470333));
#2805=CARTESIAN_POINT('Ctrl Pts',(-16.044618950345,-1133.44858997247,28.7624232256159));
#2806=CARTESIAN_POINT('Ctrl Pts',(-31.7846128833648,-1100.7656718905,33.5284601450878));
#2807=CARTESIAN_POINT('Ctrl Pts',(-44.6648998002324,-1055.02705050187,38.049110950079));
#2808=CARTESIAN_POINT('Ctrl Pts',(-52.4174674514361,-1018.22645812861,41.0537740566583));
#2809=CARTESIAN_POINT('Ctrl Pts',(-59.9822018623607,-976.462616186301,44.1590891817472));
#2810=CARTESIAN_POINT('Ctrl Pts',(-66.3634263050359,-934.50191898265,46.9762887241449));
#2811=CARTESIAN_POINT('Ctrl Pts',(-73.1685529856455,-879.494409019444,50.2742514513965));
#2812=CARTESIAN_POINT('Ctrl Pts',(-79.6039192062,-820.046207721817,53.6034661415588));
#2813=CARTESIAN_POINT('Ctrl Pts',(-85.4184982316453,-754.340787272524,56.9479799317294));
#2814=CARTESIAN_POINT('Ctrl Pts',(-89.882792649623,-692.452472009829,59.8301782773355));
#2815=CARTESIAN_POINT('Ctrl Pts',(-92.249248647537,-656.030932969445,61.456083353932));
#2816=CARTESIAN_POINT('Ctrl Pts',(-95.0514047434874,-609.710158791032,63.4674057929107));
#2817=CARTESIAN_POINT('Ctrl Pts',(-98.5329565571607,-542.891378069073,66.2144236860215));
#2818=CARTESIAN_POINT('Ctrl Pts',(-102.156037959081,-454.842434546329,69.5562814668763));
#2819=CARTESIAN_POINT('Ctrl Pts',(-104.957871606842,-366.542755479152,72.6511033972486));
#2820=CARTESIAN_POINT('Ctrl Pts',(-107.000246526786,-280.061823179168,75.4426089789192));
#2821=CARTESIAN_POINT('Ctrl Pts',(-108.372361544302,-197.619874872245,77.8756243078697));
#2822=CARTESIAN_POINT('Ctrl Pts',(-109.184183086245,-121.530113233656,79.8964695397038));
#2823=CARTESIAN_POINT('Ctrl Pts',(-109.497037670184,-65.3771483550037,81.1937415794862));
#2824=CARTESIAN_POINT('Ctrl Pts',(-109.581007429226,-30.8943862363681,81.8769378939902));
#2825=CARTESIAN_POINT('Ctrl Pts',(-109.598118102866,-12.7081596535072,82.2000789307691));
#2826=CARTESIAN_POINT('Ctrl Pts',(-109.597628445972,-4.14408620197687,82.3387331056349));
#2827=CARTESIAN_POINT('Ctrl Pts',(-109.572881674346,42.3750317148349,83.0512647316233));
#2828=CARTESIAN_POINT('Ctrl Pts',(-108.128732256582,125.363226270643,83.6624615985132));
#2829=CARTESIAN_POINT('Ctrl Pts',(-97.0651223063867,369.301927162295,82.2514450577461));
#2830=CARTESIAN_POINT('Ctrl Pts',(-61.4663628696313,737.152596252136,71.2561696483193));
#2831=CARTESIAN_POINT('Ctrl Pts',(-38.2840001097474,1185.16624800139,67.5627121514329));
#2832=CARTESIAN_POINT('Ctrl Pts',(-37.6802122164566,1468.99999987394,71.9129642028704));
#2833=CARTESIAN_POINT('Ctrl Pts',(0.,-1139.99999990897,24.9999999980039));
#2834=CARTESIAN_POINT('Ctrl Pts',(-5.10683787098716,-1139.99999990897,26.1830048551353));
#2835=CARTESIAN_POINT('Ctrl Pts',(-16.0438933866122,-1133.49919892673,29.095881360489));
#2836=CARTESIAN_POINT('Ctrl Pts',(-31.7591428761586,-1101.00951969422,34.2450004357489));
#2837=CARTESIAN_POINT('Ctrl Pts',(-44.6114042181593,-1055.48404624147,39.1058759573768));
#2838=CARTESIAN_POINT('Ctrl Pts',(-52.3450100903761,-1018.82642532348,42.3263286882782));
#2839=CARTESIAN_POINT('Ctrl Pts',(-59.8905119986656,-977.206507671449,45.6484885862842));
#2840=CARTESIAN_POINT('Ctrl Pts',(-66.2548565764212,-935.370534171395,48.6556064434679));
#2841=CARTESIAN_POINT('Ctrl Pts',(-73.0419178573886,-880.491771037447,52.1657452180737));
#2842=CARTESIAN_POINT('Ctrl Pts',(-79.4603720083655,-821.159282299277,55.7022867139391));
#2843=CARTESIAN_POINT('Ctrl Pts',(-85.2602809343477,-755.544302326565,59.2444702574009));
#2844=CARTESIAN_POINT('Ctrl Pts',(-89.714293618315,-693.704753636251,62.2875406512451));
#2845=CARTESIAN_POINT('Ctrl Pts',(-92.0756433863975,-657.301515124668,64.0014772649328));
#2846=CARTESIAN_POINT('Ctrl Pts',(-94.8720694627026,-610.995318763335,66.119419585743));
#2847=CARTESIAN_POINT('Ctrl Pts',(-98.3474467578631,-544.172838813096,69.0056567588686));
#2848=CARTESIAN_POINT('Ctrl Pts',(-101.966074958403,-456.069536908488,72.5048683244478));
#2849=CARTESIAN_POINT('Ctrl Pts',(-104.766560102254,-367.665328805139,75.7337309683615));
#2850=CARTESIAN_POINT('Ctrl Pts',(-106.810047548797,-281.031637627785,78.6348503559288));
#2851=CARTESIAN_POINT('Ctrl Pts',(-108.184864601313,-198.393241767242,81.1524913959047));
#2852=CARTESIAN_POINT('Ctrl Pts',(-108.999920353479,-122.070236330707,83.2328743045394));
#2853=CARTESIAN_POINT('Ctrl Pts',(-109.314933556573,-65.6997324581435,84.5590852921686));
#2854=CARTESIAN_POINT('Ctrl Pts',(-109.399604254742,-31.057198265479,85.2519110676833));
#2855=CARTESIAN_POINT('Ctrl Pts',(-109.416810714922,-12.7782657870725,85.5775565146819));
#2856=CARTESIAN_POINT('Ctrl Pts',(-109.416255463513,-4.16749204374326,85.7164695202288));
#2857=CARTESIAN_POINT('Ctrl Pts',(-109.390789759388,42.6143559143769,86.4276837368292));
#2858=CARTESIAN_POINT('Ctrl Pts',(-107.949233566625,126.056283465663,86.9843145238525));
#2859=CARTESIAN_POINT('Ctrl Pts',(-96.9104223006671,371.165374843746,85.1586123832777));
#2860=CARTESIAN_POINT('Ctrl Pts',(-61.388592384432,739.901201354617,72.832617819019));
#2861=CARTESIAN_POINT('Ctrl Pts',(-38.194223714045,1186.58250936024,68.2711482769754));
#2862=CARTESIAN_POINT('Ctrl Pts',(-37.5301012065136,1468.99999988269,72.5967957579145));
#2863=CARTESIAN_POINT('Ctrl Pts',(0.,-1139.99999991601,24.9999999981583));
#2864=CARTESIAN_POINT('Ctrl Pts',(-5.10858502444696,-1139.99999991601,26.2828993502989));
#2865=CARTESIAN_POINT('Ctrl Pts',(-16.0388512412389,-1133.55332383109,29.4304299748612));
#2866=CARTESIAN_POINT('Ctrl Pts',(-31.7242933188367,-1101.27031163741,34.9629388653864));
#2867=CARTESIAN_POINT('Ctrl Pts',(-44.5441356390075,-1055.9727989113,40.1637929334224));
#2868=CARTESIAN_POINT('Ctrl Pts',(-52.2560762729503,-1019.46808545312,43.5995933274554));
#2869=CARTESIAN_POINT('Ctrl Pts',(-59.7796925830075,-978.002094273825,47.1379559257578));
#2870=CARTESIAN_POINT('Ctrl Pts',(-66.1249088623925,-936.299512192642,50.3341975564155));
#2871=CARTESIAN_POINT('Ctrl Pts',(-72.8915267369501,-881.558442751766,54.0552243488723));
#2872=CARTESIAN_POINT('Ctrl Pts',(-79.2908430050673,-822.349707239862,57.7975385354061));
#2873=CARTESIAN_POINT('Ctrl Pts',(-85.0741209578436,-756.831451433384,61.5354205308215));
#2874=CARTESIAN_POINT('Ctrl Pts',(-89.5164108645994,-695.044056386432,64.7372783983972));
#2875=CARTESIAN_POINT('Ctrl Pts',(-91.8719124771972,-658.660388899823,66.5379588388184));
#2876=CARTESIAN_POINT('Ctrl Pts',(-94.6617500024554,-612.369781678738,68.7608342921032));
#2877=CARTESIAN_POINT('Ctrl Pts',(-98.1299455531434,-545.54334259877,71.783723549432));
#2878=CARTESIAN_POINT('Ctrl Pts',(-101.74319707846,-457.381900702464,75.4366832442596));
#2879=CARTESIAN_POINT('Ctrl Pts',(-104.541757103069,-368.865895557389,78.7958090964159));
#2880=CARTESIAN_POINT('Ctrl Pts',(-106.586084531972,-282.068826747285,81.8027648364287));
#2881=CARTESIAN_POINT('Ctrl Pts',(-107.963576153639,-199.220330404303,84.4014644720817));
#2882=CARTESIAN_POINT('Ctrl Pts',(-108.782012037172,-122.64787424337,86.5382707045314));
#2883=CARTESIAN_POINT('Ctrl Pts',(-109.099383265879,-66.0447192310802,87.8914265182421));
#2884=CARTESIAN_POINT('Ctrl Pts',(-109.184899332911,-31.2313162487498,88.5929263699769));
#2885=CARTESIAN_POINT('Ctrl Pts',(-109.202280512377,-12.8532399283553,88.9206744065147));
#2886=CARTESIAN_POINT('Ctrl Pts',(-109.201697125451,-4.19252308218173,89.0596963859304));
#2887=CARTESIAN_POINT('Ctrl Pts',(-109.175714902535,42.8702977124002,89.768903890867));
#2888=CARTESIAN_POINT('Ctrl Pts',(-107.737497281926,126.797482425971,90.2707644780732));
#2889=CARTESIAN_POINT('Ctrl Pts',(-96.7274856560707,373.158367635533,88.0347883102596));
#2890=CARTESIAN_POINT('Ctrl Pts',(-61.2933469665417,742.841188800724,74.3987080284944));
#2891=CARTESIAN_POINT('Ctrl Pts',(-38.0927431678243,1188.09748922313,68.9800611562527));
#2892=CARTESIAN_POINT('Ctrl Pts',(-37.3675809024114,1468.99999989176,73.2777847898902));
#2893=CARTESIAN_POINT('Ctrl Pts',(0.,-1139.99999992199,24.9999999982894));
#2894=CARTESIAN_POINT('Ctrl Pts',(-5.10901240277289,-1139.99999992199,26.3831955712373));
#2895=CARTESIAN_POINT('Ctrl Pts',(-16.0293492319989,-1133.61085053266,29.76590475891));
#2896=CARTESIAN_POINT('Ctrl Pts',(-31.6798853769544,-1101.54749761441,35.6819570854489));
#2897=CARTESIAN_POINT('Ctrl Pts',(-44.4629207984506,-1056.49227750696,41.2224236349442));
#2898=CARTESIAN_POINT('Ctrl Pts',(-52.1505072013973,-1020.15008494056,44.8730625393418));
#2899=CARTESIAN_POINT('Ctrl Pts',(-59.6496025359782,-978.847697695174,48.6269239414738));
#2900=CARTESIAN_POINT('Ctrl Pts',(-65.973463463799,-937.286893349974,52.011447885825));
#2901=CARTESIAN_POINT('Ctrl Pts',(-72.7172837340785,-882.692174002827,55.9420332826098));
#2902=CARTESIAN_POINT('Ctrl Pts',(-79.0952606348725,-823.614971338678,59.8885340934117));
#2903=CARTESIAN_POINT('Ctrl Pts',(-84.8599700387169,-758.199519379649,63.820126676691));
#2904=CARTESIAN_POINT('Ctrl Pts',(-89.2891122616736,-696.467555075057,67.178687211182));
#2905=CARTESIAN_POINT('Ctrl Pts',(-91.6380318614667,-660.104687855961,69.0648277328981));
#2906=CARTESIAN_POINT('Ctrl Pts',(-94.4204313421494,-613.830648256308,71.3909579018301));
#2907=CARTESIAN_POINT('Ctrl Pts',(-97.880448514094,-546.999998568153,74.5479532501948));
#2908=CARTESIAN_POINT('Ctrl Pts',(-101.487406693658,-458.776757819973,78.3510988080286));
#2909=CARTESIAN_POINT('Ctrl Pts',(-104.283465237995,-370.141923564648,81.8367667632925));
#2910=CARTESIAN_POINT('Ctrl Pts',(-106.328355694718,-283.171203091192,84.9458466441071));
#2911=CARTESIAN_POINT('Ctrl Pts',(-107.708485714022,-200.099396576896,87.6221060186189));
#2912=CARTESIAN_POINT('Ctrl Pts',(-108.530436766233,-123.261808937508,89.8122858971756));
#2913=CARTESIAN_POINT('Ctrl Pts',(-108.850356196371,-66.4113812876119,91.1904370488591));
#2914=CARTESIAN_POINT('Ctrl Pts',(-108.936856255479,-31.4163730912266,91.8996784064275));
#2915=CARTESIAN_POINT('Ctrl Pts',(-108.954488102358,-12.9329240156079,92.229137326576));
#2916=CARTESIAN_POINT('Ctrl Pts',(-108.953912686898,-4.21912654762493,92.3681224227575));
#2917=CARTESIAN_POINT('Ctrl Pts',(-108.9276092115,43.142317541691,93.0746531520303));
#2918=CARTESIAN_POINT('Ctrl Pts',(-107.493462173009,127.585260105966,93.5215638664613));
#2919=CARTESIAN_POINT('Ctrl Pts',(-96.5162104636833,375.276700073984,90.8797479517655));
#2920=CARTESIAN_POINT('Ctrl Pts',(-61.1804837285338,745.966347271428,75.9541118586893));
#2921=CARTESIAN_POINT('Ctrl Pts',(-37.9795072844811,1189.70798423198,69.6891263165847));
#2922=CARTESIAN_POINT('Ctrl Pts',(-37.1927050339635,1468.99999989947,73.9557061287809));
#2923=CARTESIAN_POINT('Ctrl Pts',(0.,-1139.99999992757,24.9999999984117));
#2924=CARTESIAN_POINT('Ctrl Pts',(-5.10806143661585,-1139.99999992757,26.4838422537743));
#2925=CARTESIAN_POINT('Ctrl Pts',(-16.0152455048711,-1133.67166488042,30.1021474760902));
#2926=CARTESIAN_POINT('Ctrl Pts',(-31.6257399442879,-1101.84052752127,36.4017452216719));
#2927=CARTESIAN_POINT('Ctrl Pts',(-44.3675857054293,-1057.04145102569,42.2813392975786));
#2928=CARTESIAN_POINT('Ctrl Pts',(-52.0281421392933,-1020.87107021043,46.1462403861781));
#2929=CARTESIAN_POINT('Ctrl Pts',(-59.5000987484533,-979.741639638843,50.1148349030995));
#2930=CARTESIAN_POINT('Ctrl Pts',(-65.8003952383668,-938.330717948395,53.6867519339593));
#2931=CARTESIAN_POINT('Ctrl Pts',(-72.5190866732018,-883.890714632446,57.8255245361926));
#2932=CARTESIAN_POINT('Ctrl Pts',(-78.87354530634,-824.952563392137,61.9745930346763));
#2933=CARTESIAN_POINT('Ctrl Pts',(-84.6177692255605,-759.645790953196,66.0978904998855));
#2934=CARTESIAN_POINT('Ctrl Pts',(-89.0323539509461,-697.972424517939,69.6110676950675));
#2935=CARTESIAN_POINT('Ctrl Pts',(-91.3739651531537,-661.631545555237,71.5813879428829));
#2936=CARTESIAN_POINT('Ctrl Pts',(-94.1480854231997,-615.375019216193,74.0091020162031));
#2937=CARTESIAN_POINT('Ctrl Pts',(-97.5989357231685,-548.53991586424,77.2976773207305));
#2938=CARTESIAN_POINT('Ctrl Pts',(-101.198688373996,-460.25134015353,81.2474882866234));
#2939=CARTESIAN_POINT('Ctrl Pts',(-103.991667820479,-371.490880656386,84.8560322567613));
#2940=CARTESIAN_POINT('Ctrl Pts',(-106.03683764782,-284.336579213595,88.0635878509838));
#2941=CARTESIAN_POINT('Ctrl Pts',(-107.419559608693,-201.028696078934,90.8139751846378));
#2942=CARTESIAN_POINT('Ctrl Pts',(-108.245148596107,-123.91082237932,93.054542746688));
#2943=CARTESIAN_POINT('Ctrl Pts',(-108.56779624848,-66.7989912417673,94.4557838218678));
#2944=CARTESIAN_POINT('Ctrl Pts',(-108.655412872113,-31.6120016981593,95.1718567419848));
#2945=CARTESIAN_POINT('Ctrl Pts',(-108.673368296387,-13.0171599872792,95.5026449032681));
#2946=CARTESIAN_POINT('Ctrl Pts',(-108.672835596109,-4.24724967060145,95.6414512496379));
#2947=CARTESIAN_POINT('Ctrl Pts',(-108.646398979199,43.4298758348951,96.3446543752584));
#2948=CARTESIAN_POINT('Ctrl Pts',(-107.217041146749,128.418053460129,96.7364599822641));
#2949=CARTESIAN_POINT('Ctrl Pts',(-96.2764732621006,377.516166696051,93.6932621923559));
#2950=CARTESIAN_POINT('Ctrl Pts',(-61.049851982896,749.27046544869,77.49849948708));
#2951=CARTESIAN_POINT('Ctrl Pts',(-37.854468972136,1191.4107910312,70.3980203012302));
#2952=CARTESIAN_POINT('Ctrl Pts',(-37.0055314257086,1468.99999990665,74.6303356205085));
#2953=CARTESIAN_POINT('Ctrl Pts',(0.,-1139.9999999325,24.9999999985199));
#2954=CARTESIAN_POINT('Ctrl Pts',(-5.10567500544848,-1139.9999999325,26.584790506781));
#2955=CARTESIAN_POINT('Ctrl Pts',(-15.9964029665856,-1133.73565272248,30.4390062397169));
#2956=CARTESIAN_POINT('Ctrl Pts',(-31.5616859905886,-1102.14885125326,37.1220029528512));
#2957=CARTESIAN_POINT('Ctrl Pts',(-44.2579656709807,-1057.61928846402,43.3401219734514));
#2958=CARTESIAN_POINT('Ctrl Pts',(-51.8888304396379,-1021.62968768664,47.4186421423331));
#2959=CARTESIAN_POINT('Ctrl Pts',(-59.3310482881872,-980.682241807454,51.6011423561112));
#2960=CARTESIAN_POINT('Ctrl Pts',(-65.605590600978,-939.42902629227,55.3595155904133));
#2961=CARTESIAN_POINT('Ctrl Pts',(-72.2968449092438,-885.151814481812,59.7050616011772));
#2962=CARTESIAN_POINT('Ctrl Pts',(-78.625629210332,-826.359972196063,64.05504549381));
#2963=CARTESIAN_POINT('Ctrl Pts',(-84.3474718480699,-761.167550941333,68.36802368994));
#2964=CARTESIAN_POINT('Ctrl Pts',(-88.746104113932,-699.555839530382,72.0337295794262));
#2965=CARTESIAN_POINT('Ctrl Pts',(-91.0796878474567,-663.238095559307,74.0869521286173));
#2966=CARTESIAN_POINT('Ctrl Pts',(-93.8446958397205,-616.999995278054,76.6145863055017));
#2967=CARTESIAN_POINT('Ctrl Pts',(-97.2853992231213,-550.160203629603,80.0322345511878));
#2968=CARTESIAN_POINT('Ctrl Pts',(-100.877038651332,-461.802879595289,84.1252312370257));
#2969=CARTESIAN_POINT('Ctrl Pts',(-103.666359793843,-372.910234661744,87.8530390699153));
#2970=CARTESIAN_POINT('Ctrl Pts',(-105.711518732747,-285.562767668326,91.1554848196796));
#2971=CARTESIAN_POINT('Ctrl Pts',(-107.096775797082,-202.006484704128,93.9766345796895));
#2972=CARTESIAN_POINT('Ctrl Pts',(-107.926113203065,-124.593696534851,96.2646669363453));
#2973=CARTESIAN_POINT('Ctrl Pts',(-108.251659010839,-67.2068217074706,97.6871362574863));
#2974=CARTESIAN_POINT('Ctrl Pts',(-108.340518701439,-31.817834974706,98.4091532905788));
#2975=CARTESIAN_POINT('Ctrl Pts',(-108.3588675611,-13.1057897817295,98.7408990732023));
#2976=CARTESIAN_POINT('Ctrl Pts',(-108.358410955035,-4.27683968155139,98.8793887869263));
#2977=CARTESIAN_POINT('Ctrl Pts',(-108.332022156127,43.7324330247213,99.5786327181987));
#2978=CARTESIAN_POINT('Ctrl Pts',(-106.908158909677,129.294299442902,99.915202457635));
#2979=CARTESIAN_POINT('Ctrl Pts',(-96.0081613660944,379.872562038405,96.475104098745));
#2980=CARTESIAN_POINT('Ctrl Pts',(-60.9013085893716,752.747332014027,79.0315427790094));
#2981=CARTESIAN_POINT('Ctrl Pts',(-37.7175852049379,1193.20270626407,71.1064207429079));
#2982=CARTESIAN_POINT('Ctrl Pts',(-36.8061219682134,1468.99999991301,75.3014502004553));
#2983=CARTESIAN_POINT('Ctrl Pts',(0.,-1139.99999993697,24.9999999986179));
#2984=CARTESIAN_POINT('Ctrl Pts',(-5.10179743435324,-1139.99999993697,26.685993662132));
#2985=CARTESIAN_POINT('Ctrl Pts',(-15.9726878548008,-1133.80269990737,30.7763348796487));
#2986=CARTESIAN_POINT('Ctrl Pts',(-31.4875569087764,-1102.47191870602,37.8424382819026));
#2987=CARTESIAN_POINT('Ctrl Pts',(-44.1339009111024,-1058.22475881879,44.3983630903013));
#2988=CARTESIAN_POINT('Ctrl Pts',(-51.7324262478945,-1022.42458379343,48.6897926609626));
#2989=CARTESIAN_POINT('Ctrl Pts',(-59.1423230224302,-981.667825903959,53.0853094691939));
#2990=CARTESIAN_POINT('Ctrl Pts',(-65.3889399752247,-940.579858686253,57.0291540600543));
#2991=CARTESIAN_POINT('Ctrl Pts',(-72.0504714058503,-886.473223392396,61.5800168257127));
#2992=CARTESIAN_POINT('Ctrl Pts',(-78.3514474883535,-827.834686546546,66.1292298309432));
#2993=CARTESIAN_POINT('Ctrl Pts',(-84.049033246022,-762.762084131607,70.6298453180028));
#2994=CARTESIAN_POINT('Ctrl Pts',(-88.4303323305795,-701.214974927921,74.445989190161));
#2995=CARTESIAN_POINT('Ctrl Pts',(-90.7551764770659,-664.921471430054,76.5808390762346));
#2996=CARTESIAN_POINT('Ctrl Pts',(-93.5102467711404,-618.702677161772,79.2067359648409));
#2997=CARTESIAN_POINT('Ctrl Pts',(-96.9398306872953,-551.857971007004,82.7509683168884));
#2998=CARTESIAN_POINT('Ctrl Pts',(-100.522452625607,-463.428608037568,86.9837106132243));
#2999=CARTESIAN_POINT('Ctrl Pts',(-103.307533792125,-374.397453410014,90.8272229724363));
#3000=CARTESIAN_POINT('Ctrl Pts',(-105.352383983782,-286.847581009333,94.2210351149932));
#3001=CARTESIAN_POINT('Ctrl Pts',(-106.740108151632,-203.031018246281,97.1096471022345));
#3002=CARTESIAN_POINT('Ctrl Pts',(-107.5732915317,-125.309213370216,99.4422837118077));
#3003=CARTESIAN_POINT('Ctrl Pts',(-107.901894952158,-67.6341452986936,100.884162932033));
#3004=CARTESIAN_POINT('Ctrl Pts',(-107.992118019121,-32.0335058260664,101.611258976517));
#3005=CARTESIAN_POINT('Ctrl Pts',(-108.010927087867,-13.1986553373592,101.943600741427));
#3006=CARTESIAN_POINT('Ctrl Pts',(-108.010578584409,-4.30784381095518,102.081639916161));
#3007=CARTESIAN_POINT('Ctrl Pts',(-107.984411409252,44.0494495438499,102.776312298591));
#3008=CARTESIAN_POINT('Ctrl Pts',(-106.566734934819,130.212435008746,103.057539898881));
#3009=CARTESIAN_POINT('Ctrl Pts',(-95.7111582369214,382.341680637845,99.2250460391159));
#3010=CARTESIAN_POINT('Ctrl Pts',(-60.7347109806211,756.390735649157,80.5529139564202));
#3011=CARTESIAN_POINT('Ctrl Pts',(-37.5688169940639,1195.08052657438,71.8140064322154));
#3012=CARTESIAN_POINT('Ctrl Pts',(-36.594542589073,1468.99999991877,75.9688279618823));
#3013=CARTESIAN_POINT('Ctrl Pts',(0.,-1139.99999994092,24.9999999987045));
#3014=CARTESIAN_POINT('Ctrl Pts',(-5.09637458803187,-1139.99999994092,26.7874071965379));
#3015=CARTESIAN_POINT('Ctrl Pts',(-15.9439705981346,-1133.87269228339,31.1139928043103));
#3016=CARTESIAN_POINT('Ctrl Pts',(-31.4031925050139,-1102.80917977499,38.5627674618483));
#3017=CARTESIAN_POINT('Ctrl Pts',(-43.9952389234635,-1058.85683108667,45.4556633934676));
#3018=CARTESIAN_POINT('Ctrl Pts',(-51.5587913148462,-1023.25440495487,49.9592263868458));
#3019=CARTESIAN_POINT('Ctrl Pts',(-58.9338024713389,-982.696713631134,54.5668090529854));
#3020=CARTESIAN_POINT('Ctrl Pts',(-65.1503416802294,-941.781255434843,58.6950920958853));
#3021=CARTESIAN_POINT('Ctrl Pts',(-71.7798867849057,-887.852691205521,63.4497717005032));
#3022=CARTESIAN_POINT('Ctrl Pts',(-78.0509426979912,-829.374195239532,68.1964930290294));
#3023=CARTESIAN_POINT('Ctrl Pts',(-83.7224159023706,-764.426675311439,72.8826824082705));
#3024=CARTESIAN_POINT('Ctrl Pts',(-88.0850148615223,-702.947005525968,76.8471700869039));
#3025=CARTESIAN_POINT('Ctrl Pts',(-90.4004139740558,-666.67880672924,79.062374372775));
#3026=CARTESIAN_POINT('Ctrl Pts',(-93.1447284291474,-620.480165587111,81.7848824333729));
#3027=CARTESIAN_POINT('Ctrl Pts',(-96.5622274496428,-553.630327139105,85.4532274634288));
#3028=CARTESIAN_POINT('Ctrl Pts',(-100.134930471019,-465.125757372599,89.8223138063341));
#3029=CARTESIAN_POINT('Ctrl Pts',(-102.915186869598,-375.950004730407,93.7780231488135));
#3030=CARTESIAN_POINT('Ctrl Pts',(-104.959422357236,-288.188831790504,97.2597387986148));
#3031=CARTESIAN_POINT('Ctrl Pts',(-106.349533987812,-204.100552499148,100.212577341012));
#3032=CARTESIAN_POINT('Ctrl Pts',(-107.186647608823,-126.056154851495,102.587019377261));
#3033=CARTESIAN_POINT('Ctrl Pts',(-107.518457445042,-68.0802346293828,104.046533138805));
#3034=CARTESIAN_POINT('Ctrl Pts',(-107.61015792736,-32.2586471574177,104.777865312072));
#3035=CARTESIAN_POINT('Ctrl Pts',(-107.629490869814,-13.2955985925474,105.110451362639));
#3036=CARTESIAN_POINT('Ctrl Pts',(-107.629281102712,-4.34020928927152,105.247910062021));
#3037=CARTESIAN_POINT('Ctrl Pts',(-107.603502205448,44.3803858249766,105.937417778776));
#3038=CARTESIAN_POINT('Ctrl Pts',(-106.192691597744,131.170897112112,106.163221491084));
#3039=CARTESIAN_POINT('Ctrl Pts',(-95.3853504741987,384.9193170311,101.94286107949));
#3040=CARTESIAN_POINT('Ctrl Pts',(-60.5499205010233,760.194465035689,82.0622863195444));
#3041=CARTESIAN_POINT('Ctrl Pts',(-37.4081293984049,1197.04104860567,72.52045740593));
#3042=CARTESIAN_POINT('Ctrl Pts',(-36.3708632635961,1468.99999992386,76.63224824423));
#3043=CARTESIAN_POINT('Ctrl Pts',(0.,-1139.99999994446,24.9999999987823));
#3044=CARTESIAN_POINT('Ctrl Pts',(-5.08935377566036,-1139.99999994446,26.8889885056681));
#3045=CARTESIAN_POINT('Ctrl Pts',(-15.9101253046922,-1133.94551569901,31.4518444577711));
#3046=CARTESIAN_POINT('Ctrl Pts',(-31.3084378393591,-1103.16008435575,39.2827141406824));
#3047=CARTESIAN_POINT('Ctrl Pts',(-43.8418331017295,-1059.51447426446,46.5116319664717));
#3048=CARTESIAN_POINT('Ctrl Pts',(-51.3677933536843,-1024.11779759514,51.2264863094541));
#3049=CARTESIAN_POINT('Ctrl Pts',(-58.7053721399127,-983.767226691882,56.0451225035126));
#3050=CARTESIAN_POINT('Ctrl Pts',(-64.8896996443737,-943.031256842652,60.3567628327066));
#3051=CARTESIAN_POINT('Ctrl Pts',(-71.4850169470538,-889.287967762617,65.3137157111374));
#3052=CARTESIAN_POINT('Ctrl Pts',(-77.7240621874981,-830.975987071073,70.2561895439081));
#3053=CARTESIAN_POINT('Ctrl Pts',(-83.3675864150274,-766.15860926834,75.1258687623755));
#3054=CARTESIAN_POINT('Ctrl Pts',(-87.7101315383516,-704.749106140023,79.2366019367873));
#3055=CARTESIAN_POINT('Ctrl Pts',(-90.0153865173468,-668.507235018716,81.5308893110263));
#3056=CARTESIAN_POINT('Ctrl Pts',(-92.7481338605631,-622.329561273921,84.3483623411589));
#3057=CARTESIAN_POINT('Ctrl Pts',(-96.1525889499833,-555.474381168642,88.1383652398722));
#3058=CARTESIAN_POINT('Ctrl Pts',(-99.7144735941361,-466.891559492673,92.6404316042476));
#3059=CARTESIAN_POINT('Ctrl Pts',(-102.489316532155,-377.565356452191,96.7048812223694));
#3060=CARTESIAN_POINT('Ctrl Pts',(-104.532622456151,-289.584332565769,100.271097461633));
#3061=CARTESIAN_POINT('Ctrl Pts',(-105.925029607226,-205.213343256517,103.284990636336));
#3062=CARTESIAN_POINT('Ctrl Pts',(-106.766143912896,-126.833302944792,105.698500370929));
#3063=CARTESIAN_POINT('Ctrl Pts',(-107.101298004233,-68.5443623135029,107.173915960856));
#3064=CARTESIAN_POINT('Ctrl Pts',(-107.194583565355,-32.4928918739537,107.908663474878));
#3065=CARTESIAN_POINT('Ctrl Pts',(-107.214500907875,-13.3964614856883,108.241152020867));
#3066=CARTESIAN_POINT('Ctrl Pts',(-107.214459131077,-4.37388334697478,108.377904272332));
#3067=CARTESIAN_POINT('Ctrl Pts',(-107.189228011294,44.724702300786,109.06167344186));
#3068=CARTESIAN_POINT('Ctrl Pts',(-105.78594932904,132.168122707457,109.231996052456));
#3069=CARTESIAN_POINT('Ctrl Pts',(-95.0306236278418,387.60126575495,104.62832216958));
#3070=CARTESIAN_POINT('Ctrl Pts',(-60.3468003377181,764.152308855312,83.5593338731129));
#3071=CARTESIAN_POINT('Ctrl Pts',(-37.2354914227095,1199.08106900165,73.2254549852121));
#3072=CARTESIAN_POINT('Ctrl Pts',(-36.1351579129494,1468.99999992843,77.2914916713223));
#3073=CARTESIAN_POINT('Ctrl Pts',(0.,-1139.9999999475,24.9999999988488));
#3074=CARTESIAN_POINT('Ctrl Pts',(-5.08068401543385,-1139.9999999475,26.9906969631608));
#3075=CARTESIAN_POINT('Ctrl Pts',(-15.871030600867,-1134.02105600246,31.7897593346757));
#3076=CARTESIAN_POINT('Ctrl Pts',(-31.2031448414733,-1103.52408234368,40.002009416266));
#3077=CARTESIAN_POINT('Ctrl Pts',(-43.6735446359091,-1060.19665734877,47.5658863068411));
#3078=CARTESIAN_POINT('Ctrl Pts',(-51.1593082106962,-1025.01340813826,52.4911240802876));
#3079=CARTESIAN_POINT('Ctrl Pts',(-58.4569257178668,-984.877686788928,57.5197399255445));
#3080=CARTESIAN_POINT('Ctrl Pts',(-64.6069262202418,-944.327903214134,62.0136080378266));
#3081=CARTESIAN_POINT('Ctrl Pts',(-71.1657959517898,-890.776802904961,67.1712466062724));
#3082=CARTESIAN_POINT('Ctrl Pts',(-77.3707611889917,-832.637550837076,72.3076816250865));
#3083=CARTESIAN_POINT('Ctrl Pts',(-82.9845189586837,-767.955170789694,77.3587453785662));
#3084=CARTESIAN_POINT('Ctrl Pts',(-87.3056692564118,-706.618451585462,81.6136209467832));
#3085=CARTESIAN_POINT('Ctrl Pts',(-89.6000870376738,-670.403889860206,83.985721328165));
#3086=CARTESIAN_POINT('Ctrl Pts',(-92.3204624573584,-624.247964941929,86.8965179536437));
#3087=CARTESIAN_POINT('Ctrl Pts',(-95.7109205670899,-557.387242238244,90.80573984401));
#3088=CARTESIAN_POINT('Ctrl Pts',(-99.261088696891,-468.723246289998,95.4374588152142));
#3089=CARTESIAN_POINT('Ctrl Pts',(-102.029924859735,-379.240976404556,99.6072419073649));
#3090=CARTESIAN_POINT('Ctrl Pts',(-104.071976915014,-291.031895888999,103.254614967366));
#3091=CARTESIAN_POINT('Ctrl Pts',(-105.466574818905,-206.367646312129,106.326453875276));
#3092=CARTESIAN_POINT('Ctrl Pts',(-106.31174603667,-127.639439616175,108.776354112454));
#3093=CARTESIAN_POINT('Ctrl Pts',(-106.650371066971,-69.0258009649928,110.265981160956));
#3094=CARTESIAN_POINT('Ctrl Pts',(-106.745342910441,-32.7358728808451,111.003345206453));
#3095=CARTESIAN_POINT('Ctrl Pts',(-106.765902014001,-13.5010859551549,111.335404329372));
#3096=CARTESIAN_POINT('Ctrl Pts',(-106.766056097256,-4.40881321451759,111.471328118265));
#3097=CARTESIAN_POINT('Ctrl Pts',(-106.741525104911,45.0818594039782,112.148804098403));
#3098=CARTESIAN_POINT('Ctrl Pts',(-105.346431490506,133.202548749229,112.26361297989));
#3099=CARTESIAN_POINT('Ctrl Pts',(-94.6468664270834,390.383321346106,107.281202993191));
#3100=CARTESIAN_POINT('Ctrl Pts',(-60.1252176541511,768.258055789604,85.0437318374514));
#3101=CARTESIAN_POINT('Ctrl Pts',(-37.0508761720958,1201.19738440576,73.9286819265738));
#3102=CARTESIAN_POINT('Ctrl Pts',(-35.8875045586687,1468.99999993234,77.9463403023348));
#3103=CARTESIAN_POINT('Ctrl Pts',(0.,-1139.99999995032,24.9999999989108));
#3104=CARTESIAN_POINT('Ctrl Pts',(-5.07031562207471,-1139.99999995032,27.0924934414785));
#3105=CARTESIAN_POINT('Ctrl Pts',(-15.8265682988783,-1134.0991990424,32.127610969888));
#3106=CARTESIAN_POINT('Ctrl Pts',(-31.0871696994138,-1103.90062363454,40.7203902930663));
#3107=CARTESIAN_POINT('Ctrl Pts',(-43.4902394343505,-1060.90234933656,48.6180505611322));
#3108=CARTESIAN_POINT('Ctrl Pts',(-50.9332163308848,-1025.93988300857,53.7526981333802));
#3109=CARTESIAN_POINT('Ctrl Pts',(-58.1883614963908,-986.026415625336,58.9901582344356));
#3110=CARTESIAN_POINT('Ctrl Pts',(-64.3019375505785,-945.669234854043,63.6650760253866));
#3111=CARTESIAN_POINT('Ctrl Pts',(-70.8221612650532,-892.316946474123,69.021768356248));
#3112=CARTESIAN_POINT('Ctrl Pts',(-76.9909976933202,-834.356375333721,74.3503372823774));
#3113=CARTESIAN_POINT('Ctrl Pts',(-82.5731895191785,-769.813644663128,79.5806583786727));
#3114=CARTESIAN_POINT('Ctrl Pts',(-86.8716161434762,-708.5522166779,83.9775678978499));
#3115=CARTESIAN_POINT('Ctrl Pts',(-89.1545093577564,-672.365904815674,86.4262121070077));
#3116=CARTESIAN_POINT('Ctrl Pts',(-91.8617140782511,-626.232477311094,89.4286953629008));
#3117=CARTESIAN_POINT('Ctrl Pts',(-95.2372271757816,-559.366019490742,93.454712587781));
#3118=CARTESIAN_POINT('Ctrl Pts',(-98.7747809233534,-470.618049656947,98.2127924901927));
#3119=CARTESIAN_POINT('Ctrl Pts',(-101.537011533535,-380.974332416841,102.484551367386));
#3120=CARTESIAN_POINT('Ctrl Pts',(-103.577474963581,-292.52933431418,106.209795825679));
#3121=CARTESIAN_POINT('Ctrl Pts',(-104.974145255982,-207.561717459817,109.336533924529));
#3122=CARTESIAN_POINT('Ctrl Pts',(-105.823414751724,-128.473346831782,111.82020746334));
#3123=CARTESIAN_POINT('Ctrl Pts',(-106.165625850839,-69.5238231978405,113.322397633441));
#3124=CARTESIAN_POINT('Ctrl Pts',(-106.262378598233,-32.987223083306,114.061601273078));
#3125=CARTESIAN_POINT('Ctrl Pts',(-106.283633627092,-13.6093139393614,114.392908896108));
#3126=CARTESIAN_POINT('Ctrl Pts',(-106.284010050142,-4.44494612239395,114.527886160467));
#3127=CARTESIAN_POINT('Ctrl Pts',(-106.260324377133,45.4513175672234,115.198533541491));
#3128=CARTESIAN_POINT('Ctrl Pts',(-104.87405606377,134.272612191894,115.25782064096));
#3129=CARTESIAN_POINT('Ctrl Pts',(-94.2339635462588,393.261278341409,109.901276546304));
#3130=CARTESIAN_POINT('Ctrl Pts',(-59.8850398433822,772.505494520353,86.5151558820869));
#3131=CARTESIAN_POINT('Ctrl Pts',(-36.8542604242479,1203.38679146199,74.6298223180058));
#3132=CARTESIAN_POINT('Ctrl Pts',(-35.6279848948561,1468.99999993598,78.5965775279213));
#3133=CARTESIAN_POINT('Ctrl Pts',(0.,-1139.99999995295,24.9999999989683));
#3134=CARTESIAN_POINT('Ctrl Pts',(-5.05416285151188,-1139.99999995295,27.2282899538828));
#3135=CARTESIAN_POINT('Ctrl Pts',(-15.7599791386009,-1134.2067078746,32.5778336658699));
#3136=CARTESIAN_POINT('Ctrl Pts',(-30.9181151830424,-1104.41866961945,41.6766717867695));
#3137=CARTESIAN_POINT('Ctrl Pts',(-43.2256470281388,-1061.8732425198,50.0176598553643));
#3138=CARTESIAN_POINT('Ctrl Pts',(-50.6081422545547,-1027.21453050333,55.4301351528751));
#3139=CARTESIAN_POINT('Ctrl Pts',(-57.8033334862773,-987.606841329398,60.9444584519789));
#3140=CARTESIAN_POINT('Ctrl Pts',(-63.8655727823569,-947.514644470567,65.8591404442904));
#3141=CARTESIAN_POINT('Ctrl Pts',(-70.331365478986,-894.435882256615,71.4790023285509));
#3142=CARTESIAN_POINT('Ctrl Pts',(-76.4493260012445,-836.721140697493,77.0612650005546));
#3143=CARTESIAN_POINT('Ctrl Pts',(-81.9870551440745,-772.370539346559,82.5277299019151));
#3144=CARTESIAN_POINT('Ctrl Pts',(-86.2534273557197,-711.212696083895,87.1111988249233));
#3145=CARTESIAN_POINT('Ctrl Pts',(-88.5200452155837,-675.065249656822,89.6602099374403));
#3146=CARTESIAN_POINT('Ctrl Pts',(-91.2086315114378,-628.96277303076,92.7827646474204));
#3147=CARTESIAN_POINT('Ctrl Pts',(-94.5629608597858,-562.088422927761,96.9612970609551));
#3148=CARTESIAN_POINT('Ctrl Pts',(-98.0824983798006,-473.224918761686,101.883515918405));
#3149=CARTESIAN_POINT('Ctrl Pts',(-100.835115153895,-383.359078951767,106.286829929061));
#3150=CARTESIAN_POINT('Ctrl Pts',(-102.873000087765,-294.589502421974,110.111599275734));
#3151=CARTESIAN_POINT('Ctrl Pts',(-104.272257276309,-209.204510837659,113.307556547629));
#3152=CARTESIAN_POINT('Ctrl Pts',(-105.127026320471,-129.620626466192,115.832850919696));
#3153=CARTESIAN_POINT('Ctrl Pts',(-105.474156983673,-70.2089944352814,117.349649873348));
#3154=CARTESIAN_POINT('Ctrl Pts',(-105.573401597,-33.3330261541655,118.090299417967));
#3155=CARTESIAN_POINT('Ctrl Pts',(-105.595652452634,-13.758211855714,118.420188685178));
#3156=CARTESIAN_POINT('Ctrl Pts',(-105.596358777927,-4.49465702720481,118.553751764136));
#3157=CARTESIAN_POINT('Ctrl Pts',(-105.57398426104,45.9596104419401,119.214606124304));
#3158=CARTESIAN_POINT('Ctrl Pts',(-104.200319731161,135.744795922539,119.199886340991));
#3159=CARTESIAN_POINT('Ctrl Pts',(-93.6444273318662,397.220815589392,113.350665539397));
#3160=CARTESIAN_POINT('Ctrl Pts',(-59.5398435625512,778.349386798363,88.4593266360681));
#3161=CARTESIAN_POINT('Ctrl Pts',(-36.5760805313589,1206.39918526341,75.5614752878055));
#3162=CARTESIAN_POINT('Ctrl Pts',(-35.266251919508,1468.99999993936,79.4571255394833));
#3163=CARTESIAN_POINT('Ctrl Pts',(0.,-1139.99999996101,24.9999999991452));
#3164=CARTESIAN_POINT('Ctrl Pts',(-5.02948944594642,-1139.99999996101,27.3980720208813));
#3165=CARTESIAN_POINT('Ctrl Pts',(-15.6627601038813,-1134.34703000288,33.1398511768441));
#3166=CARTESIAN_POINT('Ctrl Pts',(-30.6794080513672,-1105.09483483998,42.8684650944532));
#3167=CARTESIAN_POINT('Ctrl Pts',(-42.8567333896301,-1063.14047624563,51.7601146831115));
#3168=CARTESIAN_POINT('Ctrl Pts',(-50.1572229445513,-1028.87823281462,57.5171127998488));
#3169=CARTESIAN_POINT('Ctrl Pts',(-57.2712833788022,-989.669653826277,63.3743692355885));
#3170=CARTESIAN_POINT('Ctrl Pts',(-63.2641900909585,-949.923321188794,68.5855660532004));
#3171=CARTESIAN_POINT('Ctrl Pts',(-69.6565510073491,-897.201572262293,74.5300858052626));
#3172=CARTESIAN_POINT('Ctrl Pts',(-75.7058914415577,-839.807693212234,80.4247140975425));
#3173=CARTESIAN_POINT('Ctrl Pts',(-81.1836252296256,-775.707862521442,86.1809265823558));
#3174=CARTESIAN_POINT('Ctrl Pts',(-85.406662693539,-714.685218539125,90.9922926692915));
#3175=CARTESIAN_POINT('Ctrl Pts',(-87.6512432730736,-678.588498805128,93.6635914117151));
#3176=CARTESIAN_POINT('Ctrl Pts',(-90.3145858527581,-632.526418035101,96.9321618064495));
#3177=CARTESIAN_POINT('Ctrl Pts',(-93.6400822574063,-565.641763397206,101.295350003136));
#3178=CARTESIAN_POINT('Ctrl Pts',(-97.1348469920918,-476.627456030074,106.414685588128));
#3179=CARTESIAN_POINT('Ctrl Pts',(-99.87391462741,-386.47169141832,110.974288783707));
#3180=CARTESIAN_POINT('Ctrl Pts',(-101.907678712694,-297.27846308261,114.915536582524));
#3181=CARTESIAN_POINT('Ctrl Pts',(-103.309798921937,-211.348701760175,118.190708307951));
#3182=CARTESIAN_POINT('Ctrl Pts',(-104.171465974965,-131.11806220109,120.761781763818));
#3183=CARTESIAN_POINT('Ctrl Pts',(-104.524972833754,-71.1032805058564,122.292928828882));
#3184=CARTESIAN_POINT('Ctrl Pts',(-104.627534869192,-33.7843675081241,123.033551986141));
#3185=CARTESIAN_POINT('Ctrl Pts',(-104.651149658592,-13.9525527304521,123.360912099886));
#3186=CARTESIAN_POINT('Ctrl Pts',(-104.65232755968,-4.55953941189731,123.492432016365));
#3187=CARTESIAN_POINT('Ctrl Pts',(-104.631919186825,46.6230313485521,124.139802757922));
#3188=CARTESIAN_POINT('Ctrl Pts',(-103.275545891511,137.666303860562,124.032677403162));
#3189=CARTESIAN_POINT('Ctrl Pts',(-92.8340285220545,402.388963345147,117.579242093901));
#3190=CARTESIAN_POINT('Ctrl Pts',(-59.0611967937922,785.977425047867,90.8554874110425));
#3191=CARTESIAN_POINT('Ctrl Pts',(-36.1982672091776,1210.33138987019,76.7192569761467));
#3192=CARTESIAN_POINT('Ctrl Pts',(-34.7848572955981,1468.99999994976,80.520210404604));
#3193=CARTESIAN_POINT('Ctrl Pts',(0.,-1139.99999996681,24.9999999992725));
#3194=CARTESIAN_POINT('Ctrl Pts',(-4.99235919149104,-1139.99999996681,27.6015969864933));
#3195=CARTESIAN_POINT('Ctrl Pts',(-15.5229166834752,-1134.52400107346,33.8121519547744));
#3196=CARTESIAN_POINT('Ctrl Pts',(-30.3482048812046,-1105.94760464132,44.2909826082428));
#3197=CARTESIAN_POINT('Ctrl Pts',(-42.3521365391397,-1064.73869627526,53.8369475154491));
#3198=CARTESIAN_POINT('Ctrl Pts',(-49.5441049947902,-1030.97647568005,60.002434969948));
#3199=CARTESIAN_POINT('Ctrl Pts',(-56.5510517561749,-992.271251022489,66.2656867323469));
#3200=CARTESIAN_POINT('Ctrl Pts',(-62.4526635418125,-952.961119194668,71.8272093651923));
#3201=CARTESIAN_POINT('Ctrl Pts',(-68.7484429667531,-900.689631435862,78.1540700812263));
#3202=CARTESIAN_POINT('Ctrl Pts',(-74.707560979661,-843.700419886101,84.4156383670412));
#3203=CARTESIAN_POINT('Ctrl Pts',(-80.1063770053053,-779.916856336955,90.5106707738332));
#3204=CARTESIAN_POINT('Ctrl Pts',(-84.2722710823975,-719.064721118637,95.5869741536932));
#3205=CARTESIAN_POINT('Ctrl Pts',(-86.4877360795246,-683.031975225874,98.399943673649));
#3206=CARTESIAN_POINT('Ctrl Pts',(-89.1176714161125,-637.020838359867,101.837240010153));
#3207=CARTESIAN_POINT('Ctrl Pts',(-92.4048390388462,-570.123182973589,106.412542952229));
#3208=CARTESIAN_POINT('Ctrl Pts',(-95.8662626936966,-480.918677305374,111.755795251095));
#3209=CARTESIAN_POINT('Ctrl Pts',(-98.5865597746799,-390.397255884394,116.490272042916));
#3210=CARTESIAN_POINT('Ctrl Pts',(-100.613849867762,-300.669717144704,120.559060660545));
#3211=CARTESIAN_POINT('Ctrl Pts',(-102.018693179056,-214.05289593504,123.918078986776));
#3212=CARTESIAN_POINT('Ctrl Pts',(-102.888549214576,-133.006578716729,126.534561070856));
#3213=CARTESIAN_POINT('Ctrl Pts',(-103.249974992011,-72.2311199388482,128.076995735403));
#3214=CARTESIAN_POINT('Ctrl Pts',(-103.356787641519,-34.3535803977491,128.814825867137));
#3215=CARTESIAN_POINT('Ctrl Pts',(-103.382203563393,-14.1976468529278,129.138019091247));
#3216=CARTESIAN_POINT('Ctrl Pts',(-103.384030855291,-4.64136612197189,129.266678027534));
#3217=CARTESIAN_POINT('Ctrl Pts',(-103.366448204004,47.4597075999959,129.896034590977));
#3218=CARTESIAN_POINT('Ctrl Pts',(-102.033182857842,140.089654260882,129.67838529152));
#3219=CARTESIAN_POINT('Ctrl Pts',(-91.7432398030346,408.907058855585,122.518701786957));
#3220=CARTESIAN_POINT('Ctrl Pts',(-58.4104673847147,795.598457037676,93.6738471912958));
#3221=CARTESIAN_POINT('Ctrl Pts',(-35.6966729058416,1215.2911483001,78.0952576598569));
#3222=CARTESIAN_POINT('Ctrl Pts',(-34.161180843684,1468.99999995723,81.7740643210788));
#3223=CARTESIAN_POINT('Ctrl Pts',(0.,-1139.99999997278,24.9999999994033));
#3224=CARTESIAN_POINT('Ctrl Pts',(-4.94738483350558,-1139.99999997278,27.8046546442792));
#3225=CARTESIAN_POINT('Ctrl Pts',(-15.3591403901585,-1134.70864345137,34.4814732935315));
#3226=CARTESIAN_POINT('Ctrl Pts',(-29.9713786929768,-1106.83734514678,45.7039855148543));
#3227=CARTESIAN_POINT('Ctrl Pts',(-41.7848844131004,-1066.40620784062,55.8969130192302));
#3228=CARTESIAN_POINT('Ctrl Pts',(-48.8583412826179,-1033.16569003347,62.4654326057892));
#3229=CARTESIAN_POINT('Ctrl Pts',(-55.748562005683,-994.985644044466,69.1286644053634));
#3230=CARTESIAN_POINT('Ctrl Pts',(-61.5509173605173,-956.130625583731,75.0346269750391));
#3231=CARTESIAN_POINT('Ctrl Pts',(-67.7418073425528,-904.328920509873,81.7362137934816));
#3232=CARTESIAN_POINT('Ctrl Pts',(-73.6029683300024,-847.761920586658,88.3565202301384));
#3233=CARTESIAN_POINT('Ctrl Pts',(-78.916060169184,-784.308334460102,94.7813001063369));
#3234=CARTESIAN_POINT('Ctrl Pts',(-83.0197400758551,-723.634097857212,100.113938451404));
#3235=CARTESIAN_POINT('Ctrl Pts',(-85.2034484717656,-687.668097585982,103.063499396849));
#3236=CARTESIAN_POINT('Ctrl Pts',(-87.7968899151677,-641.710110764727,106.663048429388));
#3237=CARTESIAN_POINT('Ctrl Pts',(-91.0420093395734,-574.798886706405,111.441092835427));
#3238=CARTESIAN_POINT('Ctrl Pts',(-94.4664413735869,-485.395930273548,116.995894622361));
#3239=CARTESIAN_POINT('Ctrl Pts',(-97.1653752820233,-394.492992491993,121.892935613389));
#3240=CARTESIAN_POINT('Ctrl Pts',(-99.1845438120449,-304.207972908484,126.077471856236));
#3241=CARTESIAN_POINT('Ctrl Pts',(-100.591258867632,-216.87430152878,129.509601816216));
#3242=CARTESIAN_POINT('Ctrl Pts',(-101.469072582882,-134.976944595502,132.162428023759));
#3243=CARTESIAN_POINT('Ctrl Pts',(-101.83857919626,-73.4078364322293,133.710546446682));
#3244=CARTESIAN_POINT('Ctrl Pts',(-101.949854715171,-34.9474597941252,134.442993482366));
#3245=CARTESIAN_POINT('Ctrl Pts',(-101.97720921277,-14.4533615556659,134.760965564631));
#3246=CARTESIAN_POINT('Ctrl Pts',(-101.979758035146,-4.72673852460017,134.886385772042));
#3247=CARTESIAN_POINT('Ctrl Pts',(-101.965410216584,48.3326384761989,135.496048210878));
#3248=CARTESIAN_POINT('Ctrl Pts',(-100.657511533715,142.618041171685,135.168435935815));
#3249=CARTESIAN_POINT('Ctrl Pts',(-90.5332304987712,415.707828864798,127.321522839617));
#3250=CARTESIAN_POINT('Ctrl Pts',(-57.682432211307,805.637184572995,96.4326284618676));
#3251=CARTESIAN_POINT('Ctrl Pts',(-35.146846265793,1220.46639278564,79.4554685792373));
#3252=CARTESIAN_POINT('Ctrl Pts',(-33.4923267998964,1468.99999996492,83.0044123151605));
#3253=CARTESIAN_POINT('Ctrl Pts',(0.,-1139.99999997731,24.9999999995026));
#3254=CARTESIAN_POINT('Ctrl Pts',(-4.89427275553085,-1139.99999997731,28.0070042645692));
#3255=CARTESIAN_POINT('Ctrl Pts',(-15.1707590002265,-1134.90004392188,35.1469911463577));
#3256=CARTESIAN_POINT('Ctrl Pts',(-29.548185770223,-1107.7596555188,47.1056467401163));
#3257=CARTESIAN_POINT('Ctrl Pts',(-41.1543641219071,-1068.13476291399,57.9373169551021));
#3258=CARTESIAN_POINT('Ctrl Pts',(-48.0994499572783,-1035.43504726638,64.9028945946495));
#3259=CARTESIAN_POINT('Ctrl Pts',(-54.8634776082807,-997.799406513403,71.9596006497365));
#3260=CARTESIAN_POINT('Ctrl Pts',(-60.5587566610819,-959.416162791076,78.2037242445321));
#3261=CARTESIAN_POINT('Ctrl Pts',(-66.6366007468315,-908.101438214014,85.2720536909593));
#3262=CARTESIAN_POINT('Ctrl Pts',(-72.3922104946124,-851.972105680658,92.2425907697552));
#3263=CARTESIAN_POINT('Ctrl Pts',(-77.6128853528532,-788.860575189502,98.9878472327995));
#3264=CARTESIAN_POINT('Ctrl Pts',(-81.6493431384872,-728.370747277428,104.568151045703));
#3265=CARTESIAN_POINT('Ctrl Pts',(-83.7986788028689,-692.473934378846,107.649216582869));
#3266=CARTESIAN_POINT('Ctrl Pts',(-86.352561339547,-646.571041007105,111.404561449013));
#3267=CARTESIAN_POINT('Ctrl Pts',(-89.5519175719008,-579.645747736353,116.376069027489));
#3268=CARTESIAN_POINT('Ctrl Pts',(-92.9356610387497,-490.037070071935,122.130303579469));
#3269=CARTESIAN_POINT('Ctrl Pts',(-95.6105466941034,-398.738643874351,127.177957512464));
#3270=CARTESIAN_POINT('Ctrl Pts',(-97.6198195226913,-307.87573080469,131.466883403733));
#3271=CARTESIAN_POINT('Ctrl Pts',(-99.0274080487711,-219.798964891148,134.961861312268));
#3272=CARTESIAN_POINT('Ctrl Pts',(-99.9127995032619,-137.019415565829,137.642425445336));
#3273=CARTESIAN_POINT('Ctrl Pts',(-100.290440500048,-74.6276108974258,139.190948275302));
#3274=CARTESIAN_POINT('Ctrl Pts',(-100.406332376154,-35.5630689385424,139.915592711676));
#3275=CARTESIAN_POINT('Ctrl Pts',(-100.435735486271,-14.7184323455735,140.227366830712));
#3276=CARTESIAN_POINT('Ctrl Pts',(-100.43906654984,-4.81523446332847,140.349201960264));
#3277=CARTESIAN_POINT('Ctrl Pts',(-100.428305459775,49.2375074388156,140.93764422443));
#3278=CARTESIAN_POINT('Ctrl Pts',(-99.147933954588,145.238960228527,140.500828872661));
#3279=CARTESIAN_POINT('Ctrl Pts',(-89.2031647017344,422.75762966623,131.985916895701));
#3280=CARTESIAN_POINT('Ctrl Pts',(-56.8762094131255,816.043917106078,99.1293128375873));
#3281=CARTESIAN_POINT('Ctrl Pts',(-34.5488322952699,1225.83149647337,80.7974681088035));
#3282=CARTESIAN_POINT('Ctrl Pts',(-32.7791795018172,1468.99999997076,84.2096271826716));
#3283=CARTESIAN_POINT('Ctrl Pts',(0.,-1139.99999998166,24.999999999598));
#3284=CARTESIAN_POINT('Ctrl Pts',(-4.83275905529056,-1139.99999998166,28.2084144668339));
#3285=CARTESIAN_POINT('Ctrl Pts',(-14.957174189049,-1135.09728927302,35.8079051569886));
#3286=CARTESIAN_POINT('Ctrl Pts',(-29.077987669107,-1108.71013492234,48.494173398282));
#3287=CARTESIAN_POINT('Ctrl Pts',(-40.460080945249,-1069.91611347008,59.9555035387328));
#3288=CARTESIAN_POINT('Ctrl Pts',(-47.2670687567849,-1037.77371877259,67.3116489641169));
#3289=CARTESIAN_POINT('Ctrl Pts',(-53.8955821156688,-1000.69911205283,74.7548331733103));
#3290=CARTESIAN_POINT('Ctrl Pts',(-59.4760994981602,-962.80205325387,81.3304441655599));
#3291=CARTESIAN_POINT('Ctrl Pts',(-65.432886097416,-911.989183280001,88.7571621596571));
#3292=CARTESIAN_POINT('Ctrl Pts',(-71.0754811117452,-856.310885536762,96.0691138946879));
#3293=CARTESIAN_POINT('Ctrl Pts',(-76.197146618293,-793.55185682548,103.125373839105));
#3294=CARTESIAN_POINT('Ctrl Pts',(-80.1614261811839,-733.252067903512,108.944603089388));
#3295=CARTESIAN_POINT('Ctrl Pts',(-82.2737913199225,-697.426554099477,112.152076891591));
#3296=CARTESIAN_POINT('Ctrl Pts',(-84.7850632405508,-651.580434846002,116.05677454604));
#3297=CARTESIAN_POINT('Ctrl Pts',(-87.9349315077044,-584.640639205494,121.212557838132));
#3298=CARTESIAN_POINT('Ctrl Pts',(-91.2742257982688,-494.819951839041,127.154353766419));
#3299=CARTESIAN_POINT('Ctrl Pts',(-93.9222699799215,-403.113952665759,132.341022724663));
#3300=CARTESIAN_POINT('Ctrl Pts',(-95.9197306336001,-311.655491264883,136.723410811165));
#3301=CARTESIAN_POINT('Ctrl Pts',(-97.3270343651311,-222.812932372546,140.271440316592));
#3302=CARTESIAN_POINT('Ctrl Pts',(-98.2194644666391,-139.124247356613,142.971591329187));
#3303=CARTESIAN_POINT('Ctrl Pts',(-98.605179019968,-75.8846242462002,144.51556192507));
#3304=CARTESIAN_POINT('Ctrl Pts',(-98.7257798954894,-36.1974710725892,145.230154197211));
#3305=CARTESIAN_POINT('Ctrl Pts',(-98.7573136652954,-14.9915947298455,145.534830783305));
#3306=CARTESIAN_POINT('Ctrl Pts',(-98.7614761490565,-4.90643178199055,145.652765854486));
#3307=CARTESIAN_POINT('Ctrl Pts',(-98.7545964590036,50.169997949294,146.218615786715));
#3308=CARTESIAN_POINT('Ctrl Pts',(-97.5038154468952,147.939907067083,145.673556811663));
#3309=CARTESIAN_POINT('Ctrl Pts',(-87.7521843469073,430.02281755424,136.510095032378));
#3310=CARTESIAN_POINT('Ctrl Pts',(-55.9909417115012,826.76896409062,101.761401550664));
#3311=CARTESIAN_POINT('Ctrl Pts',(-33.9027348593758,1231.36083251357,82.1188679638514));
#3312=CARTESIAN_POINT('Ctrl Pts',(-32.022682145893,1468.99999997636,85.3881150602149));
#3313=CARTESIAN_POINT('Ctrl Pts',(0.,-1139.99999998306,24.9999999996288));
#3314=CARTESIAN_POINT('Ctrl Pts',(-4.76261021019696,-1139.99999998306,28.4086589577161));
#3315=CARTESIAN_POINT('Ctrl Pts',(-14.7178716002903,-1135.29946628896,36.4634290654641));
#3316=CARTESIAN_POINT('Ctrl Pts',(-28.5602745084537,-1109.6843825188,49.8677943064885));
#3317=CARTESIAN_POINT('Ctrl Pts',(-39.7016860912672,-1071.74201148018,61.9488416444697));
#3318=CARTESIAN_POINT('Ctrl Pts',(-46.3609877121799,-1040.17087594264,69.6885495443748));
#3319=CARTESIAN_POINT('Ctrl Pts',(-52.844812298529,-1003.671334283,77.5107256492869));
#3320=CARTESIAN_POINT('Ctrl Pts',(-58.3030215553343,-966.272619406363,84.410756644424));
#3321=CARTESIAN_POINT('Ctrl Pts',(-64.130879151079,-915.974154436698,92.1871377370053));
#3322=CARTESIAN_POINT('Ctrl Pts',(-69.6531216376132,-860.758170520948,99.8313789183795));
#3323=CARTESIAN_POINT('Ctrl Pts',(-74.6692800018945,-798.360457665961,107.188966191));
#3324=CARTESIAN_POINT('Ctrl Pts',(-78.5564678258491,-738.255458257371,113.238308804879));
#3325=CARTESIAN_POINT('Ctrl Pts',(-80.6292773537506,-702.503025240611,116.567084132653));
#3326=CARTESIAN_POINT('Ctrl Pts',(-83.0948929175161,-656.7150980382,120.614704144151));
#3327=CARTESIAN_POINT('Ctrl Pts',(-86.1915307983728,-589.760434253972,125.945665350056));
#3328=CARTESIAN_POINT('Ctrl Pts',(-89.4825395938324,-499.72243071173,132.06339470604));
#3329=CARTESIAN_POINT('Ctrl Pts',(-92.1008277784159,-407.598661499022,137.377831973296));
#3330=CARTESIAN_POINT('Ctrl Pts',(-94.0844070868301,-315.529754719469,141.843183720307));
#3331=CARTESIAN_POINT('Ctrl Pts',(-95.4900979695905,-225.90225032246,145.434934245868));
#3332=CARTESIAN_POINT('Ctrl Pts',(-96.3888610305742,-141.281695696077,148.146975073866));
#3333=CARTESIAN_POINT('Ctrl Pts',(-96.7824701756966,-77.1730573898418,149.68175893079));
#3334=CARTESIAN_POINT('Ctrl Pts',(-96.9078102634596,-36.8477294374343,150.384219159936));
#3335=CARTESIAN_POINT('Ctrl Pts',(-96.941528249772,-15.2715842152721,150.680975813724));
#3336=CARTESIAN_POINT('Ctrl Pts',(-96.9465597197407,-4.99990832401608,150.794727201426));
#3337=CARTESIAN_POINT('Ctrl Pts',(-96.9437988828645,51.1257934693725,151.336766543564));
#3338=CARTESIAN_POINT('Ctrl Pts',(-95.7245758434665,150.708377322862,150.684623723568));
#3339=CARTESIAN_POINT('Ctrl Pts',(-86.1794872658806,437.469748821903,140.892283633848));
#3340=CARTESIAN_POINT('Ctrl Pts',(-55.0258326406896,837.762634978283,104.326424261259));
#3341=CARTESIAN_POINT('Ctrl Pts',(-33.2087153200089,1237.02877405129,83.417315358494));
#3342=CARTESIAN_POINT('Ctrl Pts',(-31.2238354253653,1468.99999997817,86.5383175832105));
#3343=CARTESIAN_POINT('Ctrl Pts',(0.,-1139.99999998654,24.9999999997051));
#3344=CARTESIAN_POINT('Ctrl Pts',(-4.68362418427827,-1139.99999998654,28.607512503901));
#3345=CARTESIAN_POINT('Ctrl Pts',(-14.4524089149653,-1135.50566176129,37.1127776790543));
#3346=CARTESIAN_POINT('Ctrl Pts',(-27.9946327539502,-1110.67799747647,51.2247380019746));
#3347=CARTESIAN_POINT('Ctrl Pts',(-38.8789378032957,-1073.60420892222,63.9146995011108));
#3348=CARTESIAN_POINT('Ctrl Pts',(-45.3811019938977,-1042.61569017345,72.0304485666256));
#3349=CARTESIAN_POINT('Ctrl Pts',(-51.7112102816226,-1006.7026468305,80.2236400793032));
#3350=CARTESIAN_POINT('Ctrl Pts',(-57.0396883302843,-969.812183688449,87.4406272330536));
#3351=CARTESIAN_POINT('Ctrl Pts',(-62.7308771022867,-920.038350418484,95.5575739506358));
#3352=CARTESIAN_POINT('Ctrl Pts',(-68.1255414288442,-865.293871004377,103.524668779869));
#3353=CARTESIAN_POINT('Ctrl Pts',(-73.0297702928402,-803.264656013507,111.173702094839));
#3354=CARTESIAN_POINT('Ctrl Pts',(-76.8349824909779,-743.358316865394,117.44427314665));
#3355=CARTESIAN_POINT('Ctrl Pts',(-78.8656563715257,-707.680416299384,120.889232386718));
#3356=CARTESIAN_POINT('Ctrl Pts',(-81.2825661874602,-661.951836344775,125.07335638907));
#3357=CARTESIAN_POINT('Ctrl Pts',(-84.3221941337548,-594.982006025636,130.570485443571));
#3358=CARTESIAN_POINT('Ctrl Pts',(-87.5609834002494,-504.722361830039,136.852761906988));
#3359=CARTESIAN_POINT('Ctrl Pts',(-90.1464612490036,-412.172513009814,142.284070794045));
#3360=CARTESIAN_POINT('Ctrl Pts',(-92.1139168246553,-319.481021601082,146.822314786898));
#3361=CARTESIAN_POINT('Ctrl Pts',(-93.5164808027824,-229.052965092143,150.44892029565));
#3362=CARTESIAN_POINT('Ctrl Pts',(-94.4206912175382,-143.482016313758,153.165606769283));
#3363=CARTESIAN_POINT('Ctrl Pts',(-94.8218899258021,-78.4870912405535,154.686890790037));
#3364=CARTESIAN_POINT('Ctrl Pts',(-94.9519344519418,-37.5109072750565,155.375308591912));
#3365=CARTESIAN_POINT('Ctrl Pts',(-94.9878610411261,-15.5571363094246,155.663400042395));
#3366=CARTESIAN_POINT('Ctrl Pts',(-94.9937873257171,-5.09524193361382,155.772715468145));
#3367=CARTESIAN_POINT('Ctrl Pts',(-94.9953255704028,52.10057746023,156.28987984823));
#3368=CARTESIAN_POINT('Ctrl Pts',(-93.8095328656696,153.531866631696,155.532013906525));
#3369=CARTESIAN_POINT('Ctrl Pts',(-84.4841924642401,445.064779764774,145.130698045441));
#3370=CARTESIAN_POINT('Ctrl Pts',(-53.9800812868343,848.97523922467,106.821927393978));
#3371=CARTESIAN_POINT('Ctrl Pts',(-32.4669902353537,1242.80969424166,84.6904943465702));
#3372=CARTESIAN_POINT('Ctrl Pts',(-30.3836952297622,1468.99999998265,87.6587132268045));
#3373=CARTESIAN_POINT('Ctrl Pts',(0.,-1139.99999998854,24.9999999997489));
#3374=CARTESIAN_POINT('Ctrl Pts',(-4.5956312546438,-1139.99999998854,28.8047468168496));
#3375=CARTESIAN_POINT('Ctrl Pts',(-14.16043876648,-1135.71496247345,37.7551597109416));
#3376=CARTESIAN_POINT('Ctrl Pts',(-27.3807993045287,-1111.68657895606,52.5632260874356));
#3377=CARTESIAN_POINT('Ctrl Pts',(-37.9917659110887,-1075.4944577668,65.8504378758105));
#3378=CARTESIAN_POINT('Ctrl Pts',(-44.3274881937509,-1045.0973328549,74.3341916309949));
#3379=CARTESIAN_POINT('Ctrl Pts',(-50.4950008629771,-1009.77962331495,82.8899318718589));
#3380=CARTESIAN_POINT('Ctrl Pts',(-55.6864598864104,-973.405068533805,90.4160179906028));
#3381=CARTESIAN_POINT('Ctrl Pts',(-61.2333678306339,-924.163769953664,98.8640619264907));
#3382=CARTESIAN_POINT('Ctrl Pts',(-66.4933381558567,-869.897897352505,107.144266006086));
#3383=CARTESIAN_POINT('Ctrl Pts',(-71.2792890295227,-808.242730165575,115.07466187938));
#3384=CARTESIAN_POINT('Ctrl Pts',(-74.9976626798929,-748.538042249038,121.557505128378));
#3385=CARTESIAN_POINT('Ctrl Pts',(-76.9836205870549,-712.935795768088,125.113520689603));
#3386=CARTESIAN_POINT('Ctrl Pts',(-79.3487645239324,-667.267455522074,129.427743484676));
#3387=CARTESIAN_POINT('Ctrl Pts',(-82.3275614897268,-600.282227660257,135.082120904786));
#3388=CARTESIAN_POINT('Ctrl Pts',(-85.5100900215808,-509.797600330512,141.517802729065));
#3389=CARTESIAN_POINT('Ctrl Pts',(-88.0595510950753,-416.815249830652,147.055438787194));
#3390=CARTESIAN_POINT('Ctrl Pts',(-90.0084597538848,-323.491792339907,151.656933563148));
#3391=CARTESIAN_POINT('Ctrl Pts',(-91.4061884768564,-232.251123030906,155.309994655685));
#3392=CARTESIAN_POINT('Ctrl Pts',(-92.3147747741253,-145.715464937746,158.024537278958));
#3393=CARTESIAN_POINT('Ctrl Pts',(-92.7231293616236,-79.8209067095327,159.528330896047));
#3394=CARTESIAN_POINT('Ctrl Pts',(-92.8577772018308,-38.1840678265429,160.200965709942));
#3395=CARTESIAN_POINT('Ctrl Pts',(-92.8959071333438,-15.8469865190144,160.479723895328));
#3396=CARTESIAN_POINT('Ctrl Pts',(-92.9027422511268,-5.19201045413514,160.584382442846));
#3397=CARTESIAN_POINT('Ctrl Pts',(-92.9087025849269,53.0900333836609,161.075761390232));
#3398=CARTESIAN_POINT('Ctrl Pts',(-91.7581189811849,156.39787062906,160.213734928934));
#3399=CARTESIAN_POINT('Ctrl Pts',(-82.6655262179187,452.774266675676,149.223579971875));
#3400=CARTESIAN_POINT('Ctrl Pts',(-52.8529708103224,860.357086281044,109.245493805999));
#3401=CARTESIAN_POINT('Ctrl Pts',(-31.6778318558676,1248.67796622872,85.9361291519247));
#3402=CARTESIAN_POINT('Ctrl Pts',(-29.5033731408842,1468.99999998523,88.7478206361485));
#3403=CARTESIAN_POINT('Ctrl Pts',(0.,-1139.9999999905,24.999999999792));
#3404=CARTESIAN_POINT('Ctrl Pts',(-4.49849499916682,-1139.9999999905,29.0001264747202));
#3405=CARTESIAN_POINT('Ctrl Pts',(-13.8416938149826,-1135.92645521363,38.3897643123343));
#3406=CARTESIAN_POINT('Ctrl Pts',(-26.7186225710004,-1112.70572612269,53.8814502043854));
#3407=CARTESIAN_POINT('Ctrl Pts',(-37.040224989937,-1077.4045099888,67.7533835184085));
#3408=CARTESIAN_POINT('Ctrl Pts',(-43.2003479281178,-1047.60497538098,76.5965888109743));
#3409=CARTESIAN_POINT('Ctrl Pts',(-49.1965342942199,-1012.88883736002,85.5059206885925));
#3410=CARTESIAN_POINT('Ctrl Pts',(-54.2438107623579,-977.035596379736,93.3328541136247));
#3411=CARTESIAN_POINT('Ctrl Pts',(-59.6389457641501,-928.332411774087,102.102157033027));
#3412=CARTESIAN_POINT('Ctrl Pts',(-64.7572039941812,-874.550159934114,110.685418500299));
#3413=CARTESIAN_POINT('Ctrl Pts',(-69.418585588202,-813.272958422601,118.886892540202));
#3414=CARTESIAN_POINT('Ctrl Pts',(-73.045265952495,-753.772032932634,125.572982582009));
#3415=CARTESIAN_POINT('Ctrl Pts',(-74.9839196713489,-718.246232141838,129.234918203588));
#3416=CARTESIAN_POINT('Ctrl Pts',(-77.2942172396769,-672.638761329201,133.672849468315));
#3417=CARTESIAN_POINT('Ctrl Pts',(-80.2083032000833,-605.637972299984,139.475648110917));
#3418=CARTESIAN_POINT('Ctrl Pts',(-83.3304019736413,-514.92600135173,146.053840872439));
#3419=CARTESIAN_POINT('Ctrl Pts',(-85.8404694985301,-421.506614595893,151.687614941449));
#3420=CARTESIAN_POINT('Ctrl Pts',(-87.7682082625693,-327.544567367555,156.343151334898));
#3421=CARTESIAN_POINT('Ctrl Pts',(-89.1591836166944,-235.482770489192,160.014737492672));
#3422=CARTESIAN_POINT('Ctrl Pts',(-90.0708759232867,-147.972297296976,162.720803137358));
#3423=CARTESIAN_POINT('Ctrl Pts',(-90.4858167855862,-81.1686847085634,164.20343915533));
#3424=CARTESIAN_POINT('Ctrl Pts',(-90.6248980149462,-38.8642743335011,164.858720606087));
#3425=CARTESIAN_POINT('Ctrl Pts',(-90.6651957071001,-16.139870351255,165.127554789152));
#3426=CARTESIAN_POINT('Ctrl Pts',(-90.6729417461811,-5.28979172943213,165.227366923079));
#3427=CARTESIAN_POINT('Ctrl Pts',(-90.6833899583763,54.0898447011001,165.692203856652));
#3428=CARTESIAN_POINT('Ctrl Pts',(-89.5697014603552,159.293884950636,164.727782086698));
#3429=CARTESIAN_POINT('Ctrl Pts',(-80.7226672065575,460.564565849028,153.169167057814));
#3430=CARTESIAN_POINT('Ctrl Pts',(-51.6437930525569,871.858485601195,111.594728792948));
#3431=CARTESIAN_POINT('Ctrl Pts',(-30.8415647775318,1254.60796316298,87.1519847996296));
#3432=CARTESIAN_POINT('Ctrl Pts',(-28.5840330860561,1468.99999998776,89.8041992576216));
#3433=CARTESIAN_POINT('Ctrl Pts',(0.,-1139.9999999924,24.9999999998335));
#3434=CARTESIAN_POINT('Ctrl Pts',(-4.39211320749272,-1139.9999999924,29.1934048179418));
#3435=CARTESIAN_POINT('Ctrl Pts',(-13.4959980120548,-1136.13922676861,39.0157515358725));
#3436=CARTESIAN_POINT('Ctrl Pts',(-26.0080872810775,-1113.73103814018,55.1775594672874));
#3437=CARTESIAN_POINT('Ctrl Pts',(-36.0245237485781,-1079.32611756185,69.6208152546113));
#3438=CARTESIAN_POINT('Ctrl Pts',(-42.0000419851611,-1050.12778914445,78.8144011460445));
#3439=CARTESIAN_POINT('Ctrl Pts',(-47.816320850669,-1016.0168625882,88.0678769257353));
#3440=CARTESIAN_POINT('Ctrl Pts',(-52.7123753227861,-980.68808966247,96.1870129074451));
#3441=CARTESIAN_POINT('Ctrl Pts',(-57.9483588703596,-932.52627461055,105.267369037012));
#3442=CARTESIAN_POINT('Ctrl Pts',(-62.9179768325289,-879.230569117002,114.143331682226));
#3443=CARTESIAN_POINT('Ctrl Pts',(-67.4485450366855,-818.333619084136,122.605402745495));
#3444=CARTESIAN_POINT('Ctrl Pts',(-70.9786742390117,-759.037687439663,129.485648953494));
#3445=CARTESIAN_POINT('Ctrl Pts',(-72.8674208434975,-723.588793914915,133.248362067296));
#3446=CARTESIAN_POINT('Ctrl Pts',(-75.1197623968692,-678.042559524446,137.803629378098));
#3447=CARTESIAN_POINT('Ctrl Pts',(-77.9651864586934,-611.026113086261,143.746119100962));
#3448=CARTESIAN_POINT('Ctrl Pts',(-81.0225425099326,-520.085420031672,150.456181631723));
#3449=CARTESIAN_POINT('Ctrl Pts',(-83.489653243287,-426.226349939351,156.176265466853));
#3450=CARTESIAN_POINT('Ctrl Pts',(-85.3933850303888,-331.621847115215,160.877071967065));
#3451=CARTESIAN_POINT('Ctrl Pts',(-86.7754664623425,-238.733953817107,164.559726124725));
#3452=CARTESIAN_POINT('Ctrl Pts',(-87.6887865985134,-150.242769120131,167.251441662359));
#3453=CARTESIAN_POINT('Ctrl Pts',(-88.1096028749256,-82.5246061492556,168.709578283836));
#3454=CARTESIAN_POINT('Ctrl Pts',(-88.2528767339686,-39.548590037384,169.346106912475));
#3455=CARTESIAN_POINT('Ctrl Pts',(-88.2952756752935,-16.4345233132104,169.604503891798));
#3456=CARTESIAN_POINT('Ctrl Pts',(-88.3039226908674,-5.38816360320755,169.69931149405));
#3457=CARTESIAN_POINT('Ctrl Pts',(-88.3188673407197,55.0956948740897,170.137003733729));
#3458=CARTESIAN_POINT('Ctrl Pts',(-87.2436682415873,162.207405232048,169.072155403597));
#3459=CARTESIAN_POINT('Ctrl Pts',(-78.6548200924479,468.402033578774,156.965707967731));
#3460=CARTESIAN_POINT('Ctrl Pts',(-50.3518832491866,883.429746638169,113.867268954225));
#3461=CARTESIAN_POINT('Ctrl Pts',(-29.9585657541552,1260.57405819304,88.3358700654741));
#3462=CARTESIAN_POINT('Ctrl Pts',(-27.6268911504298,1468.9999999902,90.8264522883202));
#3463=CARTESIAN_POINT('Ctrl Pts',(0.,-1139.99999999314,24.9999999998499));
#3464=CARTESIAN_POINT('Ctrl Pts',(-4.27641882910985,-1139.99999999314,29.3843198647608));
#3465=CARTESIAN_POINT('Ctrl Pts',(-13.1232669924332,-1136.35236392417,39.6322423041312));
#3466=CARTESIAN_POINT('Ctrl Pts',(-25.2493141357156,-1114.75811417144,56.4496457691899));
#3467=CARTESIAN_POINT('Ctrl Pts',(-34.9450245361469,-1081.25103245866,71.4499473932958));
#3468=CARTESIAN_POINT('Ctrl Pts',(-40.7270895201941,-1052.65494553724,80.9843235692557));
#3469=CARTESIAN_POINT('Ctrl Pts',(-46.3550300218737,-1019.1502726211,90.5720045452433));
#3470=CARTESIAN_POINT('Ctrl Pts',(-51.0929462093729,-984.346870817481,98.9743067665703));
#3471=CARTESIAN_POINT('Ctrl Pts',(-56.1625068530485,-936.727357193116,108.355145834121));
#3472=CARTESIAN_POINT('Ctrl Pts',(-60.9766380367154,-883.919035268273,117.513153162109));
#3473=CARTESIAN_POINT('Ctrl Pts',(-65.3701853605745,-823.402990449113,126.225148682273));
#3474=CARTESIAN_POINT('Ctrl Pts',(-68.7988907062017,-764.312404293006,133.290400484445));
#3475=CARTESIAN_POINT('Ctrl Pts',(-70.6351055243459,-728.94054958101,137.148745382168));
#3476=CARTESIAN_POINT('Ctrl Pts',(-72.8263431983373,-683.455655865519,141.81499827559));
#3477=CARTESIAN_POINT('Ctrl Pts',(-75.5990712983842,-616.423523160038,147.888551927135));
#3478=CARTESIAN_POINT('Ctrl Pts',(-78.5872111119209,-525.25371150789,154.720104082209));
#3479=CARTESIAN_POINT('Ctrl Pts',(-81.007598750783,-430.954198494453,160.517037854285));
#3480=CARTESIAN_POINT('Ctrl Pts',(-82.8842576671265,-335.706132013779,165.25478755728));
#3481=CARTESIAN_POINT('Ctrl Pts',(-84.2550691741397,-241.990719364523,168.941532107509));
#3482=CARTESIAN_POINT('Ctrl Pts',(-85.1683204949035,-152.517136135722,171.6134891465));
#3483=CARTESIAN_POINT('Ctrl Pts',(-85.5941546130775,-83.8828519430971,173.044112570697));
#3484=CARTESIAN_POINT('Ctrl Pts',(-85.7413074257547,-40.2340781795368,173.660660791668));
#3485=CARTESIAN_POINT('Ctrl Pts',(-85.7857095528888,-16.7296809118409,173.908185181195));
#3486=CARTESIAN_POINT('Ctrl Pts',(-85.7952354619969,-5.48670391906131,173.997861599086));
#3487=CARTESIAN_POINT('Ctrl Pts',(-85.8146279082656,56.1032673642459,174.407960346303));
#3488=CARTESIAN_POINT('Ctrl Pts',(-84.7794219730626,165.125927108873,173.244858571449));
#3489=CARTESIAN_POINT('Ctrl Pts',(-76.4612100548434,476.253026158528,160.611461546465));
#3490=CARTESIAN_POINT('Ctrl Pts',(-48.9766158521734,895.02117884448,116.060782264165));
#3491=CARTESIAN_POINT('Ctrl Pts',(-29.0292608244434,1266.55062446615,89.4856381728366));
#3492=CARTESIAN_POINT('Ctrl Pts',(-26.6332127040545,1468.99999999116,91.8132273729296));
#3493=CARTESIAN_POINT('Ctrl Pts',(0.,-1139.99999999425,24.9999999998742));
#3494=CARTESIAN_POINT('Ctrl Pts',(-4.15138088077885,-1139.99999999425,29.5725902160461));
#3495=CARTESIAN_POINT('Ctrl Pts',(-12.7235084943545,-1136.56495346857,40.2383057505715));
#3496=CARTESIAN_POINT('Ctrl Pts',(-24.4425565796554,-1115.78255338164,57.6957239776265));
#3497=CARTESIAN_POINT('Ctrl Pts',(-33.8022389378782,-1083.17100665416,73.2379072166225));
#3498=CARTESIAN_POINT('Ctrl Pts',(-39.3821613738662,-1055.17561595337,83.1029613293305));
#3499=CARTESIAN_POINT('Ctrl Pts',(-44.8134836221332,-1022.27564108246,93.0144173617108));
#3500=CARTESIAN_POINT('Ctrl Pts',(-49.3864611740912,-987.996262282117,101.690458611417));
#3501=CARTESIAN_POINT('Ctrl Pts',(-54.2824266799008,-940.917658253673,111.360849520167));
#3502=CARTESIAN_POINT('Ctrl Pts',(-58.9342950224793,-888.595468756749,120.789949446641));
#3503=CARTESIAN_POINT('Ctrl Pts',(-63.184635321247,-828.459350818002,129.741011541197));
#3504=CARTESIAN_POINT('Ctrl Pts',(-66.5070161406164,-769.573582017031,136.982064958191));
#3505=CARTESIAN_POINT('Ctrl Pts',(-68.2880448960227,-734.278567635273,140.930896725188));
#3506=CARTESIAN_POINT('Ctrl Pts',(-70.4149825927202,-688.854856111562,145.701811761626));
#3507=CARTESIAN_POINT('Ctrl Pts',(-73.1108807936003,-621.807075663491,151.897912327245));
#3508=CARTESIAN_POINT('Ctrl Pts',(-76.0251497814371,-530.40873091899,158.840844477238));
#3509=CARTESIAN_POINT('Ctrl Pts',(-78.3948261394551,-435.669902895579,164.70554610943));
#3510=CARTESIAN_POINT('Ctrl Pts',(-80.2410987428168,-339.779922494876,169.472365202995));
#3511=CARTESIAN_POINT('Ctrl Pts',(-81.5980132356157,-245.239113481897,173.156709421636));
#3512=CARTESIAN_POINT('Ctrl Pts',(-82.5092680819236,-154.785654072691,175.803970143587));
#3513=CARTESIAN_POINT('Ctrl Pts',(-82.939108611109,-85.237603001879,177.204397754416));
#3514=CARTESIAN_POINT('Ctrl Pts',(-83.0897512930704,-40.9178020015727,177.799911047359));
#3515=CARTESIAN_POINT('Ctrl Pts',(-83.1360262866527,-17.0240786543656,178.036205629381));
#3516=CARTESIAN_POINT('Ctrl Pts',(-83.146396745078,-5.58499052085053,178.120655735251));
#3517=CARTESIAN_POINT('Ctrl Pts',(-83.1701311004393,57.1082456329997,178.502866101347));
#3518=CARTESIAN_POINT('Ctrl Pts',(-82.1763322018842,168.036946216796,177.243889398689));
#3519=CARTESIAN_POINT('Ctrl Pts',(-74.1410415958368,484.083899882727,164.104689233714));
#3520=CARTESIAN_POINT('Ctrl Pts',(-47.517384760098,906.583091673953,118.172966434028));
#3521=CARTESIAN_POINT('Ctrl Pts',(-28.0541252812965,1272.51203513287,90.5991902087033));
#3522=CARTESIAN_POINT('Ctrl Pts',(-25.6043123711736,1468.99999999259,92.7632200197431));
#3523=CARTESIAN_POINT('Ctrl Pts',(0.,-1139.99999999519,24.9999999998947));
#3524=CARTESIAN_POINT('Ctrl Pts',(-4.01700542800827,-1139.99999999519,29.7579109621434));
#3525=CARTESIAN_POINT('Ctrl Pts',(-12.2968278806242,-1136.77608218811,40.8329509220974));
#3526=CARTESIAN_POINT('Ctrl Pts',(-23.5882139565663,-1116.79995493417,58.9137211614704));
#3527=CARTESIAN_POINT('Ctrl Pts',(-32.5968435916423,-1085.07779212155,74.9817230316028));
#3528=CARTESIAN_POINT('Ctrl Pts',(-37.9660990755794,-1057.67897178521,85.1668183106039));
#3529=CARTESIAN_POINT('Ctrl Pts',(-43.1926751057583,-1025.37954159435,95.3911273277763));
#3530=CARTESIAN_POINT('Ctrl Pts',(-47.5940302086445,-991.620586492248,104.331091989297));
#3531=CARTESIAN_POINT('Ctrl Pts',(-52.3093209401549,-945.079176522671,114.279747512119));
#3532=CARTESIAN_POINT('Ctrl Pts',(-56.7922127912529,-893.239779949899,123.968698667289));
#3533=CARTESIAN_POINT('Ctrl Pts',(-60.8931711953445,-833.48097849006,133.147792433584));
#3534=CARTESIAN_POINT('Ctrl Pts',(-64.1042868080822,-774.798619134931,140.555398208355));
#3535=CARTESIAN_POINT('Ctrl Pts',(-65.827438356046,-739.579916571705,144.5895776014));
#3536=CARTESIAN_POINT('Ctrl Pts',(-67.8868223610207,-694.216966020588,149.458864616417));
#3537=CARTESIAN_POINT('Ctrl Pts',(-70.5016448170922,-627.153643737831,155.769114527308));
#3538=CARTESIAN_POINT('Ctrl Pts',(-73.3371905987146,-535.528333402749,162.813599578919));
#3539=CARTESIAN_POINT('Ctrl Pts',(-75.6519285267009,-440.35320577636,168.737376308736));
#3540=CARTESIAN_POINT('Ctrl Pts',(-77.4642391383921,-343.825718989553,173.525854848826));
#3541=CARTESIAN_POINT('Ctrl Pts',(-78.8043652357067,-248.465182519223,177.201804178596));
#3542=CARTESIAN_POINT('Ctrl Pts',(-79.7114546963136,-157.03857865964,179.819908672142));
#3543=CARTESIAN_POINT('Ctrl Pts',(-80.1441309350117,-86.5830402371529,181.187793074078));
#3544=CARTESIAN_POINT('Ctrl Pts',(-80.2977968764019,-41.5968247448935,181.761391464035));
#3545=CARTESIAN_POINT('Ctrl Pts',(-80.3457815192361,-17.3164520477991,181.986177620483));
#3546=CARTESIAN_POINT('Ctrl Pts',(-80.356949813954,-5.68260125222907,182.065337885986));
#3547=CARTESIAN_POINT('Ctrl Pts',(-80.3848629815684,58.1063131419288,182.419518869301));
#3548=CARTESIAN_POINT('Ctrl Pts',(-79.4337962957683,170.92795819142,181.067252052501));
#3549=CARTESIAN_POINT('Ctrl Pts',(-71.6935504508906,491.861011045157,167.44366550117));
#3550=CARTESIAN_POINT('Ctrl Pts',(-45.9736261389761,918.065794579382,120.201553966779));
#3551=CARTESIAN_POINT('Ctrl Pts',(-27.0336802683967,1278.43266334118,91.6744751608647));
#3552=CARTESIAN_POINT('Ctrl Pts',(-24.5415506268126,1468.9999999938,93.6751736378583));
#3553=CARTESIAN_POINT('Ctrl Pts',(0.,-1139.99999999596,24.9999999999117));
#3554=CARTESIAN_POINT('Ctrl Pts',(-3.8733364607696,-1139.99999999596,29.9399495936873));
#3555=CARTESIAN_POINT('Ctrl Pts',(-11.8434288910174,-1136.98483686963,41.4151147757179));
#3556=CARTESIAN_POINT('Ctrl Pts',(-22.6868298376277,-1117.80591799288,60.1014581044342));
#3557=CARTESIAN_POINT('Ctrl Pts',(-31.3296777588482,-1086.96314083448,76.6783031945806));
#3558=CARTESIAN_POINT('Ctrl Pts',(-36.4799108066976,-1060.15418442557,87.1722751657458));
#3559=CARTESIAN_POINT('Ctrl Pts',(-41.4937653874272,-1028.44854777929,97.6980225444445));
#3560=CARTESIAN_POINT('Ctrl Pts',(-45.7169268779584,-995.204165884137,106.891708567473));
#3561=CARTESIAN_POINT('Ctrl Pts',(-50.2445482076757,-949.193910730941,117.106990720081));
#3562=CARTESIAN_POINT('Ctrl Pts',(-54.5518021383686,-897.83187921555,127.044269501822));
#3563=CARTESIAN_POINT('Ctrl Pts',(-58.4972015684565,-838.44615176487,136.44019225312));
#3564=CARTESIAN_POINT('Ctrl Pts',(-61.59205812577,-779.964914170216,144.005065276566));
#3565=CARTESIAN_POINT('Ctrl Pts',(-63.2545965596485,-744.821664884611,148.119464386675));
#3566=CARTESIAN_POINT('Ctrl Pts',(-65.2431054238438,-699.518791350911,153.080873763652));
#3567=CARTESIAN_POINT('Ctrl Pts',(-67.7724791543444,-632.440100524522,159.497005465913));
#3568=CARTESIAN_POINT('Ctrl Pts',(-70.5242319652151,-540.590374097163,166.633512686603));
#3569=CARTESIAN_POINT('Ctrl Pts',(-72.779546585441,-444.983849770626,172.608074499991));
#3570=CARTESIAN_POINT('Ctrl Pts',(-74.5540396625371,-347.826021929013,177.411278790875));
#3571=CARTESIAN_POINT('Ctrl Pts',(-75.8742065472403,-251.65497282662,181.073345583277));
#3572=CARTESIAN_POINT('Ctrl Pts',(-76.7747084686984,-159.26616562526,183.658320311296));
#3573=CARTESIAN_POINT('Ctrl Pts',(-77.2088838052905,-87.9133445605349,184.991653975052));
#3574=CARTESIAN_POINT('Ctrl Pts',(-77.3650264513232,-42.2682096509573,185.542633750861));
#3575=CARTESIAN_POINT('Ctrl Pts',(-77.4145239248068,-17.6055365992106,185.755711967849));
#3576=CARTESIAN_POINT('Ctrl Pts',(-77.426430853138,-5.77911395690511,185.829550550035));
#3577=CARTESIAN_POINT('Ctrl Pts',(-77.4583025135671,59.0931533525712,186.155715044378));
#3578=CARTESIAN_POINT('Ctrl Pts',(-76.5512053293767,173.786458668367,184.712950260185));
#3579=CARTESIAN_POINT('Ctrl Pts',(-69.1179740808228,499.550715939777,170.626672487341));
#3580=CARTESIAN_POINT('Ctrl Pts',(-44.3448038038394,929.419597013832,122.144311153825));
#3581=CARTESIAN_POINT('Ctrl Pts',(-25.9684919709513,1284.28688223973,92.7094925870258));
#3582=CARTESIAN_POINT('Ctrl Pts',(-23.4463329875223,1468.9999999948,94.5478822062873));
#3583=CARTESIAN_POINT('Ctrl Pts',(0.,-1139.99999999662,24.9999999999262));
#3584=CARTESIAN_POINT('Ctrl Pts',(-3.72045687416965,-1139.99999999662,30.1183419056423));
#3585=CARTESIAN_POINT('Ctrl Pts',(-11.3636163077412,-1137.19030429996,41.9836518825294));
#3586=CARTESIAN_POINT('Ctrl Pts',(-21.7390964542792,-1118.79604172167,61.2566343357897));
#3587=CARTESIAN_POINT('Ctrl Pts',(-30.0017484335227,-1088.81880476662,78.3244192448426));
#3588=CARTESIAN_POINT('Ctrl Pts',(-34.9247769515529,-1062.59042526728,89.115572066131));
#3589=CARTESIAN_POINT('Ctrl Pts',(-39.7180884476705,-1031.46923325981,99.930849926721));
#3590=CARTESIAN_POINT('Ctrl Pts',(-43.7565947433066,-998.731322894069,109.367671282166));
#3591=CARTESIAN_POINT('Ctrl Pts',(-48.0896294393674,-953.243859609336,119.837597518785));
#3592=CARTESIAN_POINT('Ctrl Pts',(-52.2146261996234,-902.351676921551,130.01140625713));
#3593=CARTESIAN_POINT('Ctrl Pts',(-55.9982742077432,-843.333148942027,139.612798217844));
#3594=CARTESIAN_POINT('Ctrl Pts',(-58.9718113747091,-785.049865646409,147.325628372596));
#3595=CARTESIAN_POINT('Ctrl Pts',(-60.5709480269298,-749.980881068316,151.515137138483));
#3596=CARTESIAN_POINT('Ctrl Pts',(-62.4851822983724,-704.737137860861,156.562468170669));
#3597=CARTESIAN_POINT('Ctrl Pts',(-64.924592200717,-637.643319165048,163.076356315984));
#3598=CARTESIAN_POINT('Ctrl Pts',(-67.5872453369027,-545.572708140242,170.295667250297));
#3599=CARTESIAN_POINT('Ctrl Pts',(-69.7783750746877,-449.541577512216,176.313142327494));
#3600=CARTESIAN_POINT('Ctrl Pts',(-71.5108976991171,-351.763331744467,181.124629172886));
#3601=CARTESIAN_POINT('Ctrl Pts',(-72.8076399438893,-254.794530754212,184.767845041731));
#3602=CARTESIAN_POINT('Ctrl Pts',(-73.6988669661723,-161.45867069825,187.31621258045));
#3603=CARTESIAN_POINT('Ctrl Pts',(-74.1330323135898,-89.2226968836437,188.613333185998));
#3604=CARTESIAN_POINT('Ctrl Pts',(-74.2910227391278,-42.9290199612253,189.141168874976));
#3605=CARTESIAN_POINT('Ctrl Pts',(-74.3418019121241,-17.8900678156725,189.342419321939));
#3606=CARTESIAN_POINT('Ctrl Pts',(-74.3543756601436,-5.87410647859,189.410936162257));
#3607=CARTESIAN_POINT('Ctrl Pts',(-74.3899282733775,60.0644497264628,189.709250955519));
#3608=CARTESIAN_POINT('Ctrl Pts',(-73.5279508592866,176.599943283263,188.178988716095));
#3609=CARTESIAN_POINT('Ctrl Pts',(-66.4135571771343,507.11937086056,173.652001397121));
#3610=CARTESIAN_POINT('Ctrl Pts',(-42.6304105884754,940.594808430385,123.999039528741));
#3611=CARTESIAN_POINT('Ctrl Pts',(-24.8591694604854,1290.0490649772,93.7022939106942));
#3612=CARTESIAN_POINT('Ctrl Pts',(-22.3201078561708,1468.99999999565,95.3801915698446));
#3613=CARTESIAN_POINT('Ctrl Pts',(0.,-1139.99999999717,24.9999999999383));
#3614=CARTESIAN_POINT('Ctrl Pts',(-3.55848937270403,-1139.99999999717,30.2926879093213));
#3615=CARTESIAN_POINT('Ctrl Pts',(-10.8577984869568,-1137.39157126595,42.5373237690364));
#3616=CARTESIAN_POINT('Ctrl Pts',(-20.7458585224332,-1119.76592528438,62.3768124458667));
#3617=CARTESIAN_POINT('Ctrl Pts',(-28.614234670523,-1090.63653589164,79.916688209245));
#3618=CARTESIAN_POINT('Ctrl Pts',(-33.3020545789431,-1064.97686570316,90.9927905387634));
#3619=CARTESIAN_POINT('Ctrl Pts',(-37.8671558379594,-1034.42817165842,102.08519695042));
#3620=CARTESIAN_POINT('Ctrl Pts',(-41.714651889103,-1002.18637995831,111.754186423941));
#3621=CARTESIAN_POINT('Ctrl Pts',(-45.8462523376185,-957.211021888688,122.46643663717));
#3622=CARTESIAN_POINT('Ctrl Pts',(-49.7824046125623,-906.779083435731,132.864712823659));
#3623=CARTESIAN_POINT('Ctrl Pts',(-53.3980799623728,-848.120248321113,142.660069225051));
#3624=CARTESIAN_POINT('Ctrl Pts',(-56.2451573007701,-790.030872087018,150.511533633868));
#3625=CARTESIAN_POINT('Ctrl Pts',(-57.7780425632881,-755.034633617124,154.771067198821));
#3626=CARTESIAN_POINT('Ctrl Pts',(-59.6145142855392,-709.848811308752,159.898177533797));
#3627=CARTESIAN_POINT('Ctrl Pts',(-61.959287829068,-642.740172800874,166.501852765071));
#3628=CARTESIAN_POINT('Ctrl Pts',(-64.5272776595556,-550.453190669981,173.79507922369));
#3629=CARTESIAN_POINT('Ctrl Pts',(-66.6491648443607,-454.006131634961,179.848031387867));
#3630=CARTESIAN_POINT('Ctrl Pts',(-68.335248824776,-355.620148867117,184.661864201973));
#3631=CARTESIAN_POINT('Ctrl Pts',(-69.6047908760292,-257.869902652117,188.281793984409));
#3632=CARTESIAN_POINT('Ctrl Pts',(-70.48377819994,-163.6063496073,190.790584031926));
#3633=CARTESIAN_POINT('Ctrl Pts',(-70.9162452838597,-90.5052781180951,192.050180510788));
#3634=CARTESIAN_POINT('Ctrl Pts',(-71.0753697128804,-43.5763189171553,192.554527110513));
#3635=CARTESIAN_POINT('Ctrl Pts',(-71.1271644141478,-18.1687812042535,192.743910294567));
#3636=CARTESIAN_POINT('Ctrl Pts',(-71.140320432346,-5.96715666099111,192.807137230719));
#3637=CARTESIAN_POINT('Ctrl Pts',(-71.179219236954,61.0158857251427,193.077923005532));
#3638=CARTESIAN_POINT('Ctrl Pts',(-70.3634256584893,179.355907671731,191.463373259831));
#3639=CARTESIAN_POINT('Ctrl Pts',(-63.5795519884372,514.533332101464,176.517952907315));
#3640=CARTESIAN_POINT('Ctrl Pts',(-40.8299673777305,951.541738282111,125.763576994799));
#3641=CARTESIAN_POINT('Ctrl Pts',(-23.7063628286959,1295.69358470225,94.6509839956772));
#3642=CARTESIAN_POINT('Ctrl Pts',(-21.1643646557988,1468.99999999636,96.1710010136445));
#3643=CARTESIAN_POINT('Ctrl Pts',(0.,-1139.99999999764,24.9999999999486));
#3644=CARTESIAN_POINT('Ctrl Pts',(-3.3875974218483,-1139.99999999764,30.4625477338608));
#3645=CARTESIAN_POINT('Ctrl Pts',(-10.3264897308674,-1137.58772455442,43.074788278688));
#3646=CARTESIAN_POINT('Ctrl Pts',(-19.7081166716776,-1120.7111678449,63.45940242571));
#3647=CARTESIAN_POINT('Ctrl Pts',(-27.1684914459516,-1092.40808618319,81.4515549305945));
#3648=CARTESIAN_POINT('Ctrl Pts',(-31.6132813806433,-1067.30267712601,92.7998353176131));
#3649=CARTESIAN_POINT('Ctrl Pts',(-35.9426606379498,-1037.31193659765,104.156473411926));
#3650=CARTESIAN_POINT('Ctrl Pts',(-39.592894742091,-1005.55365951312,114.046285702173));
#3651=CARTESIAN_POINT('Ctrl Pts',(-43.516274974057,-961.077396299835,124.988210021168));
#3652=CARTESIAN_POINT('Ctrl Pts',(-47.2570168714075,-911.094009125924,135.598636587307));
#3653=CARTESIAN_POINT('Ctrl Pts',(-50.698455762775,-852.785728201715,145.576321134556));
#3654=CARTESIAN_POINT('Ctrl Pts',(-53.4138387801772,-794.885332015556,153.557097807639));
#3655=CARTESIAN_POINT('Ctrl Pts',(-54.8775537249842,-759.959991025347,157.881604716823));
#3656=CARTESIAN_POINT('Ctrl Pts',(-56.6326756799328,-714.830617452903,163.082420880124));
#3657=CARTESIAN_POINT('Ctrl Pts',(-58.8779672085184,-647.707534573471,169.768085181251));
#3658=CARTESIAN_POINT('Ctrl Pts',(-61.345452689477,-555.209676824383,177.126689277458));
#3659=CARTESIAN_POINT('Ctrl Pts',(-63.392723682396,-458.357254772694,183.208137434941));
#3660=CARTESIAN_POINT('Ctrl Pts',(-65.027567208855,-359.37897372817,188.018904184615));
#3661=CARTESIAN_POINT('Ctrl Pts',(-66.2658074884098,-260.867134870455,191.61166149201));
#3662=CARTESIAN_POINT('Ctrl Pts',(-67.1293003402034,-165.699458081106,194.078423129096));
#3663=CARTESIAN_POINT('Ctrl Pts',(-67.5581948198249,-91.7552691755058,195.299542392184));
#3664=CARTESIAN_POINT('Ctrl Pts',(-67.7176520840698,-44.207169760207,195.780237856358));
#3665=CARTESIAN_POINT('Ctrl Pts',(-67.770160357098,-18.4404122720245,195.957795351271));
#3666=CARTESIAN_POINT('Ctrl Pts',(-67.7838012329913,-6.0578423478186,196.015796241829));
#3667=CARTESIAN_POINT('Ctrl Pts',(-67.8256542466786,61.9431448101475,196.259527575029));
#3668=CARTESIAN_POINT('Ctrl Pts',(-67.0570231493682,182.041847469394,194.564110804231));
#3669=CARTESIAN_POINT('Ctrl Pts',(-60.6152175215878,521.758955956453,179.222837331365));
#3670=CARTESIAN_POINT('Ctrl Pts',(-38.9430215464226,962.210696022079,127.435798761628));
#3671=CARTESIAN_POINT('Ctrl Pts',(-22.5107611983857,1301.19481456355,95.5537225822667));
#3672=CARTESIAN_POINT('Ctrl Pts',(-19.9806318405522,1468.99999999696,96.9192646992861));
#3673=CARTESIAN_POINT('Ctrl Pts',(0.,-1139.99999999804,24.9999999999573));
#3674=CARTESIAN_POINT('Ctrl Pts',(-3.20798616761942,-1139.99999999804,30.6274375448521));
#3675=CARTESIAN_POINT('Ctrl Pts',(-9.77031274142877,-1137.7778509522,43.5945889333584));
#3676=CARTESIAN_POINT('Ctrl Pts',(-18.6270310910735,-1121.62736856708,64.5016460062291));
#3677=CARTESIAN_POINT('Ctrl Pts',(-25.6660537754939,-1094.12520761493,82.9252743974847));
#3678=CARTESIAN_POINT('Ctrl Pts',(-29.8601799131263,-1069.55703092865,94.5324162022326));
#3679=CARTESIAN_POINT('Ctrl Pts',(-33.9464817188676,-1040.10710170001,106.139893196374));
#3680=CARTESIAN_POINT('Ctrl Pts',(-37.3933022956201,-1008.81748399478,116.238808338536));
#3681=CARTESIAN_POINT('Ctrl Pts',(-41.1017298384171,-964.824981573609,127.397435727571));
#3682=CARTESIAN_POINT('Ctrl Pts',(-44.6405061501693,-915.276364359958,138.207452380461));
#3683=CARTESIAN_POINT('Ctrl Pts',(-47.9013881489437,-857.307866883412,148.355712107944));
#3684=CARTESIAN_POINT('Ctrl Pts',(-50.479734036672,-799.59064395553,156.456494989862));
#3685=CARTESIAN_POINT('Ctrl Pts',(-51.8712818491778,-764.734021787293,160.840966228173));
#3686=CARTESIAN_POINT('Ctrl Pts',(-53.541356559084,-719.659362051629,166.109495225875));
#3687=CARTESIAN_POINT('Ctrl Pts',(-55.6821312499187,-652.522277624307,172.869538854093));
#3688=CARTESIAN_POINT('Ctrl Pts',(-58.0429729847874,-559.820021741443,180.285355101169));
#3689=CARTESIAN_POINT('Ctrl Pts',(-60.0099178614615,-462.574689559243,186.388794676769));
#3690=CARTESIAN_POINT('Ctrl Pts',(-61.5883667533904,-363.022306758825,191.191627671522));
#3691=CARTESIAN_POINT('Ctrl Pts',(-62.7908614054618,-263.772273759344,194.753892039466));
#3692=CARTESIAN_POINT('Ctrl Pts',(-63.6353022222531,-167.728251848359,197.176707252316));
#3693=CARTESIAN_POINT('Ctrl Pts',(-64.0585566581092,-92.9668509674912,198.358761611827));
#3694=CARTESIAN_POINT('Ctrl Pts',(-64.2174555988587,-44.8186357318378,198.815829591852));
#3695=CARTESIAN_POINT('Ctrl Pts',(-64.2703389399247,-18.7036965260538,198.981684841916));
#3696=CARTESIAN_POINT('Ctrl Pts',(-64.284354267821,-6.14574138277936,199.034555703731));
#3697=CARTESIAN_POINT('Ctrl Pts',(-64.3287122869293,62.8419104430167,199.251861067076));
#3698=CARTESIAN_POINT('Ctrl Pts',(-63.608137634781,184.645258311878,197.479209412956));
#3699=CARTESIAN_POINT('Ctrl Pts',(-57.5198194179215,528.762598719486,181.764974909423));
#3700=CARTESIAN_POINT('Ctrl Pts',(-36.9691456980402,972.551991103357,129.013618313938));
#3701=CARTESIAN_POINT('Ctrl Pts',(-21.2730907119,1306.52712770975,96.4087256820551));
#3702=CARTESIAN_POINT('Ctrl Pts',(-18.7704748841197,1468.99999999747,97.6239930596688));
#3703=CARTESIAN_POINT('Ctrl Pts',(0.,-1139.99999999838,24.9999999999647));
#3704=CARTESIAN_POINT('Ctrl Pts',(-3.01990338618453,-1139.99999999838,30.7868254320382));
#3705=CARTESIAN_POINT('Ctrl Pts',(-9.19000102705395,-1137.96103724612,44.0951442909919));
#3706=CARTESIAN_POINT('Ctrl Pts',(-17.5039250406661,-1122.51012661478,65.5006010044089));
#3707=CARTESIAN_POINT('Ctrl Pts',(-24.1086406727606,-1095.77965216052,84.3338940812759));
#3708=CARTESIAN_POINT('Ctrl Pts',(-28.0446616509747,-1071.72909850389,96.1860299213282));
#3709=CARTESIAN_POINT('Ctrl Pts',(-31.8806878170397,-1042.80024058802,108.030456049613));
#3710=CARTESIAN_POINT('Ctrl Pts',(-35.1180400836697,-1011.96217583954,118.326383151454));
#3711=CARTESIAN_POINT('Ctrl Pts',(-38.6048276237195,-968.435776440846,129.688430809882));
#3712=CARTESIAN_POINT('Ctrl Pts',(-41.9350828348026,-919.306059505664,140.685246421806));
#3713=CARTESIAN_POINT('Ctrl Pts',(-45.0090164710532,-861.664942665788,150.992227925087));
#3714=CARTESIAN_POINT('Ctrl Pts',(-47.4448595149408,-804.12420643045,159.20374334516));
#3715=CARTESIAN_POINT('Ctrl Pts',(-48.7611567310004,-769.333794397269,163.643222218226));
#3716=CARTESIAN_POINT('Ctrl Pts',(-50.342365208868,-724.311850863244,168.973564222073));
#3717=CARTESIAN_POINT('Ctrl Pts',(-52.3733826601821,-657.16127509485,175.800584207943));
#3718=CARTESIAN_POINT('Ctrl Pts',(-54.6211214787392,-564.26208055916,183.2658436689));
#3719=CARTESIAN_POINT('Ctrl Pts',(-56.5016732477492,-466.638178628442,189.385270038283));
#3720=CARTESIAN_POINT('Ctrl Pts',(-58.0182017718005,-366.532648390289,194.175867554814));
#3721=CARTESIAN_POINT('Ctrl Pts',(-59.1801480384224,-266.571365668904,197.704903186314));
#3722=CARTESIAN_POINT('Ctrl Pts',(-60.0016633605758,-169.682986637752,200.082401643853));
#3723=CARTESIAN_POINT('Ctrl Pts',(-60.4170100217605,-94.1342044056678,201.225176921383));
#3724=CARTESIAN_POINT('Ctrl Pts',(-60.5743668323871,-45.4077800735066,201.658829762466));
#3725=CARTESIAN_POINT('Ctrl Pts',(-60.6272494113065,-18.9573694734118,201.813188961127));
#3726=CARTESIAN_POINT('Ctrl Pts',(-60.6415156590921,-6.23043160958297,201.861058119528));
#3727=CARTESIAN_POINT('Ctrl Pts',(-60.6878722593511,63.7078660852871,202.052719878425));
#3728=CARTESIAN_POINT('Ctrl Pts',(-60.0161640369121,187.153635834805,200.206678289495));
#3729=CARTESIAN_POINT('Ctrl Pts',(-54.2926294019495,535.510616684526,184.142696001505));
#3730=CARTESIAN_POINT('Ctrl Pts',(-34.9079361662624,982.515932979015,130.49498827694));
#3731=CARTESIAN_POINT('Ctrl Pts',(-19.9941124535233,1311.66489728951,97.2142668743616));
#3732=CARTESIAN_POINT('Ctrl Pts',(-17.5354942021291,1468.99999999791,98.2842540954188));
#3733=CARTESIAN_POINT('Ctrl Pts',(0.,-1139.99999999866,24.9999999999708));
#3734=CARTESIAN_POINT('Ctrl Pts',(-2.82364039285083,-1139.99999999866,30.9401273546484));
#3735=CARTESIAN_POINT('Ctrl Pts',(-8.58640136123763,-1138.13637022299,44.5747373053585));
#3736=CARTESIAN_POINT('Ctrl Pts',(-16.3402885138891,-1123.35504115186,66.4531256421926));
#3737=CARTESIAN_POINT('Ctrl Pts',(-22.4981592869005,-1097.36317179359,85.6732362425193));
#3738=CARTESIAN_POINT('Ctrl Pts',(-26.1688312499041,-1073.80805124453,97.7559419658167));
#3739=CARTESIAN_POINT('Ctrl Pts',(-29.7475418184113,-1045.37792688418,109.822929321476));
#3740=CARTESIAN_POINT('Ctrl Pts',(-32.7694644281271,-1014.97205748367,120.30341062565));
#3741=CARTESIAN_POINT('Ctrl Pts',(-36.0279612994991,-971.891779632369,131.8552941856));
#3742=CARTESIAN_POINT('Ctrl Pts',(-39.1431283720837,-923.163004930865,143.025900239218));
#3743=CARTESIAN_POINT('Ctrl Pts',(-42.0236364434469,-865.835233848416,153.479667298279));
#3744=CARTESIAN_POINT('Ctrl Pts',(-44.3113731257406,-808.463417963816,161.792691815466));
#3745=CARTESIAN_POINT('Ctrl Pts',(-45.5492406829619,-773.736377349575,166.282284667987));
#3746=CARTESIAN_POINT('Ctrl Pts',(-47.0376309439627,-728.764889646058,171.668646775268));
#3747=CARTESIAN_POINT('Ctrl Pts',(-48.9534284170014,-661.601400126562,178.555467011971));
#3748=CARTESIAN_POINT('Ctrl Pts',(-51.0812634999788,-568.513708415528,186.06282351239));
#3749=CARTESIAN_POINT('Ctrl Pts',(-52.8689768786709,-470.527464614115,192.192757425157));
#3750=CARTESIAN_POINT('Ctrl Pts',(-54.3176681580083,-369.892499053759,196.967407185768));
#3751=CARTESIAN_POINT('Ctrl Pts',(-55.4338873994109,-269.250456949249,200.461083295206));
#3752=CARTESIAN_POINT('Ctrl Pts',(-56.2282744827321,-171.553918177975,202.792458391519));
#3753=CARTESIAN_POINT('Ctrl Pts',(-56.6332379995958,-95.2515104016496,203.896122724636));
#3754=CARTESIAN_POINT('Ctrl Pts',(-56.7879735110917,-45.9716660266706,204.306764718089));
#3755=CARTESIAN_POINT('Ctrl Pts',(-56.8404413751924,-19.2001666211662,204.449917761475));
#3756=CARTESIAN_POINT('Ctrl Pts',(-56.8548217482793,-6.31149087193598,204.492946013257));
#3757=CARTESIAN_POINT('Ctrl Pts',(-56.9026132834559,64.5366951984985,204.65990042926));
#3758=CARTESIAN_POINT('Ctrl Pts',(-56.2804981470655,189.554475673799,202.744527847543));
#3759=CARTESIAN_POINT('Ctrl Pts',(-50.9329251565933,541.96936614553,186.354341353546));
#3760=CARTESIAN_POINT('Ctrl Pts',(-32.759011695877,992.052831102112,131.877901290403));
#3761=CARTESIAN_POINT('Ctrl Pts',(-18.6746203428752,1316.58249645147,97.9686785603967));
#3762=CARTESIAN_POINT('Ctrl Pts',(-16.2773230455433,1468.99999999827,98.8991746290537));
#3763=CARTESIAN_POINT('Ctrl Pts',(0.,-1139.99999999892,24.9999999999765));
#3764=CARTESIAN_POINT('Ctrl Pts',(-2.6195330191261,-1139.99999999892,31.0867029784623));
#3765=CARTESIAN_POINT('Ctrl Pts',(-7.96047612119866,-1138.30293666967,45.0315047153534));
#3766=CARTESIAN_POINT('Ctrl Pts',(-15.1377815849048,-1124.1577113422,67.3558629748135));
#3767=CARTESIAN_POINT('Ctrl Pts',(-20.8367086681536,-1098.86751848784,86.9388803607033));
#3768=CARTESIAN_POINT('Ctrl Pts',(-24.2349903808304,-1075.78306054339,99.2371685478899));
#3769=CARTESIAN_POINT('Ctrl Pts',(-27.5495046114568,-1047.82673421103,111.511829831629));
#3770=CARTESIAN_POINT('Ctrl Pts',(-30.3501261413383,-1017.83145136343,122.164045077796));
#3771=CARTESIAN_POINT('Ctrl Pts',(-33.3737096147635,-975.174989879027,133.891889605424));
#3772=CARTESIAN_POINT('Ctrl Pts',(-36.2671984980012,-926.827111003403,145.223074689353));
#3773=CARTESIAN_POINT('Ctrl Pts',(-38.9477030146302,-869.797018730891,155.811627250719));
#3774=CARTESIAN_POINT('Ctrl Pts',(-41.0815767761203,-812.58567707915,164.217006908097));
#3775=CARTESIAN_POINT('Ctrl Pts',(-42.2377308615513,-777.918839138532,168.751894689434));
#3776=CARTESIAN_POINT('Ctrl Pts',(-43.6292061742165,-732.995284158396,174.188605771027));
#3777=CARTESIAN_POINT('Ctrl Pts',(-45.4240814475946,-665.81952586092,181.128298644815));
#3778=CARTESIAN_POINT('Ctrl Pts',(-47.4248479532604,-572.552760448551,188.670857021731));
#3779=CARTESIAN_POINT('Ctrl Pts',(-49.1128776649286,-474.2222901501,194.806372023313));
#3780=CARTESIAN_POINT('Ctrl Pts',(-50.4874036455472,-373.084359180445,199.561976483898));
#3781=CARTESIAN_POINT('Ctrl Pts',(-51.5523239791809,-271.795593950502,203.018789222213));
#3782=CARTESIAN_POINT('Ctrl Pts',(-52.3150371067651,-173.331302197725,205.303815359227));
#3783=CARTESIAN_POINT('Ctrl Pts',(-52.7069269601654,-96.3129498670549,206.368928679568));
#3784=CARTESIAN_POINT('Ctrl Pts',(-52.8578638662854,-46.5073568327896,206.757159567215));
#3785=CARTESIAN_POINT('Ctrl Pts',(-52.9094641268158,-19.4308234763884,206.889481082089));
#3786=CARTESIAN_POINT('Ctrl Pts',(-52.9238084290247,-6.38849701354867,206.927861871248));
#3787=CARTESIAN_POINT('Ctrl Pts',(-52.9724140339767,65.3240812441877,207.071199096388));
#3788=CARTESIAN_POINT('Ctrl Pts',(-52.4005359372901,191.835273464484,205.090769632414));
#3789=CARTESIAN_POINT('Ctrl Pts',(-47.4399893950489,548.105203396463,188.39826219052));
#3790=CARTESIAN_POINT('Ctrl Pts',(-30.5220117066186,1001.11299492573,133.160390708777));
#3791=CARTESIAN_POINT('Ctrl Pts',(-17.3154389515169,1321.25429834431,98.6703530623545));
#3792=CARTESIAN_POINT('Ctrl Pts',(-14.997625317267,1468.9999999986,99.4679414040747));
#3793=CARTESIAN_POINT('Ctrl Pts',(0.,-1139.999999999,24.9999999999784));
#3794=CARTESIAN_POINT('Ctrl Pts',(-2.40796247540021,-1139.999999999,31.2258517009434));
#3795=CARTESIAN_POINT('Ctrl Pts',(-7.31330638758764,-1138.45982337281,45.4634258645298));
#3796=CARTESIAN_POINT('Ctrl Pts',(-13.8982393841373,-1124.91373634951,68.2052242608943));
#3797=CARTESIAN_POINT('Ctrl Pts',(-19.1265854327917,-1100.28444421676,88.1261443716338));
#3798=CARTESIAN_POINT('Ctrl Pts',(-22.2456436905862,-1077.64329779316,100.624457340973));
#3799=CARTESIAN_POINT('Ctrl Pts',(-25.2892410800248,-1050.13323619094,113.091404524326));
#3800=CARTESIAN_POINT('Ctrl Pts',(-27.8627767889156,-1020.52467991499,123.902175724315));
#3801=CARTESIAN_POINT('Ctrl Pts',(-30.64484323234,-978.267405911536,135.791827541838));
#3802=CARTESIAN_POINT('Ctrl Pts',(-33.3100292558107,-930.278288090999,147.270192965126));
#3803=CARTESIAN_POINT('Ctrl Pts',(-35.7838362303918,-873.528575612696,157.981487660794));
#3804=CARTESIAN_POINT('Ctrl Pts',(-37.7579219645469,-816.468382299865,166.470158661912));
#3805=CARTESIAN_POINT('Ctrl Pts',(-38.8289646991994,-781.858248258353,171.045609343317));
#3806=CARTESIAN_POINT('Ctrl Pts',(-40.1192716218128,-736.979840158483,176.527135983018));
#3807=CARTESIAN_POINT('Ctrl Pts',(-41.7872655776211,-669.792525439315,183.513045784776));
#3808=CARTESIAN_POINT('Ctrl Pts',(-43.6534118779347,-576.357091796162,191.084392360052));
#3809=CARTESIAN_POINT('Ctrl Pts',(-45.2344905451683,-477.702397870167,197.221144275797));
#3810=CARTESIAN_POINT('Ctrl Pts',(-46.5280916018566,-376.090729201503,201.95524796139));
#3811=CARTESIAN_POINT('Ctrl Pts',(-47.5357302150465,-274.192823022745,205.374344063201));
#3812=CARTESIAN_POINT('Ctrl Pts',(-48.2618667516184,-175.005394425666,207.613395317274));
#3813=CARTESIAN_POINT('Ctrl Pts',(-48.6377696165593,-97.3127037134804,208.640919624947));
#3814=CARTESIAN_POINT('Ctrl Pts',(-48.7836296443416,-47.0119157333054,209.007538381425));
#3815=CARTESIAN_POINT('Ctrl Pts',(-48.8338696461234,-19.6480755461317,209.129488832588));
#3816=CARTESIAN_POINT('Ctrl Pts',(-48.848014137974,-6.46102787811332,209.163448439552));
#3817=CARTESIAN_POINT('Ctrl Pts',(-48.8967557136272,66.0657076839039,209.284412543502));
#3818=CARTESIAN_POINT('Ctrl Pts',(-48.3756764190107,193.983524842477,207.243416815816));
#3819=CARTESIAN_POINT('Ctrl Pts',(-43.8131119500826,553.884484731237,190.272820927787));
#3820=CARTESIAN_POINT('Ctrl Pts',(-28.1965960360694,1009.64673390285,134.340531802724));
#3821=CARTESIAN_POINT('Ctrl Pts',(-15.9174214579477,1325.65467611648,99.3177440763742));
#3822=CARTESIAN_POINT('Ctrl Pts',(-13.6980935271428,1468.99999999872,99.9898025379278));
#3823=CARTESIAN_POINT('Ctrl Pts',(0.,-1139.99999999922,24.9999999999831));
#3824=CARTESIAN_POINT('Ctrl Pts',(-2.18935637027803,-1139.99999999922,31.3568084168174));
#3825=CARTESIAN_POINT('Ctrl Pts',(-6.6460920504606,-1138.60611711952,45.868314161231));
#3826=CARTESIAN_POINT('Ctrl Pts',(-12.6236710311437,-1125.61871533791,68.9973769021184));
#3827=CARTESIAN_POINT('Ctrl Pts',(-17.3702824090367,-1101.60570095426,89.230071054541));
#3828=CARTESIAN_POINT('Ctrl Pts',(-20.203496986355,-1079.37793438687,101.912273488084));
#3829=CARTESIAN_POINT('Ctrl Pts',(-22.9696182722546,-1052.28400644666,114.555616373464));
#3830=CARTESIAN_POINT('Ctrl Pts',(-25.3103657869714,-1023.0360655748,125.511412610496));
#3831=CARTESIAN_POINT('Ctrl Pts',(-27.844321508901,-981.151026460932,137.548451818991));
#3832=CARTESIAN_POINT('Ctrl Pts',(-30.2745332021556,-933.496446561672,149.160428040985));
#3833=CARTESIAN_POINT('Ctrl Pts',(-32.5348166968216,-877.008182793583,159.982399569224));
#3834=CARTESIAN_POINT('Ctrl Pts',(-34.3430048159442,-820.088932149634,168.545410223342));
#3835=CARTESIAN_POINT('Ctrl Pts',(-35.3254146886752,-785.531673203506,173.156791984403));
#3836=CARTESIAN_POINT('Ctrl Pts',(-36.5101307995827,-740.695363404791,178.677755411727));
#3837=CARTESIAN_POINT('Ctrl Pts',(-38.0450094334833,-673.497272003349,185.703522645139));
#3838=CARTESIAN_POINT('Ctrl Pts',(-39.7685737154072,-579.904557596473,193.297757162269));
#3839=CARTESIAN_POINT('Ctrl Pts',(-41.2349892096015,-480.947530408252,199.432015281787));
#3840=CARTESIAN_POINT('Ctrl Pts',(-42.4404532160796,-378.894109548217,204.142833270468));
#3841=CARTESIAN_POINT('Ctrl Pts',(-43.384398254725,-276.42819051616,207.524034850297));
#3842=CARTESIAN_POINT('Ctrl Pts',(-44.0686843677222,-176.566450590539,209.718104468156));
#3843=CARTESIAN_POINT('Ctrl Pts',(-44.4254562874332,-98.244952852575,210.709414453487));
#3844=CARTESIAN_POINT('Ctrl Pts',(-44.5648573071959,-47.4824059697054,211.055423244542));
#3845=CARTESIAN_POINT('Ctrl Pts',(-44.6132037826605,-19.8506583374934,211.167550099795));
#3846=CARTESIAN_POINT('Ctrl Pts',(-44.626971036194,-6.52866130936601,211.197347840743));
#3847=CARTESIAN_POINT('Ctrl Pts',(-44.6751132881858,66.757257979166,211.297336741833));
#3848=CARTESIAN_POINT('Ctrl Pts',(-44.2053130411134,195.986725443414,209.200482814555));
#3849=CARTESIAN_POINT('Ctrl Pts',(-40.0515820687841,559.2735664439,191.976389775078));
#3850=CARTESIAN_POINT('Ctrl Pts',(-25.7824397190331,1017.60435748669,135.416440929116));
#3851=CARTESIAN_POINT('Ctrl Pts',(-14.4814468783551,1329.75800291701,99.9093663751377));
#3852=CARTESIAN_POINT('Ctrl Pts',(-12.3804460227014,1468.99999999899,100.464067224602));
#3853=CARTESIAN_POINT('Ctrl Pts',(0.,-1139.99999999934,24.9999999999857));
#3854=CARTESIAN_POINT('Ctrl Pts',(-1.96418957980243,-1139.99999999934,31.4787395315762));
#3855=CARTESIAN_POINT('Ctrl Pts',(-5.96015807114543,-1138.74090469641,46.2438028157578));
#3856=CARTESIAN_POINT('Ctrl Pts',(-11.3162707518071,-1126.26824747105,69.7282226433706));
#3857=CARTESIAN_POINT('Ctrl Pts',(-15.5705014119065,-1102.8230406738,90.2454034408081));
#3858=CARTESIAN_POINT('Ctrl Pts',(-18.1114710069232,-1080.97614171714,103.094774371972));
#3859=CARTESIAN_POINT('Ctrl Pts',(-20.5937192496284,-1054.26561860053,115.898119078315));
#3860=CARTESIAN_POINT('Ctrl Pts',(-22.6960557019048,-1025.34993077897,126.985062088534));
#3861=CARTESIAN_POINT('Ctrl Pts',(-24.9753078020532,-983.807850257882,139.154816069402));
#3862=CARTESIAN_POINT('Ctrl Pts',(-27.1638149600727,-936.461496783098,150.88668058874));
#3863=CARTESIAN_POINT('Ctrl Pts',(-29.2036014348963,-880.214118572994,161.807265331374));
#3864=CARTESIAN_POINT('Ctrl Pts',(-30.839581754664,-823.424725151831,170.43579964549));
#3865=CARTESIAN_POINT('Ctrl Pts',(-31.7297039373136,-788.916182468167,175.078595038675));
#3866=CARTESIAN_POINT('Ctrl Pts',(-32.8042253888324,-744.118659655506,180.633789308069));
#3867=CARTESIAN_POINT('Ctrl Pts',(-34.1994617436562,-676.910638694379,187.693377683648));
#3868=CARTESIAN_POINT('Ctrl Pts',(-35.7720483403039,-583.173012987387,195.305148290466));
#3869=CARTESIAN_POINT('Ctrl Pts',(-37.115620767503,-483.937430398099,201.433829066872));
#3870=CARTESIAN_POINT('Ctrl Pts',(-38.2252618688902,-381.477000651724,206.120278456341));
#3871=CARTESIAN_POINT('Ctrl Pts',(-39.0986540111207,-278.487742780814,209.464110148468));
#3872=CARTESIAN_POINT('Ctrl Pts',(-39.7354301392897,-178.004726420998,211.614832011465));
#3873=CARTESIAN_POINT('Ctrl Pts',(-40.0696885367583,-99.1038781959278,212.571726926382));
#3874=CARTESIAN_POINT('Ctrl Pts',(-40.2011416103801,-47.9158907834241,212.898335453963));
#3875=CARTESIAN_POINT('Ctrl Pts',(-40.2470198124427,-20.0373073575201,213.00127445317));
#3876=CARTESIAN_POINT('Ctrl Pts',(-40.2602185636561,-6.59097515099246,213.027202896744));
#3877=CARTESIAN_POINT('Ctrl Pts',(-40.306968955736,67.3944155915279,213.107768444622));
#3878=CARTESIAN_POINT('Ctrl Pts',(-39.8888467823803,197.832370902909,210.959983450086));
#3879=CARTESIAN_POINT('Ctrl Pts',(-36.1546992419958,564.238804828341,193.507353333342));
#3880=CARTESIAN_POINT('Ctrl Pts',(-23.2792371564877,1024.9361751302,136.386278572211));
#3881=CARTESIAN_POINT('Ctrl Pts',(-13.008418676089,1333.53865189424,100.443798868677));
#3882=CARTESIAN_POINT('Ctrl Pts',(-11.0464255986362,1468.99999999914,100.890108795437));
#3883=CARTESIAN_POINT('Ctrl Pts',(0.,-1139.99999999947,24.9999999999886));
#3884=CARTESIAN_POINT('Ctrl Pts',(-1.73298520042871,-1139.99999999947,31.5907388405014));
#3885=CARTESIAN_POINT('Ctrl Pts',(-5.25695340590171,-1138.86327289039,46.5873375982729));
#3886=CARTESIAN_POINT('Ctrl Pts',(-9.97841462164481,-1126.85793191288,70.3933876371624));
#3887=CARTESIAN_POINT('Ctrl Pts',(-13.7301493670047,-1103.9282153491,91.166573598402));
#3888=CARTESIAN_POINT('Ctrl Pts',(-15.9726968713685,-1082.42709117687,104.165798084248));
#3889=CARTESIAN_POINT('Ctrl Pts',(-18.1648385059696,-1056.06464627512,117.112245428692));
#3890=CARTESIAN_POINT('Ctrl Pts',(-20.023216276273,-1027.45059796382,128.316115089241));
#3891=CARTESIAN_POINT('Ctrl Pts',(-22.0411631580113,-986.219876033285,140.603672635487));
#3892=CARTESIAN_POINT('Ctrl Pts',(-23.9811642570304,-939.153349123164,152.441568560051));
#3893=CARTESIAN_POINT('Ctrl Pts',(-25.7933160902033,-883.124661250566,163.448728803999));
#3894=CARTESIAN_POINT('Ctrl Pts',(-27.2505612911524,-826.453159830017,172.134131234846));
#3895=CARTESIAN_POINT('Ctrl Pts',(-28.0445977078405,-791.988844546696,176.803952056548));
#3896=CARTESIAN_POINT('Ctrl Pts',(-29.0041264853463,-747.226534668994,182.388363141735));
#3897=CARTESIAN_POINT('Ctrl Pts',(-30.252882009658,-680.009498653917,189.476087136841));
#3898=CARTESIAN_POINT('Ctrl Pts',(-31.6656371227412,-586.14031310694,197.100626514296));
#3899=CARTESIAN_POINT('Ctrl Pts',(-32.877695301023,-486.651840473572,203.221328765487));
#3900=CARTESIAN_POINT('Ctrl Pts',(-33.883332193675,-383.821902943252,207.883060939489));
#3901=CARTESIAN_POINT('Ctrl Pts',(-34.6788458427306,-280.357526166845,211.190777944971));
#3902=CARTESIAN_POINT('Ctrl Pts',(-35.2620518698475,-179.310477645749,213.30044864169));
#3903=CARTESIAN_POINT('Ctrl Pts',(-35.5701674209256,-99.8836606551647,214.225164354459));
#3904=CARTESIAN_POINT('Ctrl Pts',(-35.692073799311,-48.3094334159292,214.533794335993));
#3905=CARTESIAN_POINT('Ctrl Pts',(-35.7348666218672,-20.2067581132902,214.628270807745));
#3906=CARTESIAN_POINT('Ctrl Pts',(-35.7472916199582,-6.64754724670992,214.650656000261));
#3907=CARTESIAN_POINT('Ctrl Pts',(-35.7918004036722,67.9728639825214,214.713503923548));
#3908=CARTESIAN_POINT('Ctrl Pts',(-35.425674659945,199.507956856588,212.519935107126));
#3909=CARTESIAN_POINT('Ctrl Pts',(-32.1217630137391,568.746556178549,194.86410660387));
#3910=CARTESIAN_POINT('Ctrl Pts',(-20.6866955485994,1031.59249628649,137.248247732574));
#3911=CARTESIAN_POINT('Ctrl Pts',(-11.499261646848,1336.97099619695,100.919683460663));
#3912=CARTESIAN_POINT('Ctrl Pts',(-9.69779638198911,1468.99999999931,101.26736357541));
#3913=CARTESIAN_POINT('Ctrl Pts',(0.,-1139.99999999957,24.9999999999908));
#3914=CARTESIAN_POINT('Ctrl Pts',(-1.4963155026367,-1139.99999999957,31.6918233960503));
#3915=CARTESIAN_POINT('Ctrl Pts',(-4.53805544642433,-1138.97230848824,46.8961642048956));
#3916=CARTESIAN_POINT('Ctrl Pts',(-8.61266802621674,-1127.38336782721,70.9882034572046));
#3917=CARTESIAN_POINT('Ctrl Pts',(-11.8523468400527,-1104.91297695379,91.9876812117463));
#3918=CARTESIAN_POINT('Ctrl Pts',(-13.7905251534009,-1083.71995415881,105.118841441236));
#3919=CARTESIAN_POINT('Ctrl Pts',(-15.6864910911803,-1057.6676630929,118.190985235805));
#3920=CARTESIAN_POINT('Ctrl Pts',(-17.2954342099212,-1029.32238956559,129.497225602518));
#3921=CARTESIAN_POINT('Ctrl Pts',(-19.0454559907402,-988.369102517935,141.887451954534));
#3922=CARTESIAN_POINT('Ctrl Pts',(-20.7300655828707,-941.551913949667,153.817407845513));
#3923=CARTESIAN_POINT('Ctrl Pts',(-22.307264551034,-885.718089125848,164.899157831007));
#3924=CARTESIAN_POINT('Ctrl Pts',(-23.5790133679397,-829.151634707669,173.632959588107));
#3925=CARTESIAN_POINT('Ctrl Pts',(-24.2730125963217,-794.726727933368,178.325562675988));
#3926=CARTESIAN_POINT('Ctrl Pts',(-25.1125435500771,-749.995794203539,183.934388748997));
#3927=CARTESIAN_POINT('Ctrl Pts',(-26.207649207142,-682.770725023403,191.044943316284));
#3928=CARTESIAN_POINT('Ctrl Pts',(-27.4512362241832,-588.784313093106,198.678107388767));
#3929=CARTESIAN_POINT('Ctrl Pts',(-28.5225937215845,-489.070503268481,204.789149790105));
#3930=CARTESIAN_POINT('Ctrl Pts',(-29.4155275414694,-385.911316853989,209.426585120218));
#3931=CARTESIAN_POINT('Ctrl Pts',(-30.1253516532711,-282.023587024359,212.700203247713));
#3932=CARTESIAN_POINT('Ctrl Pts',(-30.6485117911034,-180.473959993476,214.771805776961));
#3933=CARTESIAN_POINT('Ctrl Pts',(-30.9266001254336,-100.578481141895,215.667027803765));
#3934=CARTESIAN_POINT('Ctrl Pts',(-31.0372481820401,-48.6600971086729,215.959317776055));
#3935=CARTESIAN_POINT('Ctrl Pts',(-31.0762952602999,-20.3577461118672,216.046148045014));
#3936=CARTESIAN_POINT('Ctrl Pts',(-31.0877271140586,-6.69795544022082,216.065349750984));
#3937=CARTESIAN_POINT('Ctrl Pts',(-31.1290873165207,68.4882866136891,216.11233967856));
#3938=CARTESIAN_POINT('Ctrl Pts',(-30.8151960271914,201.000978940075,213.878355783371));
#3939=CARTESIAN_POINT('Ctrl Pts',(-27.9520779974945,572.763176788468,196.045056311308));
#3940=CARTESIAN_POINT('Ctrl Pts',(-18.0045360891692,1037.5236304086,138.000595662525));
#3941=CARTESIAN_POINT('Ctrl Pts',(-9.95492004891321,1340.02940897374,101.335726921519));
#3942=CARTESIAN_POINT('Ctrl Pts',(-8.33634196238453,1468.99999999944,101.595332756251));
#3943=CARTESIAN_POINT('Ctrl Pts',(0.,-1139.99999999966,24.9999999999928));
#3944=CARTESIAN_POINT('Ctrl Pts',(-1.25480281205059,-1139.99999999966,31.7809295163851));
#3945=CARTESIAN_POINT('Ctrl Pts',(-3.80517151690551,-1139.06709827678,47.1673185744493));
#3946=CARTESIAN_POINT('Ctrl Pts',(-7.22178747456414,-1127.84015437792,71.507692984507));
#3947=CARTESIAN_POINT('Ctrl Pts',(-9.94043003442234,-1105.76907746151,92.7024776539704));
#3948=CARTESIAN_POINT('Ctrl Pts',(-11.5685277944424,-1084.84390205579,105.947043622626));
#3949=CARTESIAN_POINT('Ctrl Pts',(-13.1624145314254,-1059.06124267641,119.126968879284));
#3950=CARTESIAN_POINT('Ctrl Pts',(-14.516514686464,-1030.94962802054,130.520694439267));
#3951=CARTESIAN_POINT('Ctrl Pts',(-15.991963396392,-990.237528442671,142.998247063523));
#3952=CARTESIAN_POINT('Ctrl Pts',(-17.414199172954,-943.63710163044,155.006197726307));
#3953=CARTESIAN_POINT('Ctrl Pts',(-18.7489294977785,-887.972680498426,166.15063087618));
#3954=CARTESIAN_POINT('Ctrl Pts',(-19.8281695796552,-831.4975483083,174.924577538213));
#3955=CARTESIAN_POINT('Ctrl Pts',(-20.4180165565045,-797.106901122497,179.635881359476));
#3956=CARTESIAN_POINT('Ctrl Pts',(-21.1323241874371,-752.403244017461,185.264554086901));
#3957=CARTESIAN_POINT('Ctrl Pts',(-22.0662611565154,-685.171190944311,192.393045686163));
#3958=CARTESIAN_POINT('Ctrl Pts',(-23.1308354774412,-591.082868083887,200.031354144702));
#3959=CARTESIAN_POINT('Ctrl Pts',(-24.051766200682,-491.17316141666,206.131814562018));
#3960=CARTESIAN_POINT('Ctrl Pts',(-24.8227579809929,-387.727742815141,210.746178686277));
#3961=CARTESIAN_POINT('Ctrl Pts',(-25.4385765333582,-283.471971703477,213.98850580419));
#3962=CARTESIAN_POINT('Ctrl Pts',(-25.8947839214639,-181.485429192874,216.025734368602));
#3963=CARTESIAN_POINT('Ctrl Pts',(-26.1386971709931,-101.182520567737,216.894611472541));
#3964=CARTESIAN_POINT('Ctrl Pts',(-26.2362592803213,-48.9649451031153,217.172421819084));
#3965=CARTESIAN_POINT('Ctrl Pts',(-26.2708560757649,-20.4890068603223,217.25251468058));
#3966=CARTESIAN_POINT('Ctrl Pts',(-26.2810610970818,-6.74177757523523,217.268926634784));
#3967=CARTESIAN_POINT('Ctrl Pts',(-26.3183085248919,68.9363669465677,217.302072089502));
#3968=CARTESIAN_POINT('Ctrl Pts',(-26.0568097372222,202.298932788991,215.033264631303));
#3969=CARTESIAN_POINT('Ctrl Pts',(-23.6449510702611,576.25502295206,197.048620489353));
#3970=CARTESIAN_POINT('Ctrl Pts',(-15.2324911329426,1042.67988694961,138.641613769358));
#3971=CARTESIAN_POINT('Ctrl Pts',(-8.37635503775227,1342.68826337326,101.690701046791));
#3972=CARTESIAN_POINT('Ctrl Pts',(-6.96386282663351,1468.99999999956,101.873582554814));
#3973=CARTESIAN_POINT('Ctrl Pts',(0.,-1139.99999999974,24.9999999999946));
#3974=CARTESIAN_POINT('Ctrl Pts',(-1.00912054320319,-1139.99999999974,31.8569085011413));
#3975=CARTESIAN_POINT('Ctrl Pts',(-3.06014177638172,-1139.14672904283,47.3976156998107));
#3976=CARTESIAN_POINT('Ctrl Pts',(-5.80872500608491,-1128.22389072884,71.9465539434866));
#3977=CARTESIAN_POINT('Ctrl Pts',(-7.99795578334008,-1106.48826884592,93.3043474131935));
#3978=CARTESIAN_POINT('Ctrl Pts',(-9.31050328548822,-1085.78810626059,106.643167109614));
#3979=CARTESIAN_POINT('Ctrl Pts',(-10.596574039371,-1060.23195864814,119.912448151225));
#3980=CARTESIAN_POINT('Ctrl Pts',(-11.6904866467594,-1032.31663576492,131.378450440471));
#3981=CARTESIAN_POINT('Ctrl Pts',(-12.8846762459842,-991.807152538314,143.927795653466));
#3982=CARTESIAN_POINT('Ctrl Pts',(-14.0374458879173,-945.388822533302,155.999604050164));
#3983=CARTESIAN_POINT('Ctrl Pts',(-15.1219770122829,-889.866713667871,167.194921677023));
#3984=CARTESIAN_POINT('Ctrl Pts',(-16.0014274474278,-833.46829915541,176.001002283184));
#3985=CARTESIAN_POINT('Ctrl Pts',(-16.482832971855,-799.106432608378,180.727104408385));
#3986=CARTESIAN_POINT('Ctrl Pts',(-17.0664579552215,-754.425689869065,186.371311383926));
#3987=CARTESIAN_POINT('Ctrl Pts',(-17.8313379934154,-687.187769558099,193.513290696593));
#3988=CARTESIAN_POINT('Ctrl Pts',(-18.7065213850243,-593.013833217273,201.153969704106));
#3989=CARTESIAN_POINT('Ctrl Pts',(-19.4667346875616,-492.939557551932,207.243726630882));
#3990=CARTESIAN_POINT('Ctrl Pts',(-20.1059823969021,-389.253681257905,211.837088692413));
#3991=CARTESIAN_POINT('Ctrl Pts',(-20.6189544827032,-284.688726554312,215.051757872718));
#3992=CARTESIAN_POINT('Ctrl Pts',(-21.0008554951875,-182.335140972632,217.059044009289));
#3993=CARTESIAN_POINT('Ctrl Pts',(-21.2061736851446,-101.689959844303,217.905202537198));
#3994=CARTESIAN_POINT('Ctrl Pts',(-21.2887030404982,-49.2210406407117,218.170620786128));
#3995=CARTESIAN_POINT('Ctrl Pts',(-21.3180999074568,-20.599275865722,218.244979059819));
#3996=CARTESIAN_POINT('Ctrl Pts',(-21.3268299517864,-6.77859149545859,218.259029232914));
#3997=CARTESIAN_POINT('Ctrl Pts',(-21.3589431921737,69.3127884426976,218.280497628376));
#3998=CARTESIAN_POINT('Ctrl Pts',(-21.1499152737276,203.389314038962,215.98268219832));
#3999=CARTESIAN_POINT('Ctrl Pts',(-19.199691972341,579.188450963282,197.873228817509));
#4000=CARTESIAN_POINT('Ctrl Pts',(-12.3703031067728,1047.01157536257,139.169638245756));
#4001=CARTESIAN_POINT('Ctrl Pts',(-6.76454237820092,1344.92193254415,101.983443453488));
#4002=CARTESIAN_POINT('Ctrl Pts',(-5.58217407091512,1468.99999999967,102.101745009415));
#4003=CARTESIAN_POINT('Ctrl Pts',(0.,-1139.99999999981,24.9999999999962));
#4004=CARTESIAN_POINT('Ctrl Pts',(-0.759993944084989,-1139.99999999981,
31.9185229016293));
#4005=CARTESIAN_POINT('Ctrl Pts',(-2.30494132387301,-1139.21028757321,47.5836394601279));
#4006=CARTESIAN_POINT('Ctrl Pts',(-4.37663130297505,-1128.53017604383,72.2991438126613));
#4007=CARTESIAN_POINT('Ctrl Pts',(-6.0287050568518,-1107.06230308065,93.7862910614694));
#4008=CARTESIAN_POINT('Ctrl Pts',(-7.02048025386903,-1086.54173816603,107.199580183444));
#4009=CARTESIAN_POINT('Ctrl Pts',(-7.99316611544664,-1061.1663846306,120.539278671728));
#4010=CARTESIAN_POINT('Ctrl Pts',(-8.82160627253198,-1033.40773523499,132.062033189439));
#4011=CARTESIAN_POINT('Ctrl Pts',(-9.72780250730381,-993.05997353569,144.667463525455));
#4012=CARTESIAN_POINT('Ctrl Pts',(-10.6038903070361,-946.786987026075,156.788943677981));
#4013=CARTESIAN_POINT('Ctrl Pts',(-11.4302593515356,-891.378466933758,168.02348502066));
#4014=CARTESIAN_POINT('Ctrl Pts',(-12.1023529175579,-835.041285772498,176.853962462312));
#4015=CARTESIAN_POINT('Ctrl Pts',(-12.4708429899349,-800.702390885313,181.591157819389));
#4016=CARTESIAN_POINT('Ctrl Pts',(-12.9180784891231,-756.03993751666,187.246865997761));
#4017=CARTESIAN_POINT('Ctrl Pts',(-13.5056239284348,-688.797334006229,194.398362180021));
#4018=CARTESIAN_POINT('Ctrl Pts',(-14.180478435276,-594.555063631258,202.039389045457));
#4019=CARTESIAN_POINT('Ctrl Pts',(-14.7690938249596,-494.349434308124,208.119164910958));
#4020=CARTESIAN_POINT('Ctrl Pts',(-15.2662089932644,-390.471632613481,212.694477585334));
#4021=CARTESIAN_POINT('Ctrl Pts',(-15.6669485727919,-285.659897926981,215.885981776165));
#4022=CARTESIAN_POINT('Ctrl Pts',(-15.9667268488533,-183.01335106144,217.868521703633));
#4023=CARTESIAN_POINT('Ctrl Pts',(-16.1287491270496,-102.094979883207,218.696080607268));
#4024=CARTESIAN_POINT('Ctrl Pts',(-16.1941765033544,-49.42544696292,218.951426975064));
#4025=CARTESIAN_POINT('Ctrl Pts',(-16.2175777401549,-20.6872886351351,219.021149129863));
#4026=CARTESIAN_POINT('Ctrl Pts',(-16.2245700443313,-6.80797504459868,219.033300006091));
#4027=CARTESIAN_POINT('Ctrl Pts',(-16.250470459163,69.6132345636171,219.045412659542));
#4028=CARTESIAN_POINT('Ctrl Pts',(-16.0939123147985,204.25961832561,216.724630302234));
#4029=CARTESIAN_POINT('Ctrl Pts',(-14.6156125316585,581.52981711609,198.517322605415));
#4030=CARTESIAN_POINT('Ctrl Pts',(-9.41772267960847,1050.46900510054,139.58305030065));
#4031=CARTESIAN_POINT('Ctrl Pts',(-5.12047000002593,1346.70478963505,102.212857969886));
#4032=CARTESIAN_POINT('Ctrl Pts',(-4.19310295633948,1468.99999999976,102.279518369636));
#4033=CARTESIAN_POINT('Ctrl Pts',(0.,-1139.99999999989,24.9999999999978));
#4034=CARTESIAN_POINT('Ctrl Pts',(-0.508201388672688,-1139.99999999989,
31.9644417404321));
#4035=CARTESIAN_POINT('Ctrl Pts',(-1.54168297355073,-1139.25686065474,47.7217313427406));
#4036=CARTESIAN_POINT('Ctrl Pts',(-2.92885962238728,-1128.75460948675,72.5594635153434));
#4037=CARTESIAN_POINT('Ctrl Pts',(-4.03668739272106,-1107.48293213936,94.1409068618134));
#4038=CARTESIAN_POINT('Ctrl Pts',(-4.70272199615851,-1087.0939691649,107.608238066631));
#4039=CARTESIAN_POINT('Ctrl Pts',(-5.35662310949209,-1061.85109424629,120.998900923184));
#4040=CARTESIAN_POINT('Ctrl Pts',(-5.91436146047114,-1034.20724886701,132.562574374106));
#4041=CARTESIAN_POINT('Ctrl Pts',(-6.52577148510055,-993.977990165628,145.208226847237));
#4042=CARTESIAN_POINT('Ctrl Pts',(-7.11782467362177,-947.811505476586,157.365167888871));
#4043=CARTESIAN_POINT('Ctrl Pts',(-7.67781854646641,-892.486218595667,168.627441572865));
#4044=CARTESIAN_POINT('Ctrl Pts',(-8.13468354866302,-836.193906683073,177.474884557124));
#4045=CARTESIAN_POINT('Ctrl Pts',(-8.38558846123523,-801.871844447608,182.219684631859));
#4046=CARTESIAN_POINT('Ctrl Pts',(-8.69046612236322,-757.222792718558,187.883164978845));
#4047=CARTESIAN_POINT('Ctrl Pts',(-9.09198950025553,-689.976757430167,195.040721484138));
#4048=CARTESIAN_POINT('Ctrl Pts',(-9.55499082671563,-595.684414463837,202.68087149002));
#4049=CARTESIAN_POINT('Ctrl Pts',(-9.96051211034999,-495.382534319066,208.752278160055));
#4050=CARTESIAN_POINT('Ctrl Pts',(-10.3044960134271,-391.364097313072,213.313419545706));
#4051=CARTESIAN_POINT('Ctrl Pts',(-10.5830512567018,-286.371532171601,216.487147915329));
#4052=CARTESIAN_POINT('Ctrl Pts',(-10.7924114223758,-183.51031518799,218.450931169597));
#4053=CARTESIAN_POINT('Ctrl Pts',(-10.906147139776,-102.391761596066,219.264517690983));
#4054=CARTESIAN_POINT('Ctrl Pts',(-10.9522775924791,-49.5752273111977,219.512350889915));
#4055=CARTESIAN_POINT('Ctrl Pts',(-10.9688404727682,-20.7517806756304,219.578632748413));
#4056=CARTESIAN_POINT('Ctrl Pts',(-10.9738174893689,-6.82950606636326,219.589381617062));
#4057=CARTESIAN_POINT('Ctrl Pts',(-10.992369228327,69.8333887708653,219.594613721663));
#4058=CARTESIAN_POINT('Ctrl Pts',(-10.8882005529631,204.897341284558,217.257132152499));
#4059=CARTESIAN_POINT('Ctrl Pts',(-9.89202616648972,583.245477704444,198.979354893592));
#4060=CARTESIAN_POINT('Ctrl Pts',(-6.37450711644937,1053.0024856166,139.880276457324));
#4061=CARTESIAN_POINT('Ctrl Pts',(-3.44513560621485,1348.01120779461,102.377915071849));
#4062=CARTESIAN_POINT('Ctrl Pts',(-2.79848651723748,1468.99999999985,102.406667532649));
#4063=CARTESIAN_POINT('Ctrl Pts',(0.,-1139.99999999994,24.9999999999989));
#4064=CARTESIAN_POINT('Ctrl Pts',(-0.254574615050782,-1139.99999999994,
31.9932377528139));
#4065=CARTESIAN_POINT('Ctrl Pts',(-0.772619138839689,-1139.28553507422,
47.8079809136568));
#4066=CARTESIAN_POINT('Ctrl Pts',(-1.46896892940363,-1128.89279022142,72.7211428070039));
#4067=CARTESIAN_POINT('Ctrl Pts',(-2.0261444510836,-1107.74190799569,94.3603742622007));
#4068=CARTESIAN_POINT('Ctrl Pts',(-2.36173018317578,-1087.43397064999,107.860665924968));
#4069=CARTESIAN_POINT('Ctrl Pts',(-2.69161693311589,-1062.27266111771,121.282323192841));
#4070=CARTESIAN_POINT('Ctrl Pts',(-2.97347554562554,-1034.69949909723,132.870781045446));
#4071=CARTESIAN_POINT('Ctrl Pts',(-3.2832374681455,-994.543201158939,145.540656036361));
#4072=CARTESIAN_POINT('Ctrl Pts',(-3.58375242399889,-948.442288252642,157.718847151336));
#4073=CARTESIAN_POINT('Ctrl Pts',(-3.86888969942236,-893.168246953159,168.997563980376));
#4074=CARTESIAN_POINT('Ctrl Pts',(-4.10233167304176,-836.903560410623,177.854880071229));
#4075=CARTESIAN_POINT('Ctrl Pts',(-4.23077502045377,-802.59186178955,182.604032750198));
#4076=CARTESIAN_POINT('Ctrl Pts',(-4.38705086411091,-757.951061233056,188.271885714991));
#4077=CARTESIAN_POINT('Ctrl Pts',(-4.59343422042777,-690.702912971366,195.432597742073));
#4078=CARTESIAN_POINT('Ctrl Pts',(-4.83244476788428,-596.379740852994,203.071492874854));
#4079=CARTESIAN_POINT('Ctrl Pts',(-5.04273395346976,-496.018600218573,209.137078783333));
#4080=CARTESIAN_POINT('Ctrl Pts',(-5.22195342501872,-391.913575787869,213.688896131033));
#4081=CARTESIAN_POINT('Ctrl Pts',(-5.36778578193099,-286.809675638283,216.851171887699));
#4082=CARTESIAN_POINT('Ctrl Pts',(-5.47793692929099,-183.816289080971,218.803011182646));
#4083=CARTESIAN_POINT('Ctrl Pts',(-5.53809654688556,-102.574485894492,219.607777300189));
#4084=CARTESIAN_POINT('Ctrl Pts',(-5.5626060638111,-49.6674449270001,219.85090058877));
#4085=CARTESIAN_POINT('Ctrl Pts',(-5.57143985603872,-20.7914874942746,219.915037098401));
#4086=CARTESIAN_POINT('Ctrl Pts',(-5.57410908589061,-6.84276240445778,219.924916356365));
#4087=CARTESIAN_POINT('Ctrl Pts',(-5.58411905981723,69.9689345259816,219.925897037107));
#4088=CARTESIAN_POINT('Ctrl Pts',(-5.53218036941155,205.289978551428,217.578212214535));
#4089=CARTESIAN_POINT('Ctrl Pts',(-5.0282479969559,584.301789022295,199.257790534975));
#4090=CARTESIAN_POINT('Ctrl Pts',(-3.24041883236707,1054.56232636379,140.059788794659));
#4091=CARTESIAN_POINT('Ctrl Pts',(-1.73954422084511,1348.81556017145,102.477652190512));
#4092=CARTESIAN_POINT('Ctrl Pts',(-1.40016910902989,1468.99999999992,102.483024350896));
#4093=CARTESIAN_POINT('Ctrl Pts',(0.,-1140.,25.0000000000003));
#4094=CARTESIAN_POINT('Ctrl Pts',(-0.0848589523880161,-1140.,31.999999577276));
#4095=CARTESIAN_POINT('Ctrl Pts',(-0.257636595266577,-1139.29211010375,
47.8281355808805));
#4096=CARTESIAN_POINT('Ctrl Pts',(-0.490141800177435,-1128.92447501499,
72.7586626243995));
#4097=CARTESIAN_POINT('Ctrl Pts',(-0.67641805889628,-1107.80129108077,94.4110806966082));
#4098=CARTESIAN_POINT('Ctrl Pts',(-0.7887431981514,-1087.51193289276,107.918847611982));
#4099=CARTESIAN_POINT('Ctrl Pts',(-0.899248279515476,-1062.36932628418,
121.347508399772));
#4100=CARTESIAN_POINT('Ctrl Pts',(-0.993766452304156,-1034.81237194037,
132.941537255247));
#4101=CARTESIAN_POINT('Ctrl Pts',(-1.09780177077046,-994.672803883972,145.616816457553));
#4102=CARTESIAN_POINT('Ctrl Pts',(-1.19884538665133,-948.586926565617,157.799718002433));
#4103=CARTESIAN_POINT('Ctrl Pts',(-1.29489933540491,-893.324635854948,169.082028424889));
#4104=CARTESIAN_POINT('Ctrl Pts',(-1.3737017953278,-837.066283789329,177.941447610729));
#4105=CARTESIAN_POINT('Ctrl Pts',(-1.41710775146152,-802.756961533499,182.691505616657));
#4106=CARTESIAN_POINT('Ctrl Pts',(-1.46995954105575,-758.118052956682,188.360245008496));
#4107=CARTESIAN_POINT('Ctrl Pts',(-1.53986982487178,-690.869420171331,195.521517943011));
#4108=CARTESIAN_POINT('Ctrl Pts',(-1.62103411665813,-596.539178908829,203.159923013221));
#4109=CARTESIAN_POINT('Ctrl Pts',(-1.69263070644548,-496.164449833188,209.223985002753));
#4110=CARTESIAN_POINT('Ctrl Pts',(-1.75381234009703,-392.039570908683,213.773494295602));
#4111=CARTESIAN_POINT('Ctrl Pts',(-1.8037315978963,-286.910141664198,216.93299957769));
#4112=CARTESIAN_POINT('Ctrl Pts',(-1.84154116787542,-183.886448673043,218.88198761025));
#4113=CARTESIAN_POINT('Ctrl Pts',(-1.86225162001754,-102.6163844249,219.684669253558));
#4114=CARTESIAN_POINT('Ctrl Pts',(-1.87070950632611,-49.6885903435264,219.926688690645));
#4115=CARTESIAN_POINT('Ctrl Pts',(-1.8737640762815,-20.8005922301851,219.990325590783));
#4116=CARTESIAN_POINT('Ctrl Pts',(-1.87468969923598,-6.84580206988203,220.000003657148));
#4117=CARTESIAN_POINT('Ctrl Pts',(-1.87817165017653,70.0000150356621,220.000005344655));
#4118=CARTESIAN_POINT('Ctrl Pts',(-1.86089407543919,205.380010025041,217.650001707984));
#4119=CARTESIAN_POINT('Ctrl Pts',(-1.6918113285894,584.544001249842,199.320000923168));
#4120=CARTESIAN_POINT('Ctrl Pts',(-1.09028838365493,1054.91999998473,140.099999588175));
#4121=CARTESIAN_POINT('Ctrl Pts',(-0.582985264526035,1349.,102.5));
#4122=CARTESIAN_POINT('Ctrl Pts',(-0.466723040016544,1469.,102.5));
#4123=CARTESIAN_POINT('Ctrl Pts',(0.,-1140.,25.0000000000003));
#4124=CARTESIAN_POINT('Ctrl Pts',(0.,-1140.,32.0000000000003));
#4125=CARTESIAN_POINT('Ctrl Pts',(-1.49880108324396E-15,-1139.29211010375,
47.8281359465717));
#4126=CARTESIAN_POINT('Ctrl Pts',(-6.6946448384897E-15,-1128.92447501499,
72.758662977451));
#4127=CARTESIAN_POINT('Ctrl Pts',(-1.25399690631411E-14,-1107.80129108077,
94.4110810888186));
#4128=CARTESIAN_POINT('Ctrl Pts',(-1.6681100944993E-14,-1087.51193289276,
107.918847997486));
#4129=CARTESIAN_POINT('Ctrl Pts',(-2.10664818922624E-14,-1062.36932628418,
121.347508795077));
#4130=CARTESIAN_POINT('Ctrl Pts',(-2.51465515077598E-14,-1034.81237194037,
132.941537644522));
#4131=CARTESIAN_POINT('Ctrl Pts',(-3.0009328355618E-14,-994.672803883972,
145.616816789802));
#4132=CARTESIAN_POINT('Ctrl Pts',(-3.49609230454462E-14,-948.586926565617,
157.799718278637));
#4133=CARTESIAN_POINT('Ctrl Pts',(-3.99791311167519E-14,-893.324635854948,
169.082028679036));
#4134=CARTESIAN_POINT('Ctrl Pts',(-4.43117764703516E-14,-837.066283789329,
177.9414477608));
#4135=CARTESIAN_POINT('Ctrl Pts',(-4.67542671245269E-14,-802.756961533499,
182.691505702787));
#4136=CARTESIAN_POINT('Ctrl Pts',(-4.97726859727265E-14,-758.118052956682,
188.360245011832));
#4137=CARTESIAN_POINT('Ctrl Pts',(-5.38818989426204E-14,-690.869420171331,
195.521517955572));
#4138=CARTESIAN_POINT('Ctrl Pts',(-5.88279425173255E-14,-596.539178908829,
203.15992297122));
#4139=CARTESIAN_POINT('Ctrl Pts',(-6.33243457670574E-14,-496.164449833188,
209.223984842149));
#4140=CARTESIAN_POINT('Ctrl Pts',(-6.72586986105728E-14,-392.039570908683,
213.773494127687));
#4141=CARTESIAN_POINT('Ctrl Pts',(-7.05185909666285E-14,-286.910141664198,
216.93299936744));
#4142=CARTESIAN_POINT('Ctrl Pts',(-7.29916127539811E-14,-183.886448673043,
218.881987385547));
#4143=CARTESIAN_POINT('Ctrl Pts',(-7.43030637018196E-14,-102.6163844249,
219.68466904806));
#4144=CARTESIAN_POINT('Ctrl Pts',(-7.47784646704111E-14,-49.6885903435263,
219.926688480585));
#4145=CARTESIAN_POINT('Ctrl Pts',(-7.49166353952726E-14,-20.8005922301851,
219.990325378011));
#4146=CARTESIAN_POINT('Ctrl Pts',(-7.49400541621983E-14,-6.84580206988198,
220.000003443817));
#4147=CARTESIAN_POINT('Ctrl Pts',(-7.49400541621983E-14,70.0000150356622,
220.000005157235));
#4148=CARTESIAN_POINT('Ctrl Pts',(-7.38795561802831E-14,205.380010025041,
217.650001628457));
#4149=CARTESIAN_POINT('Ctrl Pts',(-6.56076719213458E-14,584.544001249843,
199.320000901099));
#4150=CARTESIAN_POINT('Ctrl Pts',(-3.88831227770868E-14,1054.91999998473,
140.099999583487));
#4151=CARTESIAN_POINT('Ctrl Pts',(-2.19151550664463E-14,1349.,102.5));
#4152=CARTESIAN_POINT('Ctrl Pts',(-2.19151550664463E-14,1469.,102.5));
#4153=CARTESIAN_POINT('Ctrl Pts',(-5.12020102348E-14,832.981583306581,167.397916945918));
#4154=CARTESIAN_POINT('Ctrl Pts',(-4.76419243614838E-14,900.255408666266,
159.508979777878));
#4155=CARTESIAN_POINT('Ctrl Pts',(-3.32611825235965E-14,1152.3565473678,
127.642116895682));
#4156=CARTESIAN_POINT('Ctrl Pts',(-2.19151550664463E-14,1349.,102.5));
#4157=CARTESIAN_POINT('Ctrl Pts',(-2.19151550664463E-14,1469.,102.5));
#4158=CARTESIAN_POINT('',(0.,-1140.,25.0000000000003));
#4159=CARTESIAN_POINT('Ctrl Pts',(0.,-1140.,25.0000000000003));
#4160=CARTESIAN_POINT('Ctrl Pts',(-5.,-1140.,25.0000000000003));
#4161=CARTESIAN_POINT('Ctrl Pts',(-15.7678151205098,-1133.15701600348,25.102290676847));
#4162=CARTESIAN_POINT('Ctrl Pts',(-31.3509879624506,-1099.36105191384,25.6074814011074));
#4163=CARTESIAN_POINT('Ctrl Pts',(-44.1338563136689,-1052.39479770759,26.3095449941144));
#4164=CARTESIAN_POINT('Ctrl Pts',(-51.8327901957184,-1014.77076847628,26.8719586162303));
#4165=CARTESIAN_POINT('Ctrl Pts',(-59.3449261280821,-972.177998649693,27.5086462449466));
#4166=CARTESIAN_POINT('Ctrl Pts',(-65.6800407176327,-929.498950815171,28.1466235794135));
#4167=CARTESIAN_POINT('Ctrl Pts',(-72.428210675654,-873.749884029081,28.9799749035801));
#4168=CARTESIAN_POINT('Ctrl Pts',(-78.8025694890773,-813.635167437219,29.8785850788109));
#4169=CARTESIAN_POINT('Ctrl Pts',(-84.5485424165505,-747.408732830426,30.8685547797542));
#4170=CARTESIAN_POINT('Ctrl Pts',(-88.9453278356409,-685.239387960409,31.7978780645428));
#4171=CARTESIAN_POINT('Ctrl Pts',(-91.2711676854194,-648.712342922479,32.3438936860552));
#4172=CARTESIAN_POINT('Ctrl Pts',(-94.0209328632274,-602.307467225274,33.0375656493548));
#4173=CARTESIAN_POINT('Ctrl Pts',(-97.424783409836,-535.509768627783,34.036074750689));
#4174=CARTESIAN_POINT('Ctrl Pts',(-100.942615381371,-447.773590577758,35.3475776039069));
#4175=CARTESIAN_POINT('Ctrl Pts',(-103.638389007659,-360.075654936457,36.6585087998045));
#4176=CARTESIAN_POINT('Ctrl Pts',(-105.579834498273,-274.474326728863,37.9380993709702));
#4177=CARTESIAN_POINT('Ctrl Pts',(-106.863617452561,-193.163766389885,39.1535504454365));
#4178=CARTESIAN_POINT('Ctrl Pts',(-107.608099473823,-118.417573224665,40.2708756786641));
#4179=CARTESIAN_POINT('Ctrl Pts',(-107.889931937659,-63.5179915543246,41.091528681795));
#4180=CARTESIAN_POINT('Ctrl Pts',(-107.969447681773,-29.9559732599565,41.5932223243743));
#4181=CARTESIAN_POINT('Ctrl Pts',(-107.989511484884,-12.3040605738184,41.8570876347469));
#4182=CARTESIAN_POINT('Ctrl Pts',(-107.992423186281,-4.00916846576346,41.9810818057759));
#4183=CARTESIAN_POINT('Ctrl Pts',(-107.992423721637,40.9955007222877,42.6538231236501));
#4184=CARTESIAN_POINT('Ctrl Pts',(-106.602577402054,121.36975727551,43.8552780893637));
#4185=CARTESIAN_POINT('Ctrl Pts',(-95.7617599291068,358.572836689452,47.4010504530739));
#4186=CARTESIAN_POINT('Ctrl Pts',(-60.7375770963979,721.351005194064,52.8239514001638));
#4187=CARTESIAN_POINT('Ctrl Pts',(-38.5,1177.03261828602,59.6355968237467));
#4188=CARTESIAN_POINT('Ctrl Pts',(-38.5,1469.,64.));
#4189=CARTESIAN_POINT('Ctrl Pts',(0.,-1140.,25.0000000000003));
#4190=CARTESIAN_POINT('Ctrl Pts',(0.,-1140.,32.0000000000003));
#4191=CARTESIAN_POINT('Ctrl Pts',(-1.49880108324396E-15,-1139.29211010375,
47.8281359465717));
#4192=CARTESIAN_POINT('Ctrl Pts',(-6.6946448384897E-15,-1128.92447501499,
72.758662977451));
#4193=CARTESIAN_POINT('Ctrl Pts',(-1.25399690631411E-14,-1107.80129108077,
94.4110810888186));
#4194=CARTESIAN_POINT('Ctrl Pts',(-1.6681100944993E-14,-1087.51193289276,
107.918847997486));
#4195=CARTESIAN_POINT('Ctrl Pts',(-2.10664818922624E-14,-1062.36932628418,
121.347508795077));
#4196=CARTESIAN_POINT('Ctrl Pts',(-2.51465515077598E-14,-1034.81237194037,
132.941537644522));
#4197=CARTESIAN_POINT('Ctrl Pts',(-3.0009328355618E-14,-994.672803883972,
145.616816789802));
#4198=CARTESIAN_POINT('Ctrl Pts',(-3.4302158324104E-14,-954.718234160683,
156.178893835773));
#4199=CARTESIAN_POINT('Ctrl Pts',(-3.73908971106571E-14,-921.627938742136,
163.238179316331));
#4200=CARTESIAN_POINT('Ctrl Pts',(-3.92224426034403E-14,-900.317589977694,
167.241430159888));
#4201=CARTESIAN_POINT('',(-109.324057008052,-1.21065971460629E-13,87.1371017373589));
#4202=CARTESIAN_POINT('Ctrl Pts',(-109.324057010552,2.89739100589362E-12,
87.1371016944293));
#4203=CARTESIAN_POINT('Ctrl Pts',(-109.324057010015,-1.7950585010559E-6,
87.1371016912917));
#4204=CARTESIAN_POINT('Ctrl Pts',(-109.324057009477,-3.59012752826782E-6,
87.1371016881541));
#4205=CARTESIAN_POINT('Ctrl Pts',(-109.323790443573,-0.89062064788548,87.1355449866219));
#4206=CARTESIAN_POINT('Ctrl Pts',(-109.322792240066,-2.67167554405731,87.1364168279276));
#4207=CARTESIAN_POINT('Ctrl Pts',(-109.319453487933,-5.34385659815692,87.1567730090956));
#4208=CARTESIAN_POINT('Ctrl Pts',(-109.313898114279,-8.01580897816246,87.202037063888));
#4209=CARTESIAN_POINT('Ctrl Pts',(-109.30582042054,-10.6868441674314,87.27679234682));
#4210=CARTESIAN_POINT('Ctrl Pts',(-109.29497329272,-13.356166883386,87.3844844067251));
#4211=CARTESIAN_POINT('Ctrl Pts',(-109.281158174522,-16.0232373360438,87.5275457463337));
#4212=CARTESIAN_POINT('Ctrl Pts',(-109.264208415573,-18.6883976313908,87.7076196685057));
#4213=CARTESIAN_POINT('Ctrl Pts',(-109.243994216565,-21.3504063981945,87.9255567588333));
#4214=CARTESIAN_POINT('Ctrl Pts',(-109.220410351683,-24.0081983489146,88.1815956692246));
#4215=CARTESIAN_POINT('Ctrl Pts',(-109.193362987498,-26.6609783561698,88.475564847112));
#4216=CARTESIAN_POINT('Ctrl Pts',(-109.162776536308,-29.3073402387873,88.8068644426671));
#4217=CARTESIAN_POINT('Ctrl Pts',(-109.128551941422,-31.9479790175961,89.1749667854381));
#4218=CARTESIAN_POINT('Ctrl Pts',(-109.090591759861,-34.5827970268946,89.5791811682545));
#4219=CARTESIAN_POINT('Ctrl Pts',(-109.048801406374,-37.2108589743577,90.0186708498766));
#4220=CARTESIAN_POINT('Ctrl Pts',(-109.003075566408,-39.8314347377291,90.4926287817621));
#4221=CARTESIAN_POINT('Ctrl Pts',(-108.953288968702,-42.4440176958912,91.0003785365483));
#4222=CARTESIAN_POINT('Ctrl Pts',(-108.899319069465,-45.0472826917549,91.5411587611213));
#4223=CARTESIAN_POINT('Ctrl Pts',(-108.840983566664,-47.6418743316439,92.1147455164798));
#4224=CARTESIAN_POINT('Ctrl Pts',(-108.778044535032,-50.2294187436915,92.7213628710878));
#4225=CARTESIAN_POINT('Ctrl Pts',(-108.710316854594,-52.8080560270977,93.3606196179625));
#4226=CARTESIAN_POINT('Ctrl Pts',(-108.637566125991,-55.3772316753769,94.0325171243204));
#4227=CARTESIAN_POINT('Ctrl Pts',(-108.559547242688,-57.9357498161354,94.737040327102));
#4228=CARTESIAN_POINT('Ctrl Pts',(-108.475987826344,-60.4826689989307,95.4743190154121));
#4229=CARTESIAN_POINT('Ctrl Pts',(-108.386588760948,-63.0169607728999,96.2445772437497));
#4230=CARTESIAN_POINT('Ctrl Pts',(-108.291036728138,-65.5374343305712,97.0480395633374));
#4231=CARTESIAN_POINT('Ctrl Pts',(-108.188971311157,-68.0432470032832,97.8851462352174));
#4232=CARTESIAN_POINT('Ctrl Pts',(-108.080050378464,-70.5327346983358,98.7560621725204));
#4233=CARTESIAN_POINT('Ctrl Pts',(-107.963821958403,-73.0057507269388,99.6615967414991));
#4234=CARTESIAN_POINT('Ctrl Pts',(-107.839978327046,-75.4589679744,100.601327787508));
#4235=CARTESIAN_POINT('Ctrl Pts',(-107.707761428526,-77.896929971646,101.577960379811));
#4236=CARTESIAN_POINT('Ctrl Pts',(-107.566463454824,-80.3213870119458,102.593456906226));
#4237=CARTESIAN_POINT('Ctrl Pts',(-107.365341786276,-83.5309464628333,103.998943585928));
#4238=CARTESIAN_POINT('Ctrl Pts',(-107.088702399022,-87.4950160003987,105.853377189543));
#4239=CARTESIAN_POINT('Ctrl Pts',(-106.711698005731,-92.1562305141182,108.235824887444));
#4240=CARTESIAN_POINT('Ctrl Pts',(-106.284831054051,-96.7029456326149,110.774381729876));
#4241=CARTESIAN_POINT('Ctrl Pts',(-105.802718154948,-101.118230556901,113.467642319843));
#4242=CARTESIAN_POINT('Ctrl Pts',(-105.260305423313,-105.383381517521,116.310084934735));
#4243=CARTESIAN_POINT('Ctrl Pts',(-104.651243693704,-109.486706084625,119.299445950144));
#4244=CARTESIAN_POINT('Ctrl Pts',(-103.971131341355,-113.407003133742,122.422626080099));
#4245=CARTESIAN_POINT('Ctrl Pts',(-103.209867663182,-117.153506680336,125.689643086926));
#4246=CARTESIAN_POINT('Ctrl Pts',(-102.358079262212,-120.720422824845,129.100705345236));
#4247=CARTESIAN_POINT('Ctrl Pts',(-101.411328806811,-124.082124036003,132.633944605208));
#4248=CARTESIAN_POINT('Ctrl Pts',(-100.363987460742,-127.225046012342,136.272876764039));
#4249=CARTESIAN_POINT('Ctrl Pts',(-99.2129297144829,-130.133708108268,139.99331490357));
#4250=CARTESIAN_POINT('Ctrl Pts',(-97.9544582854667,-132.800518600375,143.774656650234));
#4251=CARTESIAN_POINT('Ctrl Pts',(-96.5887062148278,-135.217526738678,147.588519528123));
#4252=CARTESIAN_POINT('Ctrl Pts',(-95.1053843557504,-137.397455530353,151.436402871549));
#4253=CARTESIAN_POINT('Ctrl Pts',(-94.0372755230257,-138.690512069791,154.008309911891));
#4254=CARTESIAN_POINT('Ctrl Pts',(-93.4531288794164,-139.33049976843,155.362348012431));
#4255=CARTESIAN_POINT('Ctrl Pts',(-93.3916212288043,-139.397760758767,155.504615030382));
#4256=CARTESIAN_POINT('Ctrl Pts',(-93.2681910298189,-139.532241507921,155.788881069326));
#4257=CARTESIAN_POINT('Ctrl Pts',(-93.0510600384975,-139.767506501648,156.285726240402));
#4258=CARTESIAN_POINT('Ctrl Pts',(-92.7376667385419,-140.103357735424,156.993653475894));
#4259=CARTESIAN_POINT('Ctrl Pts',(-92.3564509321506,-140.505979733393,157.840111722896));
#4260=CARTESIAN_POINT('Ctrl Pts',(-92.0988759782908,-140.774116009127,158.402304679239));
#4261=CARTESIAN_POINT('Ctrl Pts',(-91.9692294644565,-140.90811287993,158.682856330213));
#4262=CARTESIAN_POINT('Ctrl Pts',(-77.5501395961179,413.907754031065,158.837090964242));
#4263=CARTESIAN_POINT('Ctrl Pts',(-77.7146608075762,412.46540673259,158.715054409872));
#4264=CARTESIAN_POINT('Ctrl Pts',(-78.0448932444842,409.580866805695,158.464560829973));
#4265=CARTESIAN_POINT('Ctrl Pts',(-78.5440016400097,405.25603223906,158.068326157603));
#4266=CARTESIAN_POINT('Ctrl Pts',(-79.0471226279187,400.934668908977,157.650169404081));
#4267=CARTESIAN_POINT('Ctrl Pts',(-79.5545836912503,396.618239921374,157.20842339326));
#4268=CARTESIAN_POINT('Ctrl Pts',(-80.0667921552565,392.308164829812,156.741153424996));
#4269=CARTESIAN_POINT('Ctrl Pts',(-80.584245596979,388.005817728918,156.246105771933));
#4270=CARTESIAN_POINT('Ctrl Pts',(-81.0203232792446,384.428081758665,155.808237810796));
#4271=CARTESIAN_POINT('Ctrl Pts',(-81.372458818663,381.571085123118,155.441213964876));
#4272=CARTESIAN_POINT('Ctrl Pts',(-81.638298831972,379.43110044416,155.157141700304));
#4273=CARTESIAN_POINT('Ctrl Pts',(-81.9059827706097,377.294047608949,154.863807217465));
#4274=CARTESIAN_POINT('Ctrl Pts',(-82.1756267084702,375.160101049356,154.560704386274));
#4275=CARTESIAN_POINT('Ctrl Pts',(-82.4473537765393,373.02944161094,154.247292252043));
#4276=CARTESIAN_POINT('Ctrl Pts',(-82.7212967607095,370.902261275288,153.922980027814));
#4277=CARTESIAN_POINT('Ctrl Pts',(-82.9975966287072,368.778763044692,153.58713344446));
#4278=CARTESIAN_POINT('Ctrl Pts',(-83.2764045581651,366.659170920157,153.239057187557));
#4279=CARTESIAN_POINT('Ctrl Pts',(-83.5578793793361,364.543722761547,152.87801219208));
#4280=CARTESIAN_POINT('Ctrl Pts',(-83.9369630775632,361.729020858084,152.378225861901));
#4281=CARTESIAN_POINT('Ctrl Pts',(-84.4183515201866,358.222415047812,151.716874737722));
#4282=CARTESIAN_POINT('Ctrl Pts',(-85.0096063397482,354.036207232512,150.856760711122));
#4283=CARTESIAN_POINT('Ctrl Pts',(-85.5150353250259,350.568928591205,150.07684695135));
#4284=CARTESIAN_POINT('Ctrl Pts',(-85.8762889438815,348.155149381207,149.492983596267));
#4285=CARTESIAN_POINT('Ctrl Pts',(-86.0588804672688,346.951945787935,149.190872305948));
#4286=CARTESIAN_POINT('Ctrl Pts',(-86.150679601213,346.35130489459,149.037191426716));
#4287=CARTESIAN_POINT('Ctrl Pts',(-86.203282146949,346.008367230199,148.948605506094));
#4288=CARTESIAN_POINT('Ctrl Pts',(-86.2296321770609,345.83699274952,148.904056773946));
#4289=CARTESIAN_POINT('Ctrl Pts',(-86.5107348843104,344.011003944849,148.427865951372));
#4290=CARTESIAN_POINT('Ctrl Pts',(-87.0425293456742,340.531577905104,147.510900231983));
#4291=CARTESIAN_POINT('Ctrl Pts',(-87.8265858044432,335.314170755301,146.112418909806));
#4292=CARTESIAN_POINT('Ctrl Pts',(-88.5957196766055,330.096673227441,144.695544424523));
#4293=CARTESIAN_POINT('Ctrl Pts',(-89.3488923293838,324.877420954038,143.264741938971));
#4294=CARTESIAN_POINT('Ctrl Pts',(-90.0852925420804,319.654921193031,141.824264037928));
#4295=CARTESIAN_POINT('Ctrl Pts',(-90.8043215536568,314.427864100266,140.378117364293));
#4296=CARTESIAN_POINT('Ctrl Pts',(-91.5055710647882,309.19512386467,138.930039360586));
#4297=CARTESIAN_POINT('Ctrl Pts',(-92.1888024927653,303.955755325462,137.483481979094));
#4298=CARTESIAN_POINT('Ctrl Pts',(-92.8539249428386,298.708981870823,136.041602207572));
#4299=CARTESIAN_POINT('Ctrl Pts',(-93.5009740231179,293.454182017144,134.60725916468));
#4300=CARTESIAN_POINT('Ctrl Pts',(-94.1300922583655,288.190864224562,133.183014278308));
#4301=CARTESIAN_POINT('Ctrl Pts',(-94.7415096932958,282.918651201163,131.771138844857));
#4302=CARTESIAN_POINT('Ctrl Pts',(-95.3355290886792,277.63723624441,130.373617874691));
#4303=CARTESIAN_POINT('Ctrl Pts',(-95.9125076434171,272.346383166366,128.992168650937));
#4304=CARTESIAN_POINT('Ctrl Pts',(-96.472849908989,267.04584674036,127.62823951449));
#4305=CARTESIAN_POINT('Ctrl Pts',(-97.0170130198003,261.735164439256,126.282980570623));
#4306=CARTESIAN_POINT('Ctrl Pts',(-97.5454144599497,256.414439985999,124.957463485262));
#4307=CARTESIAN_POINT('Ctrl Pts',(-98.0584868801555,251.08375959843,123.652547482708));
#4308=CARTESIAN_POINT('Ctrl Pts',(-98.5566561289093,245.743318816149,122.36893133541));
#4309=CARTESIAN_POINT('Ctrl Pts',(-99.0403433788027,240.393346004833,121.107150862655));
#4310=CARTESIAN_POINT('Ctrl Pts',(-99.5099573236379,235.034125323538,119.867601757157));
#4311=CARTESIAN_POINT('Ctrl Pts',(-99.9658929779853,229.665970926484,118.650548611177));
#4312=CARTESIAN_POINT('Ctrl Pts',(-100.4085283011,224.289228231359,117.456139903171));
#4313=CARTESIAN_POINT('Ctrl Pts',(-100.838223059083,218.90426311886,116.284418914383));
#4314=CARTESIAN_POINT('Ctrl Pts',(-101.255317432333,213.511458984504,115.135335610096));
#4315=CARTESIAN_POINT('Ctrl Pts',(-101.66013153326,208.111210868295,114.008756846611));
#4316=CARTESIAN_POINT('Ctrl Pts',(-102.052965066341,202.703922487342,112.904476448342));
#4317=CARTESIAN_POINT('Ctrl Pts',(-102.434097427558,197.290002565742,111.822224331123));
#4318=CARTESIAN_POINT('Ctrl Pts',(-102.803787956494,191.869862700531,110.761675290316));
#4319=CARTESIAN_POINT('Ctrl Pts',(-103.162276438004,186.443914589222,109.722457114757));
#4320=CARTESIAN_POINT('Ctrl Pts',(-103.509783648498,181.012569252941,108.704158588563));
#4321=CARTESIAN_POINT('Ctrl Pts',(-103.846512123724,175.576233722917,107.706336777857));
#4322=CARTESIAN_POINT('Ctrl Pts',(-104.172646734853,170.135313209667,106.728524970876));
#4323=CARTESIAN_POINT('Ctrl Pts',(-104.48835573116,164.690203622486,105.770239102413));
#4324=CARTESIAN_POINT('Ctrl Pts',(-104.79379092908,159.241302755607,104.830987151516));
#4325=CARTESIAN_POINT('Ctrl Pts',(-105.089089457357,153.788986576586,103.910273534528));
#4326=CARTESIAN_POINT('Ctrl Pts',(-105.374372441714,148.333651591108,103.007614115751));
#4327=CARTESIAN_POINT('Ctrl Pts',(-105.649749281388,142.87563248184,102.12253300366));
#4328=CARTESIAN_POINT('Ctrl Pts',(-105.915311112654,137.415355305863,101.254596383726));
#4329=CARTESIAN_POINT('Ctrl Pts',(-106.171144435886,131.953044543543,100.403379798826));
#4330=CARTESIAN_POINT('Ctrl Pts',(-106.417305854753,126.4892815127,99.5685672352317));
#4331=CARTESIAN_POINT('Ctrl Pts',(-106.653873513349,121.023877913617,98.7497951950645));
#4332=CARTESIAN_POINT('Ctrl Pts',(-106.843127802299,116.46638948658,98.0804165212277));
#4333=CARTESIAN_POINT('Ctrl Pts',(-106.989791044699,112.819131758081,97.5526971315209));
#4334=CARTESIAN_POINT('Ctrl Pts',(-107.097426244951,110.082922240901,97.1607810480404));
#4335=CARTESIAN_POINT('Ctrl Pts',(-107.202694348822,107.346086469482,96.7727666875304));
#4336=CARTESIAN_POINT('Ctrl Pts',(-107.305597662295,104.608574059385,96.3886672542615));
#4337=CARTESIAN_POINT('Ctrl Pts',(-107.406132875097,101.870439019299,96.0085224363285));
#4338=CARTESIAN_POINT('Ctrl Pts',(-107.50429817039,99.1316741903306,95.6323770201429));
#4339=CARTESIAN_POINT('Ctrl Pts',(-107.600089332721,96.3922998167419,95.260294488738));
#4340=CARTESIAN_POINT('Ctrl Pts',(-107.693501729607,93.6523162879818,94.8923520991057));
#4341=CARTESIAN_POINT('Ctrl Pts',(-107.784529168281,90.9117289156344,94.5286459680953));
#4342=CARTESIAN_POINT('Ctrl Pts',(-107.873164395881,88.1705347201327,94.1692910780481));
#4343=CARTESIAN_POINT('Ctrl Pts',(-107.959398727609,85.428729084528,93.8144241153481));
#4344=CARTESIAN_POINT('Ctrl Pts',(-108.043222116537,82.6863024713315,93.4642050952388));
#4345=CARTESIAN_POINT('Ctrl Pts',(-108.124623007256,79.9432414244034,93.1188196150888));
#4346=CARTESIAN_POINT('Ctrl Pts',(-108.203588254095,77.199529302224,92.7784812750891));
#4347=CARTESIAN_POINT('Ctrl Pts',(-108.280103088534,74.455143562623,92.443433451968));
#4348=CARTESIAN_POINT('Ctrl Pts',(-108.354150899735,71.7100618781733,92.1139527269956));
#4349=CARTESIAN_POINT('Ctrl Pts',(-108.425713424151,68.9642506150461,91.7903490376574));
#4350=CARTESIAN_POINT('Ctrl Pts',(-108.494770151879,66.2176874388533,91.472971928502));
#4351=CARTESIAN_POINT('Ctrl Pts',(-108.561299252922,63.4703193859816,91.1622048420183));
#4352=CARTESIAN_POINT('Ctrl Pts',(-108.625275662721,60.7221434492159,90.8584813351634));
#4353=CARTESIAN_POINT('Ctrl Pts',(-108.68667462234,57.9730544046681,90.5622587787007));
#4354=CARTESIAN_POINT('Ctrl Pts',(-108.765061437219,54.3065108397396,90.1780089807492));
#4355=CARTESIAN_POINT('Ctrl Pts',(-108.838187281096,50.6374573673776,89.8108277035311));
#4356=CARTESIAN_POINT('Ctrl Pts',(-108.905912976749,46.9659363480927,89.463202613653));
#4357=CARTESIAN_POINT('Ctrl Pts',(-108.953968559242,44.2111551423208,89.2129568042513));
#4358=CARTESIAN_POINT('Ctrl Pts',(-108.999248387038,41.4552349391157,88.9738768951724));
#4359=CARTESIAN_POINT('Ctrl Pts',(-109.055868938836,37.779248894195,88.6709594648024));
#4360=CARTESIAN_POINT('Ctrl Pts',(-109.106784220673,34.1011520408392,88.3932898284493));
#4361=CARTESIAN_POINT('Ctrl Pts',(-109.151846505942,30.4211689751207,88.1437430131117));
#4362=CARTESIAN_POINT('Ctrl Pts',(-109.19296376698,26.7399193992021,87.91381262755));
#4363=CARTESIAN_POINT('Ctrl Pts',(-109.23688204832,22.1363288234378,87.6647783161034));
#4364=CARTESIAN_POINT('Ctrl Pts',(-109.270671943185,17.5299529475702,87.4701871613548));
#4365=CARTESIAN_POINT('Ctrl Pts',(-109.291584875013,13.8431062898664,87.3481057489553));
#4366=CARTESIAN_POINT('Ctrl Pts',(-109.304212255543,11.077442312162,87.273296220191));
#4367=CARTESIAN_POINT('Ctrl Pts',(-109.31379280355,8.31130083852322,87.215074779134));
#4368=CARTESIAN_POINT('Ctrl Pts',(-109.322535036281,4.62281123553001,87.159014517036));
#4369=CARTESIAN_POINT('Ctrl Pts',(-109.324606389548,1.85631721759572,87.1403487776279));
#4370=CARTESIAN_POINT('Ctrl Pts',(-109.324059425398,0.00811285696344865,
87.1371159821602));
#4371=CARTESIAN_POINT('Ctrl Pts',(-109.324058230535,0.00407609622424681,
87.1371088190956));
#4372=CARTESIAN_POINT('Ctrl Pts',(-109.324057010552,2.89739100589362E-12,
87.1371016944293));
#4373=CARTESIAN_POINT('Ctrl Pts',(110.734901770115,-102.286158245201,147.002912018809));
#4374=CARTESIAN_POINT('Ctrl Pts',(105.819273209235,-96.3210684398479,127.607231349481));
#4375=CARTESIAN_POINT('Ctrl Pts',(95.6837335339703,-82.897735457582,110.281754803512));
#4376=CARTESIAN_POINT('Ctrl Pts',(87.3222064318557,-72.0091232549465,84.9453132711626));
#4377=CARTESIAN_POINT('Ctrl Pts',(115.877533787684,-96.7248761353182,147.340556479926));
#4378=CARTESIAN_POINT('Ctrl Pts',(110.711243108136,-90.9495679474365,128.464458919634));
#4379=CARTESIAN_POINT('Ctrl Pts',(99.9593538620441,-77.9384638403728,112.071529977248));
#4380=CARTESIAN_POINT('Ctrl Pts',(91.1064779986981,-67.3872258023419,86.8797712394481));
#4381=CARTESIAN_POINT('Ctrl Pts',(125.3231672141,-84.8435380341709,148.009662400014));
#4382=CARTESIAN_POINT('Ctrl Pts',(119.658425881354,-79.5030477676857,130.163216364537));
#4383=CARTESIAN_POINT('Ctrl Pts',(107.666636599773,-67.4479546356408,115.618305660796));
#4384=CARTESIAN_POINT('Ctrl Pts',(97.8248227717055,-57.6741286555821,90.7132630564339));
#4385=CARTESIAN_POINT('Ctrl Pts',(136.648342146178,-65.1794053853509,148.921157205618));
#4386=CARTESIAN_POINT('Ctrl Pts',(130.278231206154,-60.7200566438722,132.477362063329));
#4387=CARTESIAN_POINT('Ctrl Pts',(116.500206690721,-50.6208578848216,120.44992874936));
#4388=CARTESIAN_POINT('Ctrl Pts',(105.240052209537,-42.4394607619933,95.9354674542708));
#4389=CARTESIAN_POINT('Ctrl Pts',(147.644410231063,-37.1353218431979,149.915444756258));
#4390=CARTESIAN_POINT('Ctrl Pts',(140.465265648207,-34.217301162033,135.001705860497));
#4391=CARTESIAN_POINT('Ctrl Pts',(124.622525720022,-27.5796518837365,125.720417025114));
#4392=CARTESIAN_POINT('Ctrl Pts',(111.724203090054,-22.2061823163006,101.632014256016));
#4393=CARTESIAN_POINT('Ctrl Pts',(151.007638219337,-14.7949170589817,150.302069103162));
#4394=CARTESIAN_POINT('Ctrl Pts',(143.489368346599,-13.4998166411779,135.983285858471));
#4395=CARTESIAN_POINT('Ctrl Pts',(126.772033985673,-10.5447225543245,127.769823241827));
#4396=CARTESIAN_POINT('Ctrl Pts',(113.180492511512,-8.15249033462197,103.847091459203));
#4397=CARTESIAN_POINT('Ctrl Pts',(151.004801431244,12.9353961926961,150.302069103162));
#4398=CARTESIAN_POINT('Ctrl Pts',(143.48711410014,11.8035447617399,135.983285858471));
#4399=CARTESIAN_POINT('Ctrl Pts',(126.769833849281,9.22091953194902,127.769823241827));
#4400=CARTESIAN_POINT('Ctrl Pts',(113.179345494909,7.13021243604103,103.847091459203));
#4401=CARTESIAN_POINT('Ctrl Pts',(150.009154353682,40.8906811688236,150.202976602962));
#4402=CARTESIAN_POINT('Ctrl Pts',(142.481141262306,37.2219107032233,135.73170517835));
#4403=CARTESIAN_POINT('Ctrl Pts',(126.035223876292,28.8835363289562,127.244556823492));
#4404=CARTESIAN_POINT('Ctrl Pts',(112.620768147335,22.1323685792586,103.279363275613));
#4405=CARTESIAN_POINT('Ctrl Pts',(144.713137614195,87.2997957955301,149.806693975387));
#4406=CARTESIAN_POINT('Ctrl Pts',(137.297949542762,79.2044693503459,134.725604285102));
#4407=CARTESIAN_POINT('Ctrl Pts',(122.208596640424,60.9141484656385,125.143954295406));
#4408=CARTESIAN_POINT('Ctrl Pts',(109.727971994371,46.0883590684498,101.008951126486));
#4409=CARTESIAN_POINT('Ctrl Pts',(135.407843240217,136.601127274875,149.212401093862));
#4410=CARTESIAN_POINT('Ctrl Pts',(128.318929129803,123.640286758388,133.216785686083));
#4411=CARTESIAN_POINT('Ctrl Pts',(115.502269267564,94.4710007571285,121.993745221155));
#4412=CARTESIAN_POINT('Ctrl Pts',(104.632883384606,70.8104878141191,97.604083780645));
#4413=CARTESIAN_POINT('Ctrl Pts',(122.539200474558,187.449729188173,148.469731581712));
#4414=CARTESIAN_POINT('Ctrl Pts',(115.993487334609,169.333610485232,131.33126154859));
#4415=CARTESIAN_POINT('Ctrl Pts',(106.153621255962,128.685048384441,118.057025955158));
#4416=CARTESIAN_POINT('Ctrl Pts',(97.4328872998529,95.6938354631832,93.3491259151188));
#4417=CARTESIAN_POINT('Ctrl Pts',(112.313388111976,221.65860271985,147.908789902079));
#4418=CARTESIAN_POINT('Ctrl Pts',(106.223917205356,199.991465218911,129.907116542808));
#4419=CARTESIAN_POINT('Ctrl Pts',(98.5756193294112,151.457604196124,115.083603886275));
#4420=CARTESIAN_POINT('Ctrl Pts',(91.4567623633641,112.054381894092,90.1353367763301));
#4421=CARTESIAN_POINT('Ctrl Pts',(107.050249779931,238.698823275304,147.620134164933));
#4422=CARTESIAN_POINT('Ctrl Pts',(101.189967024815,215.242484882727,129.174263839269));
#4423=CARTESIAN_POINT('Ctrl Pts',(94.6021793735452,162.739713338461,113.553506604682));
#4424=CARTESIAN_POINT('Ctrl Pts',(88.26163785435,120.108515559936,88.481548679331));
#4425=CARTESIAN_POINT('',(113.179927326217,5.55111512312578E-15,103.847717939172));
#4426=CARTESIAN_POINT('Ctrl Pts',(113.179927274067,2.38644010222006E-10,
103.847717706183));
#4427=CARTESIAN_POINT('Ctrl Pts',(113.179927272988,-2.06896613759319E-6,
103.847717704304));
#4428=CARTESIAN_POINT('Ctrl Pts',(113.179927271909,-4.13817092552102E-6,
103.847717702426));
#4429=CARTESIAN_POINT('Ctrl Pts',(113.179925219958,-0.00393865514168483,
103.847714130746));
#4430=CARTESIAN_POINT('Ctrl Pts',(113.179923251079,-0.00791637628171983,
103.847710941183));
#4431=CARTESIAN_POINT('Ctrl Pts',(113.179462724577,-0.875935860800803,103.846907924239));
#4432=CARTESIAN_POINT('Ctrl Pts',(113.179899422847,-2.58632331212952,103.85285642343));
#4433=CARTESIAN_POINT('Ctrl Pts',(113.188143711134,-5.10841123863545,103.897952628482));
#4434=CARTESIAN_POINT('Ctrl Pts',(113.206488095818,-7.59436280225295,103.989668419767));
#4435=CARTESIAN_POINT('Ctrl Pts',(113.246231507572,-10.8690189723573,104.182725906497));
#4436=CARTESIAN_POINT('Ctrl Pts',(113.326821061812,-14.89991962109,104.568843355061));
#4437=CARTESIAN_POINT('Ctrl Pts',(113.473053675708,-19.6717549753948,105.274789995297));
#4438=CARTESIAN_POINT('Ctrl Pts',(113.66316648487,-24.3944535776051,106.211705279698));
#4439=CARTESIAN_POINT('Ctrl Pts',(113.850380466646,-28.2922710700123,107.164309870604));
#4440=CARTESIAN_POINT('Ctrl Pts',(114.011757329097,-31.3911206737055,108.015539271817));
#4441=CARTESIAN_POINT('Ctrl Pts',(114.178719616629,-34.4761014271169,108.921273651583));
#4442=CARTESIAN_POINT('Ctrl Pts',(114.393859783509,-38.3056024685058,110.146744678913));
#4443=CARTESIAN_POINT('Ctrl Pts',(114.606169593666,-42.0904163951402,111.473445443988));
#4444=CARTESIAN_POINT('Ctrl Pts',(114.76787312266,-45.0901834607394,112.585869498088));
#4445=CARTESIAN_POINT('Ctrl Pts',(114.922179999345,-48.0718884923052,113.730508312654));
#4446=CARTESIAN_POINT('Ctrl Pts',(115.097120038757,-51.7591388466087,115.21570622193));
#4447=CARTESIAN_POINT('Ctrl Pts',(115.238615343624,-55.3844091332482,116.763773220883));
#4448=CARTESIAN_POINT('Ctrl Pts',(115.326699076567,-58.2417775592175,118.036028488628));
#4449=CARTESIAN_POINT('Ctrl Pts',(115.396600299472,-61.0688499319581,119.329974036662));
#4450=CARTESIAN_POINT('Ctrl Pts',(115.447189482883,-64.5434200467511,120.987034290716));
#4451=CARTESIAN_POINT('Ctrl Pts',(115.442621804404,-67.9302591076913,122.694360568222));
#4452=CARTESIAN_POINT('Ctrl Pts',(115.402802824482,-70.5850170999282,124.09095644264));
#4453=CARTESIAN_POINT('Ctrl Pts',(115.353998263396,-72.5542632101674,125.157319237198));
#4454=CARTESIAN_POINT('Ctrl Pts',(115.28549636397,-74.4974360249681,126.241103172023));
#4455=CARTESIAN_POINT('Ctrl Pts',(115.167003848151,-77.0528369118576,127.709839955768));
#4456=CARTESIAN_POINT('Ctrl Pts',(114.966401889058,-80.1752505133081,129.58898300596));
#4457=CARTESIAN_POINT('Ctrl Pts',(114.692437178163,-83.1927017410152,131.524377842863));
#4458=CARTESIAN_POINT('Ctrl Pts',(114.427781984805,-85.538509245737,133.105185761942));
#4459=CARTESIAN_POINT('Ctrl Pts',(114.132437602765,-87.8377420438984,134.707386489435));
#4460=CARTESIAN_POINT('Ctrl Pts',(113.705136158002,-90.6214485957211,136.749154211136));
#4461=CARTESIAN_POINT('Ctrl Pts',(113.097962719171,-93.8120714848845,139.259819122096));
#4462=CARTESIAN_POINT('Ctrl Pts',(112.395690479919,-96.8474717739543,141.827981497281));
#4463=CARTESIAN_POINT('Ctrl Pts',(111.613285681731,-99.6705349501551,144.401352829426));
#4464=CARTESIAN_POINT('Ctrl Pts',(111.03195923896,-101.447054799314,146.146892383658));
#4465=CARTESIAN_POINT('Ctrl Pts',(110.734907332244,-102.286163450444,147.002908846427));
#4466=CARTESIAN_POINT('Ctrl Pts',(105.723181291034,232.962953607177,143.52250256175));
#4467=CARTESIAN_POINT('Ctrl Pts',(105.868818179906,231.887102186698,143.302530366967));
#4468=CARTESIAN_POINT('Ctrl Pts',(106.247832256791,229.055743405159,142.725458706795));
#4469=CARTESIAN_POINT('Ctrl Pts',(106.843993982884,224.46461229621,141.797394640377));
#4470=CARTESIAN_POINT('Ctrl Pts',(107.502516127244,219.187162085157,140.74110047117));
#4471=CARTESIAN_POINT('Ctrl Pts',(108.134634475622,213.902833971986,139.693463879961));
#4472=CARTESIAN_POINT('Ctrl Pts',(108.739846396173,208.611598358605,138.653975989866));
#4473=CARTESIAN_POINT('Ctrl Pts',(109.317677480219,203.313472803897,137.62209277857));
#4474=CARTESIAN_POINT('Ctrl Pts',(109.867683353457,198.008526228438,136.597237308416));
#4475=CARTESIAN_POINT('Ctrl Pts',(110.389452918505,192.696870310567,135.578799049297));
#4476=CARTESIAN_POINT('Ctrl Pts',(110.882610212491,187.3786665092,134.566136097616));
#4477=CARTESIAN_POINT('Ctrl Pts',(111.346817998348,182.054109812423,133.558573088625));
#4478=CARTESIAN_POINT('Ctrl Pts',(111.781778637212,176.72345466085,132.555407251617));
#4479=CARTESIAN_POINT('Ctrl Pts',(112.187240232017,171.386963642085,131.555900628827));
#4480=CARTESIAN_POINT('Ctrl Pts',(112.562993596075,166.045002171474,130.559300162501));
#4481=CARTESIAN_POINT('Ctrl Pts',(112.90888748357,160.697859050351,129.564807973343));
#4482=CARTESIAN_POINT('Ctrl Pts',(113.224810705392,155.346084273856,128.571649037624));
#4483=CARTESIAN_POINT('Ctrl Pts',(113.510738551956,149.989869092871,127.578962937076));
#4484=CARTESIAN_POINT('Ctrl Pts',(113.766779259364,144.627734776513,126.58557047244));
#4485=CARTESIAN_POINT('Ctrl Pts',(113.992971528851,139.260621623235,125.590741794787));
#4486=CARTESIAN_POINT('Ctrl Pts',(114.189474423432,133.888829156939,124.593644383406));
#4487=CARTESIAN_POINT('Ctrl Pts',(114.35651697317,128.513009693964,123.593547663819));
#4488=CARTESIAN_POINT('Ctrl Pts',(114.494438436857,123.13368998342,122.589760245934));
#4489=CARTESIAN_POINT('Ctrl Pts',(114.603686228023,117.751523182176,121.581709754602));
#4490=CARTESIAN_POINT('Ctrl Pts',(114.684838925522,112.367160753167,120.568960827587));
#4491=CARTESIAN_POINT('Ctrl Pts',(114.738619249656,106.981326309778,119.551281304826));
#4492=CARTESIAN_POINT('Ctrl Pts',(114.765915839115,101.594782531789,118.528701204844));
#4493=CARTESIAN_POINT('Ctrl Pts',(114.767803710823,96.208356276347,117.501598181779));
#4494=CARTESIAN_POINT('Ctrl Pts',(114.745568694112,90.8229292726575,116.470794196964));
#4495=CARTESIAN_POINT('Ctrl Pts',(114.700732595262,85.4394500911515,115.437676907754));
#4496=CARTESIAN_POINT('Ctrl Pts',(114.635079466098,80.0589201215368,114.404338429122));
#4497=CARTESIAN_POINT('Ctrl Pts',(114.550681777763,74.6824045116287,113.373742016221));
#4498=CARTESIAN_POINT('Ctrl Pts',(114.449923049925,69.3109811265295,112.349897909118));
#4499=CARTESIAN_POINT('Ctrl Pts',(114.335517285833,63.9457715983046,111.338069754252));
#4500=CARTESIAN_POINT('Ctrl Pts',(114.210514433365,58.5877739648218,110.344944313145));
#4501=CARTESIAN_POINT('Ctrl Pts',(114.078298951562,53.2380026627733,109.378838957241));
#4502=CARTESIAN_POINT('Ctrl Pts',(113.942552199689,47.8970145589493,108.449730857145));
#4503=CARTESIAN_POINT('Ctrl Pts',(113.807168946662,42.5637826973523,107.569102577347));
#4504=CARTESIAN_POINT('Ctrl Pts',(113.676257797149,37.2390795738683,106.750358166273));
#4505=CARTESIAN_POINT('Ctrl Pts',(113.553923147083,31.9222744581247,106.007815370329));
#4506=CARTESIAN_POINT('Ctrl Pts',(113.444099092527,26.6118480936761,105.356090025001));
#4507=CARTESIAN_POINT('Ctrl Pts',(113.350312933951,21.3050353762726,104.808934785519));
#4508=CARTESIAN_POINT('Ctrl Pts',(113.275425940568,15.9974346266938,104.377846592283));
#4509=CARTESIAN_POINT('Ctrl Pts',(113.221343694922,10.6824194177264,104.070446888627));
#4510=CARTESIAN_POINT('Ctrl Pts',(113.188783295461,5.35407173673659,103.8891703115));
#4511=CARTESIAN_POINT('Ctrl Pts',(113.18085971824,1.78790307775314,103.849340772841));
#4512=CARTESIAN_POINT('Ctrl Pts',(113.179927274067,2.38644010222006E-10,
103.847717706183));
#4513=CARTESIAN_POINT('Ctrl Pts',(0.,-1140.,25.0000000000003));
#4514=CARTESIAN_POINT('Ctrl Pts',(0.,-1140.,32.0000000000003));
#4515=CARTESIAN_POINT('Ctrl Pts',(-2.09630015042387E-35,-1139.29211016541,
47.8281359594101));
#4516=CARTESIAN_POINT('Ctrl Pts',(-6.09417373875743E-35,-1128.9244750665,
72.7586629854514));
#4517=CARTESIAN_POINT('Ctrl Pts',(-7.45138143773216E-35,-1107.80129113497,
94.4110810962396));
#4518=CARTESIAN_POINT('Ctrl Pts',(-1.0002852862158E-34,-1087.51193293475,
107.91884800376));
#4519=CARTESIAN_POINT('Ctrl Pts',(-1.03544497734207E-34,-1062.36932632608,
121.3475088013));
#4520=CARTESIAN_POINT('Ctrl Pts',(-1.95904141845358E-34,-1034.81237196499,
132.941537648627));
#4521=CARTESIAN_POINT('Ctrl Pts',(-2.18976867047371E-34,-994.672803907208,
145.616816793577));
#4522=CARTESIAN_POINT('Ctrl Pts',(-2.77432104228389E-34,-948.586926576314,
157.799718280891));
#4523=CARTESIAN_POINT('Ctrl Pts',(-3.99066354843215E-34,-893.324635841498,
169.082028678333));
#4524=CARTESIAN_POINT('Ctrl Pts',(-4.4890534030041E-34,-837.066283775852,
177.94144776004));
#4525=CARTESIAN_POINT('Ctrl Pts',(-4.81387968035185E-34,-802.756961518184,
182.691505701792));
#4526=CARTESIAN_POINT('Ctrl Pts',(-5.26824945289397E-34,-758.118052940682,
188.360245010729));
#4527=CARTESIAN_POINT('Ctrl Pts',(-8.49589694977905E-34,-690.869420152897,
195.521517954046));
#4528=CARTESIAN_POINT('Ctrl Pts',(-1.20286096737797E-33,-596.539178892839,
203.15992296991));
#4529=CARTESIAN_POINT('Ctrl Pts',(-1.52016091069727E-33,-496.164449820086,
209.223984841178));
#4530=CARTESIAN_POINT('Ctrl Pts',(-2.31705005300975E-33,-392.039570899772,
213.773494127145));
#4531=CARTESIAN_POINT('Ctrl Pts',(-3.23917963445957E-33,-286.910141657217,
216.932999367069));
#4532=CARTESIAN_POINT('Ctrl Pts',(-4.35966106401846E-33,-183.886448667848,
218.881987385331));
#4533=CARTESIAN_POINT('Ctrl Pts',(-5.94870745348421E-33,-102.616384420849,
219.684669047944));
#4534=CARTESIAN_POINT('Ctrl Pts',(-6.63709418819571E-33,-49.6885903397926,
219.926688480502));
#4535=CARTESIAN_POINT('Ctrl Pts',(-6.80512081543892E-33,-20.8005922265071,
219.99032537793));
#4536=CARTESIAN_POINT('Ctrl Pts',(-7.04368116113051E-33,-6.84580206621639,
220.000003443738));
#4537=CARTESIAN_POINT('Ctrl Pts',(-6.59117624015995E-33,70.0000150389732,
220.000005157178));
#4538=CARTESIAN_POINT('Ctrl Pts',(9.22411973243139E-17,205.380010026744,
217.65000162848));
#4539=CARTESIAN_POINT('Ctrl Pts',(8.11722536453963E-16,584.544001250433,
199.320000901124));
#4540=CARTESIAN_POINT('Ctrl Pts',(3.13620070902667E-15,1054.91999998456,
140.099999583486));
#4541=CARTESIAN_POINT('Ctrl Pts',(4.6120598662157E-15,1349.,102.5));
#4542=CARTESIAN_POINT('Ctrl Pts',(4.6120598662157E-15,1469.,102.5));
#4543=CARTESIAN_POINT('Ctrl Pts',(0.,-1140.,25.0000000000003));
#4544=CARTESIAN_POINT('Ctrl Pts',(0.679232549097821,-1140.,31.9977259510048));
#4545=CARTESIAN_POINT('Ctrl Pts',(2.06140838066064,-1139.29211016541,47.8261693792096));
#4546=CARTESIAN_POINT('Ctrl Pts',(3.9214422291033,-1128.9244750665,72.7567650323811));
#4547=CARTESIAN_POINT('Ctrl Pts',(5.41168366993164,-1107.80129113497,94.4089720734684));
#4548=CARTESIAN_POINT('Ctrl Pts',(6.31027871564789,-1087.51193293475,107.916775012961));
#4549=CARTESIAN_POINT('Ctrl Pts',(7.19432470434684,-1062.36932632608,121.345382473182));
#4550=CARTESIAN_POINT('Ctrl Pts',(7.95046848574772,-1034.81237196499,132.939444579112));
#4551=CARTESIAN_POINT('Ctrl Pts',(8.78269984264571,-994.672803907208,145.61503000646));
#4552=CARTESIAN_POINT('Ctrl Pts',(9.5909999713127,-948.586926576314,157.798232862483));
#4553=CARTESIAN_POINT('Ctrl Pts',(10.3594133201518,-893.324635841498,169.080662160285));
#4554=CARTESIAN_POINT('Ctrl Pts',(10.989742015135,-837.066283775852,177.940640743273));
#4555=CARTESIAN_POINT('Ctrl Pts',(11.336933852723,-802.756961518184,182.691042439028));
#4556=CARTESIAN_POINT('Ctrl Pts',(11.7596758924874,-758.118052940682,188.360226863635));
#4557=CARTESIAN_POINT('Ctrl Pts',(12.3189667177093,-690.869420152897,195.521450631351));
#4558=CARTESIAN_POINT('Ctrl Pts',(12.9682339137409,-596.539178892839,203.160149387332));
#4559=CARTESIAN_POINT('Ctrl Pts',(13.540903590549,-496.164449820086,209.224849230545));
#4560=CARTESIAN_POINT('Ctrl Pts',(14.0303506306657,-392.039570899773,213.774398635884));
#4561=CARTESIAN_POINT('Ctrl Pts',(14.429667978069,-286.910141657217,216.934132377234));
#4562=CARTESIAN_POINT('Ctrl Pts',(14.7321320354437,-183.886448667848,218.883199122002));
#4563=CARTESIAN_POINT('Ctrl Pts',(14.8978321050755,-102.616384420849,219.685779020891));
#4564=CARTESIAN_POINT('Ctrl Pts',(14.9654911359603,-49.6885903397927,219.927823518022));
#4565=CARTESIAN_POINT('Ctrl Pts',(14.9899252709589,-20.8005922265072,219.991475264116));
#4566=CARTESIAN_POINT('Ctrl Pts',(14.9973297752202,-6.8458020662165,220.001156328515));
#4567=CARTESIAN_POINT('Ctrl Pts',(15.0252066357055,70.0000150389732,220.001022513189));
#4568=CARTESIAN_POINT('Ctrl Pts',(14.88707860036,205.380010026744,217.650442924416));
#4569=CARTESIAN_POINT('Ctrl Pts',(13.5344679028649,584.544001250434,199.320129685675));
#4570=CARTESIAN_POINT('Ctrl Pts',(8.7223134145407,1054.91999998456,140.099994691148));
#4571=CARTESIAN_POINT('Ctrl Pts',(4.66388211619432,1349.,102.500000000004));
#4572=CARTESIAN_POINT('Ctrl Pts',(3.73378432012114,1469.,102.5));
#4573=CARTESIAN_POINT('Ctrl Pts',(0.,-1140.,25.0000000000003));
#4574=CARTESIAN_POINT('Ctrl Pts',(2.03292448596281,-1140.,31.5844975596435));
#4575=CARTESIAN_POINT('Ctrl Pts',(6.15595524006287,-1138.87130827504,46.58180456082));
#4576=CARTESIAN_POINT('Ctrl Pts',(11.6574849497944,-1126.89664827962,70.4211944916348));
#4577=CARTESIAN_POINT('Ctrl Pts',(16.0206877557645,-1104.000773691,91.2378484210238));
#4578=CARTESIAN_POINT('Ctrl Pts',(18.6271851218153,-1082.5223493987,104.269098274921));
#4579=CARTESIAN_POINT('Ctrl Pts',(21.1750106054895,-1056.18275567361,117.249919431145));
#4580=CARTESIAN_POINT('Ctrl Pts',(23.3351726425746,-1027.58851000572,128.486116647619));
#4581=CARTESIAN_POINT('Ctrl Pts',(25.6826853792655,-986.378229506808,140.812199885799));
#4582=CARTESIAN_POINT('Ctrl Pts',(27.9412006958703,-939.330074547885,152.689283645308));
#4583=CARTESIAN_POINT('Ctrl Pts',(30.0540464843242,-883.315746129468,163.735994983143));
#4584=CARTESIAN_POINT('Ctrl Pts',(31.7567120502301,-826.651987541088,172.4549852763));
#4585=CARTESIAN_POINT('Ctrl Pts',(32.6856026806693,-792.190577907926,177.143597453801));
#4586=CARTESIAN_POINT('Ctrl Pts',(33.8090768404118,-747.430582631098,182.751104592427));
#4587=CARTESIAN_POINT('Ctrl Pts',(35.2739390223788,-680.212959357395,189.870145579985));
#4588=CARTESIAN_POINT('Ctrl Pts',(36.9366956137807,-586.335143321361,197.531528060211));
#4589=CARTESIAN_POINT('Ctrl Pts',(38.3686528111359,-486.83007448645,203.684866901748));
#4590=CARTESIAN_POINT('Ctrl Pts',(39.5616627271436,-383.975883168919,208.374655204852));
#4591=CARTESIAN_POINT('Ctrl Pts',(40.5098036922059,-280.480315999604,211.704961387559));
#4592=CARTESIAN_POINT('Ctrl Pts',(41.2084858926099,-179.396234775859,213.83133152336));
#4593=CARTESIAN_POINT('Ctrl Pts',(41.5798854936837,-99.9348784751373,214.764669892484));
#4594=CARTESIAN_POINT('Ctrl Pts',(41.727777071596,-48.3352836824475,215.076299166895));
#4595=CARTESIAN_POINT('Ctrl Pts',(41.7800338418568,-20.2178891285428,215.171604634768));
#4596=CARTESIAN_POINT('Ctrl Pts',(41.7953704920393,-6.65126347937456,215.194106410744));
#4597=CARTESIAN_POINT('Ctrl Pts',(41.8510261632197,68.0108624192409,215.256809963363));
#4598=CARTESIAN_POINT('Ctrl Pts',(41.4295078518011,199.617995715816,213.055263632617));
#4599=CARTESIAN_POINT('Ctrl Pts',(37.5836620777156,569.04241868876,195.337339835916));
#4600=CARTESIAN_POINT('Ctrl Pts',(24.2183005616456,1032.02888824635,137.521827187784));
#4601=CARTESIAN_POINT('Ctrl Pts',(13.38919791302,1337.19585097776,101.062834477484));
#4602=CARTESIAN_POINT('Ctrl Pts',(11.2012444744429,1469.,101.406652741967));
#4603=CARTESIAN_POINT('Ctrl Pts',(0.,-1140.,25.0000000000003));
#4604=CARTESIAN_POINT('Ctrl Pts',(3.68810104104135,-1140.,30.4144364603874));
#4605=CARTESIAN_POINT('Ctrl Pts',(11.2181363182849,-1137.4452649243,42.9032405033855));
#4606=CARTESIAN_POINT('Ctrl Pts',(21.3493652748459,-1120.02465585004,63.0599964272459));
#4607=CARTESIAN_POINT('Ctrl Pts',(29.3793233121146,-1091.12143468969,80.8449599069928));
#4608=CARTESIAN_POINT('Ctrl Pts',(34.1533465817905,-1065.61347037535,92.0639136849437));
#4609=CARTESIAN_POINT('Ctrl Pts',(38.7981110052598,-1035.21749301743,103.293393640432));
#4610=CARTESIAN_POINT('Ctrl Pts',(42.7084398234498,-1003.10804382781,113.075643343192));
#4611=CARTESIAN_POINT('Ctrl Pts',(46.9042800330362,-958.269294524524,123.906060795832));
#4612=CARTESIAN_POINT('Ctrl Pts',(50.9001425366086,-907.960132096525,134.414303968598));
#4613=CARTESIAN_POINT('Ctrl Pts',(54.5695348758043,-849.397253043498,144.306354422151));
#4614=CARTESIAN_POINT('Ctrl Pts',(57.4593094596824,-791.359610452107,152.230061830367));
#4615=CARTESIAN_POINT('Ctrl Pts',(59.0154758817628,-756.382782580039,156.527239556044));
#4616=CARTESIAN_POINT('Ctrl Pts',(60.8801551435259,-711.212417984241,161.698357696359));
#4617=CARTESIAN_POINT('Ctrl Pts',(63.2621088801596,-644.099837348998,168.354783997307));
#4618=CARTESIAN_POINT('Ctrl Pts',(65.8735009259967,-551.755152597314,175.699791061396));
#4619=CARTESIAN_POINT('Ctrl Pts',(68.0343682041918,-455.197156966212,181.78945646325));
#4620=CARTESIAN_POINT('Ctrl Pts',(69.7548503229352,-356.649067606001,186.626110697771));
#4621=CARTESIAN_POINT('Ctrl Pts',(71.053546858952,-258.690369281243,190.257458052881));
#4622=CARTESIAN_POINT('Ctrl Pts',(71.9557552332436,-164.179339172494,192.768767418358));
#4623=CARTESIAN_POINT('Ctrl Pts',(72.4019129760521,-90.8474749729893,194.025569696382));
#4624=CARTESIAN_POINT('Ctrl Pts',(72.567227519575,-43.7490240985468,194.526914677134));
#4625=CARTESIAN_POINT('Ctrl Pts',(72.6215400485977,-18.2431455689586,194.714485331119));
#4626=CARTESIAN_POINT('Ctrl Pts',(72.6356072597262,-5.99198386071568,194.776806758476));
#4627=CARTESIAN_POINT('Ctrl Pts',(72.6786414185802,61.2697433222929,195.042550411966));
#4628=CARTESIAN_POINT('Ctrl Pts',(71.852704962491,180.091165877446,193.391901425068));
#4629=CARTESIAN_POINT('Ctrl Pts',(64.9480021452436,516.510874655313,178.209733789012));
#4630=CARTESIAN_POINT('Ctrl Pts',(41.7394854054363,954.460445456861,126.734956590803));
#4631=CARTESIAN_POINT('Ctrl Pts',(24.1577239461481,1297.19812827442,95.1364926249384));
#4632=CARTESIAN_POINT('Ctrl Pts',(21.4602692449564,1469.,96.6207493704222));
#4633=CARTESIAN_POINT('Ctrl Pts',(0.,-1140.,25.0000000000003));
#4634=CARTESIAN_POINT('Ctrl Pts',(4.75290154310602,-1140.,28.9620523798977));
#4635=CARTESIAN_POINT('Ctrl Pts',(14.6011405828012,-1135.69194621433,38.1949914452366));
#4636=CARTESIAN_POINT('Ctrl Pts',(28.1233522414169,-1111.57563928261,53.3031162886834));
#4637=CARTESIAN_POINT('Ctrl Pts',(38.9327639073938,-1075.28652234958,66.7895346697951));
#4638=CARTESIAN_POINT('Ctrl Pts',(45.3717635784894,-1044.82433452158,75.3790209176226));
#4639=CARTESIAN_POINT('Ctrl Pts',(51.6323246573092,-1009.44112896373,84.031877400813));
#4640=CARTESIAN_POINT('Ctrl Pts',(56.8942698801076,-973.009817049749,91.6339214806314));
#4641=CARTESIAN_POINT('Ctrl Pts',(62.5078759956074,-923.709935980076,100.158328002684));
#4642=CARTESIAN_POINT('Ctrl Pts',(67.8257536950021,-869.391416913022,108.50857577696));
#4643=CARTESIAN_POINT('Ctrl Pts',(72.6570636873587,-807.695112057773,116.500456157));
#4644=CARTESIAN_POINT('Ctrl Pts',(76.4054506533142,-747.968256593749,123.030915905684));
#4645=CARTESIAN_POINT('Ctrl Pts',(78.4059940426451,-712.357698257931,126.612540687099));
#4646=CARTESIAN_POINT('Ctrl Pts',(80.7873186589139,-666.682745901173,130.957502470774));
#4647=CARTESIAN_POINT('Ctrl Pts',(83.7832405168991,-599.699236096813,136.651566712098));
#4648=CARTESIAN_POINT('Ctrl Pts',(86.9787344431411,-509.239393854042,143.132440733147));
#4649=CARTESIAN_POINT('Ctrl Pts',(89.5337766877832,-416.304656407311,148.709904552108));
#4650=CARTESIAN_POINT('Ctrl Pts',(91.4826225510521,-323.050747302361,153.346139524348));
#4651=CARTESIAN_POINT('Ctrl Pts',(92.8765761139782,-231.899483071836,157.028762235567));
#4652=CARTESIAN_POINT('Ctrl Pts',(93.7796343890039,-145.469935714333,159.7674619106));
#4653=CARTESIAN_POINT('Ctrl Pts',(94.1836113315015,-79.6743001408174,161.286534502688));
#4654=CARTESIAN_POINT('Ctrl Pts',(94.3162195546733,-38.1100852909126,161.96707320356));
#4655=CARTESIAN_POINT('Ctrl Pts',(94.3536021621635,-15.8151334779894,162.249516190124));
#4656=CARTESIAN_POINT('Ctrl Pts',(94.3602237740506,-5.18137652578729,162.355734421569));
#4657=CARTESIAN_POINT('Ctrl Pts',(94.365486006084,52.9813017498435,162.855065680455));
#4658=CARTESIAN_POINT('Ctrl Pts',(93.1972304803242,156.082762227903,161.974592108157));
#4659=CARTESIAN_POINT('Ctrl Pts',(83.9705778065507,451.925737925013,150.770872073648));
#4660=CARTESIAN_POINT('Ctrl Pts',(53.7172203570957,859.101787517621,110.027957490749));
#4661=CARTESIAN_POINT('Ctrl Pts',(32.1759733074183,1248.02985429786,86.2515950982903));
#4662=CARTESIAN_POINT('Ctrl Pts',(29.9165618969681,1469.,89.0942576998311));
#4663=CARTESIAN_POINT('Ctrl Pts',(0.,-1140.,25.0000000000003));
#4664=CARTESIAN_POINT('Ctrl Pts',(5.10814697092857,-1140.,27.5732095580714));
#4665=CARTESIAN_POINT('Ctrl Pts',(15.8751375264204,-1134.34775545327,33.6512845749115));
#4666=CARTESIAN_POINT('Ctrl Pts',(31.0169245347333,-1105.09829545437,43.7897469564398));
#4667=CARTESIAN_POINT('Ctrl Pts',(43.2655077452428,-1063.14694219761,52.9870941664965));
#4668=CARTESIAN_POINT('Ctrl Pts',(50.5981642637455,-1028.88671302546,58.9200851773325));
#4669=CARTESIAN_POINT('Ctrl Pts',(57.7385303147884,-989.680162154335,64.9462606414658));
#4670=CARTESIAN_POINT('Ctrl Pts',(63.7479065142414,-949.935588100264,70.2974540025487));
#4671=CARTESIAN_POINT('Ctrl Pts',(70.152027300453,-897.215659074162,76.3909685427738));
#4672=CARTESIAN_POINT('Ctrl Pts',(76.2086468054369,-839.823420047127,82.4271579824445));
#4673=CARTESIAN_POINT('Ctrl Pts',(81.6876540459107,-775.724880168346,88.3136383658166));
#4674=CARTESIAN_POINT('Ctrl Pts',(85.9078087409712,-714.70294437685,93.2288368829996));
#4675=CARTESIAN_POINT('Ctrl Pts',(88.1497464077578,-678.606496259553,95.9565353297792));
#4676=CARTESIAN_POINT('Ctrl Pts',(90.8090273055037,-632.544639423665,99.2931467410591));
#4677=CARTESIAN_POINT('Ctrl Pts',(94.126856516877,-565.65996199297,103.744687896831));
#4678=CARTESIAN_POINT('Ctrl Pts',(97.6091690311184,-476.644929341632,108.964028806232));
#4679=CARTESIAN_POINT('Ctrl Pts',(100.33429091959,-386.48772964361,113.609825378217));
#4680=CARTESIAN_POINT('Ctrl Pts',(102.353684643075,-297.292375786993,117.623268557644));
#4681=CARTESIAN_POINT('Ctrl Pts',(103.742143554441,-211.359852272206,120.95640869523));
#4682=CARTESIAN_POINT('Ctrl Pts',(104.591944673152,-131.12589871236,123.571033456215));
#4683=CARTESIAN_POINT('Ctrl Pts',(104.937978622293,-71.1079893836173,125.126297666498));
#4684=CARTESIAN_POINT('Ctrl Pts',(105.037058975588,-33.7867539098993,125.877321491977));
#4685=CARTESIAN_POINT('Ctrl Pts',(105.059252664246,-13.9535832770733,126.208761899139));
#4686=CARTESIAN_POINT('Ctrl Pts',(105.059920368504,-4.55988400156316,126.341699163114));
#4687=CARTESIAN_POINT('Ctrl Pts',(105.037255329359,46.6265547864241,126.995274466164));
#4688=CARTESIAN_POINT('Ctrl Pts',(103.67354249554,137.67630981131,126.850257466608));
#4689=CARTESIAN_POINT('Ctrl Pts',(93.193335921394,402.414777980792,120.046735646278));
#4690=CARTESIAN_POINT('Ctrl Pts',(59.3097422036298,786.012359970495,92.1321776415229));
#4691=CARTESIAN_POINT('Ctrl Pts',(36.3295994202044,1210.34828983701,77.2464013468303));
#4692=CARTESIAN_POINT('Ctrl Pts',(34.866729840014,1469.,81.063755216621));
#4693=CARTESIAN_POINT('Ctrl Pts',(0.,-1140.,25.0000000000003));
#4694=CARTESIAN_POINT('Ctrl Pts',(5.1415162357909,-1140.,26.4221778232635));
#4695=CARTESIAN_POINT('Ctrl Pts',(16.1251361337095,-1133.57633032076,29.8695505457496));
#4696=CARTESIAN_POINT('Ctrl Pts',(31.8522313543345,-1101.38113643425,35.8385402570237));
#4697=CARTESIAN_POINT('Ctrl Pts',(44.6903563316505,-1056.1804809032,41.4052609524508));
#4698=CARTESIAN_POINT('Ctrl Pts',(52.4082412503036,-1019.7407343022,45.0669809396625));
#4699=CARTESIAN_POINT('Ctrl Pts',(59.9352788746081,-978.340143287998,48.8298435222795));
#4700=CARTESIAN_POINT('Ctrl Pts',(66.2810358942923,-936.694237279434,52.220452571396));
#4701=CARTESIAN_POINT('Ctrl Pts',(73.045860891628,-882.011675587868,56.1570955531337));
#4702=CARTESIAN_POINT('Ctrl Pts',(79.4421208387272,-822.855527864912,60.1095921949948));
#4703=CARTESIAN_POINT('Ctrl Pts',(85.2208905838996,-757.378381325094,64.0477817314585));
#4704=CARTESIAN_POINT('Ctrl Pts',(89.6587010031866,-695.613162186099,67.4136298873579));
#4705=CARTESIAN_POINT('Ctrl Pts',(92.0115611516964,-659.237821082017,69.304435625962));
#4706=CARTESIAN_POINT('Ctrl Pts',(94.7980581100805,-612.953852269824,71.6368386518303));
#4707=CARTESIAN_POINT('Ctrl Pts',(98.2614823291794,-546.125754659362,74.8038210286922));
#4708=CARTESIAN_POINT('Ctrl Pts',(101.868941123811,-457.939643069695,78.6223897206342));
#4709=CARTESIAN_POINT('Ctrl Pts',(104.662285011306,-369.376168194439,82.1256989468416));
#4710=CARTESIAN_POINT('Ctrl Pts',(106.70199473912,-282.509705430257,85.2537596476974));
#4711=CARTESIAN_POINT('Ctrl Pts',(108.075556261539,-199.571946627874,87.9493273584197));
#4712=CARTESIAN_POINT('Ctrl Pts',(108.890643496038,-122.89348209397,90.1576573252327));
#4713=CARTESIAN_POINT('Ctrl Pts',(109.205598119994,-66.1914283664012,91.548547813517));
#4714=CARTESIAN_POINT('Ctrl Pts',(109.289576282482,-31.3053695673726,92.2646677297434));
#4715=CARTESIAN_POINT('Ctrl Pts',(109.306111924704,-12.8851292319015,92.5973502398896));
#4716=CARTESIAN_POINT('Ctrl Pts',(109.305115238614,-4.2031701461768,92.7376910839769));
#4717=CARTESIAN_POINT('Ctrl Pts',(109.276822248079,42.9791636697859,93.4510329365457));
#4718=CARTESIAN_POINT('Ctrl Pts',(107.835039608407,127.112595533255,93.899466803765));
#4719=CARTESIAN_POINT('Ctrl Pts',(96.816301841923,374.004791171073,91.2106435045285));
#4720=CARTESIAN_POINT('Ctrl Pts',(61.3674665401896,744.087270390361,76.0700046248977));
#4721=CARTESIAN_POINT('Ctrl Pts',(38.1033128682986,1188.73871052848,69.690801586449));
#4722=CARTESIAN_POINT('Ctrl Pts',(37.3217113812084,1469.,73.9901484491544));
#4723=CARTESIAN_POINT('Ctrl Pts',(0.,-1140.,25.0000000000003));
#4724=CARTESIAN_POINT('Ctrl Pts',(5.10183438471074,-1140.,25.8657994672501));
#4725=CARTESIAN_POINT('Ctrl Pts',(16.058095775661,-1133.33089067627,28.0205249362971));
#4726=CARTESIAN_POINT('Ctrl Pts',(31.8595252029813,-1100.1985646143,31.9085597329807));
#4727=CARTESIAN_POINT('Ctrl Pts',(44.8057128160546,-1053.96423365642,35.640831937335));
#4728=CARTESIAN_POINT('Ctrl Pts',(52.6016438388325,-1016.83113833919,38.1425744414901));
#4729=CARTESIAN_POINT('Ctrl Pts',(60.2101394349266,-974.732577488551,40.7411567171507));
#4730=CARTESIAN_POINT('Ctrl Pts',(66.6285686593639,-932.481815368507,43.1130649805461));
#4731=CARTESIAN_POINT('Ctrl Pts',(73.4734594257416,-877.174884009158,45.9119243204289));
#4732=CARTESIAN_POINT('Ctrl Pts',(79.9454173814447,-817.457574517019,48.7524255877585));
#4733=CARTESIAN_POINT('Ctrl Pts',(85.790824323548,-751.541820011079,51.6295982587623));
#4734=CARTESIAN_POINT('Ctrl Pts',(90.2761857272428,-689.540089948934,54.1303592285302));
#4735=CARTESIAN_POINT('Ctrl Pts',(92.6528527822606,-653.075989876827,55.5472435924412));
#4736=CARTESIAN_POINT('Ctrl Pts',(95.466237826668,-606.721312347815,57.305169932989));
#4737=CARTESIAN_POINT('Ctrl Pts',(98.9589278686375,-539.911134273325,59.7207382162955));
#4738=CARTESIAN_POINT('Ctrl Pts',(102.588415695156,-451.988609158691,62.68684464657));
#4739=CARTESIAN_POINT('Ctrl Pts',(105.389750019665,-363.932028413877,65.4605655765265));
#4740=CARTESIAN_POINT('Ctrl Pts',(107.426097960033,-277.806360805901,67.9886822381514));
#4741=CARTESIAN_POINT('Ctrl Pts',(108.789055404322,-195.821282532573,70.2176051068145));
#4742=CARTESIAN_POINT('Ctrl Pts',(109.591097423385,-120.27396702172,72.0942909235962));
#4743=CARTESIAN_POINT('Ctrl Pts',(109.897688793904,-64.6269248251041,73.3211481688824));
#4744=CARTESIAN_POINT('Ctrl Pts',(109.979592235726,-30.51573934805,73.9807674604612));
#4745=CARTESIAN_POINT('Ctrl Pts',(109.996359216715,-12.5451159462741,74.2977193622495));
#4746=CARTESIAN_POINT('Ctrl Pts',(109.996003483491,-4.0896519416589,74.4356971345765));
#4747=CARTESIAN_POINT('Ctrl Pts',(109.972958182262,41.8184425704864,75.151205115181));
#4748=CARTESIAN_POINT('Ctrl Pts',(108.523030146434,123.751407159368,75.8899945075617));
#4749=CARTESIAN_POINT('Ctrl Pts',(97.4041924417488,364.968189605941,75.4492075319008));
#4750=CARTESIAN_POINT('Ctrl Pts',(61.6343475490728,730.760339755517,67.5684015769253));
#4751=CARTESIAN_POINT('Ctrl Pts',(38.4868728063628,1181.87255728566,65.9060202817477));
#4752=CARTESIAN_POINT('Ctrl Pts',(38.0247721048047,1469.,70.3132149912474));
#4753=CARTESIAN_POINT('Ctrl Pts',(0.,-1140.,25.0000000000003));
#4754=CARTESIAN_POINT('Ctrl Pts',(5.06628339679224,-1140.,25.518157550948));
#4755=CARTESIAN_POINT('Ctrl Pts',(15.9758354215417,-1133.2281134274,26.853652203062));
#4756=CARTESIAN_POINT('Ctrl Pts',(31.76465655874,-1099.70342575457,29.3981694609117));
#4757=CARTESIAN_POINT('Ctrl Pts',(44.7226836649407,-1053.03633233406,31.9317843082764));
#4758=CARTESIAN_POINT('Ctrl Pts',(52.532209688486,-1015.61295978832,33.669133762956));
#4759=CARTESIAN_POINT('Ctrl Pts',(60.1561449246484,-973.222186295948,35.4962398331081));
#4760=CARTESIAN_POINT('Ctrl Pts',(66.5904146942866,-930.718192786104,37.1886004548453));
#4761=CARTESIAN_POINT('Ctrl Pts',(73.4526456883411,-875.149852460341,39.220805232617));
#4762=CARTESIAN_POINT('Ctrl Pts',(79.9412341969891,-815.197590062045,41.3065982612119));
#4763=CARTESIAN_POINT('Ctrl Pts',(85.8010590136528,-749.098179101912,43.4547610420493));
#4764=CARTESIAN_POINT('Ctrl Pts',(90.2955900645547,-686.997394688179,45.3527793146898));
#4765=CARTESIAN_POINT('Ctrl Pts',(92.6764805779935,-650.49611083949,46.4369149641113));
#4766=CARTESIAN_POINT('Ctrl Pts',(95.4942662119418,-604.111798167372,47.7892964062256));
#4767=CARTESIAN_POINT('Ctrl Pts',(98.9907957664765,-537.30907130967,49.6679531295645));
#4768=CARTESIAN_POINT('Ctrl Pts',(102.620449054897,-449.496828775668,52.0130529699546));
#4769=CARTESIAN_POINT('Ctrl Pts',(105.417934109058,-361.652398902251,54.2435069277329));
#4770=CARTESIAN_POINT('Ctrl Pts',(107.44786512542,-275.836826138301,56.3132844520216));
#4771=CARTESIAN_POINT('Ctrl Pts',(108.803421995553,-194.250587367826,58.1750686011939));
#4772=CARTESIAN_POINT('Ctrl Pts',(109.599254254637,-119.176886992232,59.781019631742));
#4773=CARTESIAN_POINT('Ctrl Pts',(109.903617590427,-63.9716448658775,60.8663263674326));
#4774=CARTESIAN_POINT('Ctrl Pts',(109.986544574,-30.1849919743967,61.4727618280844));
#4775=CARTESIAN_POINT('Ctrl Pts',(110.004783771399,-12.4026915831144,61.7726713121866));
#4776=CARTESIAN_POINT('Ctrl Pts',(110.005485491743,-4.04210065139989,61.9066172183908));
#4777=CARTESIAN_POINT('Ctrl Pts',(109.989326409693,41.3322316786821,62.6121836266459));
#4778=CARTESIAN_POINT('Ctrl Pts',(108.545408435313,122.343792606091,63.5373145447513));
#4779=CARTESIAN_POINT('Ctrl Pts',(97.4177633792554,361.185690475095,64.6388653283067));
#4780=CARTESIAN_POINT('Ctrl Pts',(61.5831989333053,725.187475312745,61.8440129030751));
#4781=CARTESIAN_POINT('Ctrl Pts',(38.5800703603212,1179.00328157085,63.4437786193527));
#4782=CARTESIAN_POINT('Ctrl Pts',(38.3099273687552,1469.,67.8670182835235));
#4783=CARTESIAN_POINT('Ctrl Pts',(0.,-1140.,25.0000000000003));
#4784=CARTESIAN_POINT('Ctrl Pts',(5.05268105940958,-1140.,25.3948359588435));
#4785=CARTESIAN_POINT('Ctrl Pts',(15.9386000024211,-1133.19766048204,26.4177554309617));
#4786=CARTESIAN_POINT('Ctrl Pts',(31.7050104658722,-1099.55672686778,28.4112315354003));
#4787=CARTESIAN_POINT('Ctrl Pts',(44.6491747395715,-1052.76142153151,30.4359726070155));
#4788=CARTESIAN_POINT('Ctrl Pts',(52.4510413223999,-1015.2520508129,31.8426288945581));
#4789=CARTESIAN_POINT('Ctrl Pts',(60.0678584618867,-972.774705623541,33.3328940879827));
#4790=CARTESIAN_POINT('Ctrl Pts',(66.4954666431805,-930.195688774504,34.7250370973712));
#4791=CARTESIAN_POINT('Ctrl Pts',(73.3504950819995,-874.54990093629,36.4144088208005));
#4792=CARTESIAN_POINT('Ctrl Pts',(79.8314556715324,-814.528027761929,38.1599214202504));
#4793=CARTESIAN_POINT('Ctrl Pts',(85.6829321394847,-748.374201054701,39.9753294148565));
#4794=CARTESIAN_POINT('Ctrl Pts',(90.1697860551019,-686.244063875666,41.5949036137816));
#4795=CARTESIAN_POINT('Ctrl Pts',(92.5461232984581,-649.731759505714,42.5243816933558));
#4796=CARTESIAN_POINT('Ctrl Pts',(95.3580919683019,-603.338661175976,43.6874911054775));
#4797=CARTESIAN_POINT('Ctrl Pts',(98.8458737747318,-536.538132530265,45.3134415257953));
#4798=CARTESIAN_POINT('Ctrl Pts',(102.464033274128,-448.758549695683,47.3624524563005));
#4799=CARTESIAN_POINT('Ctrl Pts',(105.250217754658,-360.976960187914,49.3304187614857));
#4800=CARTESIAN_POINT('Ctrl Pts',(107.269369904848,-275.253248357894,51.1757684610169));
#4801=CARTESIAN_POINT('Ctrl Pts',(108.615673497315,-193.785168920687,52.8552968345301));
#4802=CARTESIAN_POINT('Ctrl Pts',(109.404540907598,-118.851791665931,54.3250082810525));
#4803=CARTESIAN_POINT('Ctrl Pts',(109.7057926751,-63.777458125458,55.3381440230645));
#4804=CARTESIAN_POINT('Ctrl Pts',(109.788415486825,-30.0869746549456,55.9172887339497));
#4805=CARTESIAN_POINT('Ctrl Pts',(109.807069242899,-12.3604830362834,56.2084542806452));
#4806=CARTESIAN_POINT('Ctrl Pts',(109.808181383425,-4.02800829606878,56.3403474673053));
#4807=CARTESIAN_POINT('Ctrl Pts',(109.794929174776,41.188137654433,57.0410099436661));
#4808=CARTESIAN_POINT('Ctrl Pts',(108.357363215461,121.926692939589,58.0525558625393));
#4809=CARTESIAN_POINT('Ctrl Pts',(97.2563307522996,360.065218092988,59.8714974183264));
#4810=CARTESIAN_POINT('Ctrl Pts',(61.4900646739581,723.537647980627,59.4437759982666));
#4811=CARTESIAN_POINT('Ctrl Pts',(38.5954891186757,1178.15419200517,62.5541730243523));
#4812=CARTESIAN_POINT('Ctrl Pts',(38.39283605362,1469.,66.9768545382102));
#4813=CARTESIAN_POINT('Ctrl Pts',(0.,-1140.,25.0000000000003));
#4814=CARTESIAN_POINT('Ctrl Pts',(5.02767352228775,-1140.,25.1945066691998));
#4815=CARTESIAN_POINT('Ctrl Pts',(15.8585962663337,-1133.16521060788,25.7175252875752));
#4816=CARTESIAN_POINT('Ctrl Pts',(31.5406090620841,-1099.40044411953,26.8414677732671));
#4817=CARTESIAN_POINT('Ctrl Pts',(44.4100649930304,-1052.46857097965,28.0668951704708));
#4818=CARTESIAN_POINT('Ctrl Pts',(52.1640180116046,-1014.86759902086,28.9549142670533));
#4819=CARTESIAN_POINT('Ctrl Pts',(59.7316733033299,-972.298041262207,29.9168748186417));
#4820=CARTESIAN_POINT('Ctrl Pts',(66.1158933174423,-929.639111591617,30.8383625262599));
#4821=CARTESIAN_POINT('Ctrl Pts',(72.9197810700718,-873.910824033737,31.9894393635718));
#4822=CARTESIAN_POINT('Ctrl Pts',(79.3493616674956,-813.814794570311,33.2001275542653));
#4823=CARTESIAN_POINT('Ctrl Pts',(85.1493269262598,-747.602989529251,34.4914153100936));
#4824=CARTESIAN_POINT('Ctrl Pts',(89.5913567219468,-685.441565291105,35.6710483712449));
#4825=CARTESIAN_POINT('Ctrl Pts',(91.9423573390523,-648.917508113887,36.3557473079275));
#4826=CARTESIAN_POINT('Ctrl Pts',(94.7229392635303,-602.515032521213,37.2189217936174));
#4827=CARTESIAN_POINT('Ctrl Pts',(98.1680359101127,-535.716814973749,38.4433396770702));
#4828=CARTESIAN_POINT('Ctrl Pts',(101.734212809328,-447.97197778412,40.0197190498329));
#4829=CARTESIAN_POINT('Ctrl Pts',(104.472656295752,-360.257284028423,41.5664846983556));
#4830=CARTESIAN_POINT('Ctrl Pts',(106.450098283414,-274.631390623418,43.0495049124003));
#4831=CARTESIAN_POINT('Ctrl Pts',(107.762103192049,-193.289163323075,44.4326772547111));
#4832=CARTESIAN_POINT('Ctrl Pts',(108.525945608068,-118.505280583917,45.6788040660225));
#4833=CARTESIAN_POINT('Ctrl Pts',(108.81559395709,-63.5704497246244,46.5717267903256));
#4834=CARTESIAN_POINT('Ctrl Pts',(108.89571757458,-29.9824753958749,47.1042345333334));
#4835=CARTESIAN_POINT('Ctrl Pts',(108.914669962591,-12.3154801424159,47.3798641632757));
#4836=CARTESIAN_POINT('Ctrl Pts',(108.916528439551,-4.01298243324513,47.5077603902821));
#4837=CARTESIAN_POINT('Ctrl Pts',(108.90918707511,41.0344985284107,48.1967516534424));
#4838=CARTESIAN_POINT('Ctrl Pts',(107.49460425503,121.482167813245,49.3391080299476));
#4839=CARTESIAN_POINT('Ctrl Pts',(96.5228554889485,358.872197035457,52.2812103703622));
#4840=CARTESIAN_POINT('Ctrl Pts',(61.1330091088326,721.784248081457,55.596809293126));
#4841=CARTESIAN_POINT('Ctrl Pts',(38.5759419472462,1177.25293945827,61.0848640759012));
#4842=CARTESIAN_POINT('Ctrl Pts',(38.4792422126462,1469.,65.4896292203123));
#4843=CARTESIAN_POINT('Ctrl Pts',(0.,-1140.,25.0000000000003));
#4844=CARTESIAN_POINT('Ctrl Pts',(5.01151285443805,-1140.,25.0774057207958));
#4845=CARTESIAN_POINT('Ctrl Pts',(15.802718600955,-1133.15708000112,25.330880126394));
#4846=CARTESIAN_POINT('Ctrl Pts',(31.4182671563473,-1099.36132072723,26.0260606783185));
#4847=CARTESIAN_POINT('Ctrl Pts',(44.2278770979947,-1052.39527914854,26.8733010134483));
#4848=CARTESIAN_POINT('Ctrl Pts',(51.9428796998566,-1014.77139070715,27.5207498800291));
#4849=CARTESIAN_POINT('Ctrl Pts',(59.4711563501482,-972.178763101647,28.2398183812453));
#4850=CARTESIAN_POINT('Ctrl Pts',(65.8193302426161,-929.499839701378,28.9470176266899));
#4851=CARTESIAN_POINT('Ctrl Pts',(72.5825927541635,-873.750906603235,29.8550643741639));
#4852=CARTESIAN_POINT('Ctrl Pts',(78.9713751321844,-813.636315159289,30.8253874372382));
#4853=CARTESIAN_POINT('Ctrl Pts',(84.7307685131069,-747.40998862824,31.8824284357035));
#4854=CARTESIAN_POINT('Ctrl Pts',(89.1387274626416,-685.240715935616,32.8660459112868));
#4855=CARTESIAN_POINT('Ctrl Pts',(91.4706752725269,-648.713704674278,33.4418008632006));
#4856=CARTESIAN_POINT('Ctrl Pts',(94.2278416244381,-602.308864532095,34.1715580483848));
#4857=CARTESIAN_POINT('Ctrl Pts',(97.640999682404,-535.5111958005,35.2175324371245));
#4858=CARTESIAN_POINT('Ctrl Pts',(101.169448022896,-447.775010552174,36.583805442747));
#4859=CARTESIAN_POINT('Ctrl Pts',(103.874298644842,-360.077014912835,37.9429815319707));
#4860=CARTESIAN_POINT('Ctrl Pts',(105.822725743562,-274.475566708846,39.2640668528823));
#4861=CARTESIAN_POINT('Ctrl Pts',(107.111566777833,-193.164819172942,40.5139521443982));
#4862=CARTESIAN_POINT('Ctrl Pts',(107.858878833427,-118.41836441143,41.6583965720944));
#4863=CARTESIAN_POINT('Ctrl Pts',(108.141079102475,-63.5184967444806,42.4953273370807));
#4864=CARTESIAN_POINT('Ctrl Pts',(108.219794011553,-29.9562394025399,43.0049706953053));
#4865=CARTESIAN_POINT('Ctrl Pts',(108.239079694341,-12.3041785678896,43.2723785628657));
#4866=CARTESIAN_POINT('Ctrl Pts',(108.241490482639,-4.00920846059226,43.3978081709381));
#4867=CARTESIAN_POINT('Ctrl Pts',(108.238364171771,40.9959097308873,44.0776565879286));
#4868=CARTESIAN_POINT('Ctrl Pts',(106.840703525691,121.370715998518,45.2721019168686));
#4869=CARTESIAN_POINT('Ctrl Pts',(95.9665865787756,358.574170489649,48.7007135135355));
#4870=CARTESIAN_POINT('Ctrl Pts',(60.8598446812164,721.349382669529,53.6767011414147));
#4871=CARTESIAN_POINT('Ctrl Pts',(38.5373731359042,1177.03052447354,60.2123388019411));
#4872=CARTESIAN_POINT('Ctrl Pts',(38.5,1469.,64.5958525039716));
#4873=CARTESIAN_POINT('Ctrl Pts',(0.,-1140.,25.0000000000003));
#4874=CARTESIAN_POINT('Ctrl Pts',(5.,-1140.,25.0000000000003));
#4875=CARTESIAN_POINT('Ctrl Pts',(15.7678151256932,-1133.15701600174,25.1022906768545));
#4876=CARTESIAN_POINT('Ctrl Pts',(31.3509879662477,-1099.36105192984,25.607481400786));
#4877=CARTESIAN_POINT('Ctrl Pts',(44.133856317428,-1052.39479773098,26.3095449936108));
#4878=CARTESIAN_POINT('Ctrl Pts',(51.8327901987247,-1014.77076849096,26.8719586158061));
#4879=CARTESIAN_POINT('Ctrl Pts',(59.3449261310621,-972.17799866461,27.5086462444649));
#4880=CARTESIAN_POINT('Ctrl Pts',(65.6800407194581,-929.498950821103,28.1466235790161));
#4881=CARTESIAN_POINT('Ctrl Pts',(72.4282106773471,-873.749884035366,28.9799749031177));
#4882=CARTESIAN_POINT('Ctrl Pts',(78.8025694899156,-813.635167437078,29.8785850783838));
#4883=CARTESIAN_POINT('Ctrl Pts',(84.5485424157387,-747.408732818187,30.8685547794462));
#4884=CARTESIAN_POINT('Ctrl Pts',(88.9453278348114,-685.239387948484,31.7978780641769));
#4885=CARTESIAN_POINT('Ctrl Pts',(91.271167684458,-648.712342909697,32.3438936856722));
#4886=CARTESIAN_POINT('Ctrl Pts',(94.0209328622093,-602.307467212303,33.0375656489376));
#4887=CARTESIAN_POINT('Ctrl Pts',(97.4247834086207,-535.509768614331,34.0360747502285));
#4888=CARTESIAN_POINT('Ctrl Pts',(100.942615380288,-447.773590565934,35.3475776033613));
#4889=CARTESIAN_POINT('Ctrl Pts',(103.638389006744,-360.075654926014,36.658508799183));
#4890=CARTESIAN_POINT('Ctrl Pts',(105.579834497603,-274.474326720862,37.9380993702639));
#4891=CARTESIAN_POINT('Ctrl Pts',(106.863617451989,-193.163766383144,39.1535504446712));
#4892=CARTESIAN_POINT('Ctrl Pts',(107.608099473341,-118.417573219097,40.2708756778509));
#4893=CARTESIAN_POINT('Ctrl Pts',(107.889931937215,-63.5179915493762,41.0915286809563));
#4894=CARTESIAN_POINT('Ctrl Pts',(107.969447681336,-29.955973255119,41.5932223235281));
#4895=CARTESIAN_POINT('Ctrl Pts',(107.98951148445,-12.3040605690331,41.8570876338982));
#4896=CARTESIAN_POINT('Ctrl Pts',(107.992423185847,-4.00916846097991,41.9810818049268));
#4897=CARTESIAN_POINT('Ctrl Pts',(107.992423721222,40.9955007267597,42.6538231227965));
#4898=CARTESIAN_POINT('Ctrl Pts',(106.602577401736,121.36975727841,43.8552780885052));
#4899=CARTESIAN_POINT('Ctrl Pts',(95.7617599289095,358.572836690642,47.4010504523336));
#4900=CARTESIAN_POINT('Ctrl Pts',(60.7375770963613,721.351005193795,52.8239513998653));
#4901=CARTESIAN_POINT('Ctrl Pts',(38.5,1177.03261828602,59.6355968237467));
#4902=CARTESIAN_POINT('Ctrl Pts',(38.5,1469.,64.));
#4903=CARTESIAN_POINT('',(109.324057008052,1.32539116525742E-13,87.137101737359));
#4904=CARTESIAN_POINT('Ctrl Pts',(109.324057006254,-1.15574645546853E-10,
87.1371017914721));
#4905=CARTESIAN_POINT('Ctrl Pts',(109.324058224844,0.00407649324995744,
87.1371089510617));
#4906=CARTESIAN_POINT('Ctrl Pts',(109.3240594314,0.00811274526963749,87.1371158547873));
#4907=CARTESIAN_POINT('Ctrl Pts',(109.324605857311,1.85660564447636,87.1403610581595));
#4908=CARTESIAN_POINT('Ctrl Pts',(109.321845034277,5.54582607753057,87.1652173802075));
#4909=CARTESIAN_POINT('Ctrl Pts',(109.305732199701,11.0792088487979,87.2650019876641));
#4910=CARTESIAN_POINT('Ctrl Pts',(109.277416657631,16.6109468710655,87.4313412986832));
#4911=CARTESIAN_POINT('Ctrl Pts',(109.236857639461,22.1392663852498,87.6649209530927));
#4912=CARTESIAN_POINT('Ctrl Pts',(109.184139306316,27.6645642744453,87.9638464056315));
#4913=CARTESIAN_POINT('Ctrl Pts',(109.119451829788,33.1864844388594,88.3242092483278));
#4914=CARTESIAN_POINT('Ctrl Pts',(109.043055243851,38.7044951938293,88.7408359428664));
#4915=CARTESIAN_POINT('Ctrl Pts',(108.955248160164,44.2181453997447,89.2079449395751));
#4916=CARTESIAN_POINT('Ctrl Pts',(108.856336083585,49.7271973961957,89.719709053912));
#4917=CARTESIAN_POINT('Ctrl Pts',(108.746632479307,55.2308425648455,90.270534932995));
#4918=CARTESIAN_POINT('Ctrl Pts',(108.626378902795,60.7307428807793,90.855624378911));
#4919=CARTESIAN_POINT('Ctrl Pts',(108.495806334557,66.2273217269297,91.4707287060409));
#4920=CARTESIAN_POINT('Ctrl Pts',(108.355119716965,71.7207614448581,92.1122494793409));
#4921=CARTESIAN_POINT('Ctrl Pts',(108.204488121722,77.2113602580512,92.7772558604928));
#4922=CARTESIAN_POINT('Ctrl Pts',(108.044051783084,82.6992992993488,93.4634007041195));
#4923=CARTESIAN_POINT('Ctrl Pts',(107.873921451915,88.1847553672151,94.1688632917469));
#4924=CARTESIAN_POINT('Ctrl Pts',(107.694182615418,93.6678337921271,94.8922679842973));
#4925=CARTESIAN_POINT('Ctrl Pts',(107.504897235291,99.1486020592207,95.632617961253));
#4926=CARTESIAN_POINT('Ctrl Pts',(107.306106686665,104.627071209592,96.3892292804774));
#4927=CARTESIAN_POINT('Ctrl Pts',(107.097833475969,110.103210023491,97.1616768512909));
#4928=CARTESIAN_POINT('Ctrl Pts',(106.880083446419,115.576936854177,97.9497452331451));
#4929=CARTESIAN_POINT('Ctrl Pts',(106.652846562646,121.048135537511,98.7533905835362));
#4930=CARTESIAN_POINT('Ctrl Pts',(106.416099155431,126.516637036304,99.5727033986782));
#4931=CARTESIAN_POINT('Ctrl Pts',(106.169802599973,131.982260574078,100.407887116117));
#4932=CARTESIAN_POINT('Ctrl Pts',(105.913907845985,137.444745488339,101.259222529634));
#4933=CARTESIAN_POINT('Ctrl Pts',(105.648348141886,142.903887911419,102.127071565174));
#4934=CARTESIAN_POINT('Ctrl Pts',(105.373053444993,148.3592900239,103.011817085985));
#4935=CARTESIAN_POINT('Ctrl Pts',(105.087922671339,153.810851462725,103.91393380991));
#4936=CARTESIAN_POINT('Ctrl Pts',(104.792880447015,159.257762618324,104.833801740325));
#4937=CARTESIAN_POINT('Ctrl Pts',(104.487701814002,164.701620452403,105.772233187093));
#4938=CARTESIAN_POINT('Ctrl Pts',(104.172233618994,170.142273451305,106.729768016632));
#4939=CARTESIAN_POINT('Ctrl Pts',(103.846331528542,175.57915574712,107.706872334789));
#4940=CARTESIAN_POINT('Ctrl Pts',(103.509822270425,181.011919556702,108.704042469109));
#4941=CARTESIAN_POINT('Ctrl Pts',(103.162522843033,186.440092745668,109.721736947584));
#4942=CARTESIAN_POINT('Ctrl Pts',(102.804229173175,191.863262432977,110.760401193098));
#4943=CARTESIAN_POINT('Ctrl Pts',(102.434720993616,197.280979513086,111.820443070283));
#4944=CARTESIAN_POINT('Ctrl Pts',(102.053758165675,202.692811617362,112.902234362077));
#4945=CARTESIAN_POINT('Ctrl Pts',(101.661081687614,208.098317473231,114.006098054031));
#4946=CARTESIAN_POINT('Ctrl Pts',(101.256412316916,213.497064211218,115.132302810168));
#4947=CARTESIAN_POINT('Ctrl Pts',(100.839450854246,218.888621096798,116.281052595226));
#4948=CARTESIAN_POINT('Ctrl Pts',(100.409877596442,224.272569306561,117.452478768836));
#4949=CARTESIAN_POINT('Ctrl Pts',(99.9673531911681,229.648498898784,118.646628637293));
#4950=CARTESIAN_POINT('Ctrl Pts',(99.5115183161483,235.016023186316,119.863457276947));
#4951=CARTESIAN_POINT('Ctrl Pts',(99.041996416746,240.374767984595,121.102812253594));
#4952=CARTESIAN_POINT('Ctrl Pts',(98.5583923519016,245.724407492291,122.364428953859));
#4953=CARTESIAN_POINT('Ctrl Pts',(98.0603006109637,251.064614489068,123.647903461145));
#4954=CARTESIAN_POINT('Ctrl Pts',(97.5472968335538,256.395183034697,124.952707790096));
#4955=CARTESIAN_POINT('Ctrl Pts',(97.0189658709597,261.715802995395,126.278116346493));
#4956=CARTESIAN_POINT('Ctrl Pts',(96.4748399751901,267.026730150719,127.623357466766));
#4957=CARTESIAN_POINT('Ctrl Pts',(95.9144617932851,272.328193391852,128.987451620665));
#4958=CARTESIAN_POINT('Ctrl Pts',(95.3374110725898,277.620255308125,130.369152096469));
#4959=CARTESIAN_POINT('Ctrl Pts',(94.7432911810339,282.903067022601,131.766987884655));
#4960=CARTESIAN_POINT('Ctrl Pts',(94.1317517322096,288.17678451584,133.179221736436));
#4961=CARTESIAN_POINT('Ctrl Pts',(93.5024956769125,293.441655034601,134.603852420184));
#4962=CARTESIAN_POINT('Ctrl Pts',(92.8552974131464,298.698012154155,136.038595845376));
#4963=CARTESIAN_POINT('Ctrl Pts',(92.1900180438768,303.946316136605,137.480880336406));
#4964=CARTESIAN_POINT('Ctrl Pts',(91.506624877879,309.187166388574,138.927838602376));
#4965=CARTESIAN_POINT('Ctrl Pts',(90.8052113257856,314.421323852878,140.376306900745));
#4966=CARTESIAN_POINT('Ctrl Pts',(90.0860182819471,319.649722019164,141.822827462389));
#4967=CARTESIAN_POINT('Ctrl Pts',(89.3494563879809,324.873477041182,143.263657549493));
#4968=CARTESIAN_POINT('Ctrl Pts',(88.5961269440931,330.09388961985,144.694785437763));
#4969=CARTESIAN_POINT('Ctrl Pts',(87.8268440443583,335.312442731249,146.111953596677));
#4970=CARTESIAN_POINT('Ctrl Pts',(87.0426495805569,340.530789818644,147.510691937855));
#4971=CARTESIAN_POINT('Ctrl Pts',(86.5107728987348,344.01075699201,148.427801594751));
#4972=CARTESIAN_POINT('Ctrl Pts',(86.2359246196907,345.796118292223,148.893397230461));
#4973=CARTESIAN_POINT('Ctrl Pts',(86.2221439286991,345.885711481611,148.91671431099));
#4974=CARTESIAN_POINT('Ctrl Pts',(86.1946186382905,346.064962966067,148.963178444725));
#4975=CARTESIAN_POINT('Ctrl Pts',(86.1465440942941,346.378824703777,149.044044373294));
#4976=CARTESIAN_POINT('Ctrl Pts',(86.0507678631187,347.007215075417,149.204023609663));
#4977=CARTESIAN_POINT('Ctrl Pts',(85.8606723509128,348.266574816529,149.517144762666));
#4978=CARTESIAN_POINT('Ctrl Pts',(85.5930617252384,350.072468543821,149.945986719384));
#4979=CARTESIAN_POINT('Ctrl Pts',(85.2776559671884,352.248995222356,150.433982665433));
#4980=CARTESIAN_POINT('Ctrl Pts',(84.9674388097686,354.433826969356,150.897914348343));
#4981=CARTESIAN_POINT('Ctrl Pts',(84.6619268450392,356.626036912621,151.340004264124));
#4982=CARTESIAN_POINT('Ctrl Pts',(84.3606869233998,358.824874662953,151.76219184499));
#4983=CARTESIAN_POINT('Ctrl Pts',(84.0633309696611,361.029724936482,152.166176448821));
#4984=CARTESIAN_POINT('Ctrl Pts',(83.7695116880419,363.240076510735,152.553450485017));
#4985=CARTESIAN_POINT('Ctrl Pts',(83.4789183041233,365.455496194163,152.925329335162));
#4986=CARTESIAN_POINT('Ctrl Pts',(83.1912730735654,367.675608389157,153.282975042357));
#4987=CARTESIAN_POINT('Ctrl Pts',(82.9063276045076,369.900078987122,153.627418378645));
#4988=CARTESIAN_POINT('Ctrl Pts',(82.6238604861644,372.128601879015,153.959574415545));
#4989=CARTESIAN_POINT('Ctrl Pts',(82.3436734575594,374.360890091278,154.280261464483));
#4990=CARTESIAN_POINT('Ctrl Pts',(82.0655911792414,376.596665645912,154.590206663636));
#4991=CARTESIAN_POINT('Ctrl Pts',(81.7894550398172,378.835658092386,154.89007051814));
#4992=CARTESIAN_POINT('Ctrl Pts',(81.4236864737471,381.824903584218,155.277218630331));
#4993=CARTESIAN_POINT('Ctrl Pts',(80.9706786999914,385.56813904297,155.738764593522));
#4994=CARTESIAN_POINT('Ctrl Pts',(80.4329685531132,390.068438558716,156.260458911119));
#4995=CARTESIAN_POINT('Ctrl Pts',(79.9005194394059,394.574813899689,156.752997896891));
#4996=CARTESIAN_POINT('Ctrl Pts',(79.3728447630839,399.084800158304,157.218890517869));
#4997=CARTESIAN_POINT('Ctrl Pts',(78.8495704801293,403.595967739836,157.660250438176));
#4998=CARTESIAN_POINT('Ctrl Pts',(78.3304311591638,408.105799122257,158.078855440438));
#4999=CARTESIAN_POINT('Ctrl Pts',(77.815236575836,412.611846967342,158.476232637305));
#5000=CARTESIAN_POINT('Ctrl Pts',(77.4734802290465,415.6192118063,158.728472488246));
#5001=CARTESIAN_POINT('Ctrl Pts',(77.3030651012708,417.122976140932,158.851546452619));
#5002=CARTESIAN_POINT('Ctrl Pts',(91.995711778402,-140.939879148017,158.682204068135));
#5003=CARTESIAN_POINT('Ctrl Pts',(92.1248771989364,-140.798731158381,158.402897866281));
#5004=CARTESIAN_POINT('Ctrl Pts',(92.3816984813823,-140.517906684581,157.842695927584));
#5005=CARTESIAN_POINT('Ctrl Pts',(92.7623902667565,-140.101203067438,156.997690216106));
#5006=CARTESIAN_POINT('Ctrl Pts',(93.0758484452114,-139.757810968291,156.28963475572));
#5007=CARTESIAN_POINT('Ctrl Pts',(93.2932753217374,-139.519515465814,155.791992496167));
#5008=CARTESIAN_POINT('Ctrl Pts',(93.4014953910874,-139.400884153896,155.542658947335));
#5009=CARTESIAN_POINT('Ctrl Pts',(93.4631844149778,-139.333259427978,155.400063929341));
#5010=CARTESIAN_POINT('Ctrl Pts',(93.4939978672381,-139.299470691297,155.328674367268));
#5011=CARTESIAN_POINT('Ctrl Pts',(94.0621879782714,-138.67668361626,154.011039037665));
#5012=CARTESIAN_POINT('Ctrl Pts',(95.1298081103681,-137.382834009091,151.438463558202));
#5013=CARTESIAN_POINT('Ctrl Pts',(96.609915768205,-135.206306585617,147.59633080571));
#5014=CARTESIAN_POINT('Ctrl Pts',(97.976610344957,-132.785628820394,143.776486213122));
#5015=CARTESIAN_POINT('Ctrl Pts',(99.2349310652834,-130.115404117754,139.99093545176));
#5016=CARTESIAN_POINT('Ctrl Pts',(100.384984026688,-127.204500176785,136.268359281144));
#5017=CARTESIAN_POINT('Ctrl Pts',(101.430501896541,-124.061113612789,132.629708506515));
#5018=CARTESIAN_POINT('Ctrl Pts',(102.374867725223,-120.70140311764,129.099051197787));
#5019=CARTESIAN_POINT('Ctrl Pts',(103.22379158835,-117.139449262508,125.692975302894));
#5020=CARTESIAN_POINT('Ctrl Pts',(103.982066485349,-113.401690390013,122.432789220294));
#5021=CARTESIAN_POINT('Ctrl Pts',(104.662306935939,-109.474108385921,119.302910425532));
#5022=CARTESIAN_POINT('Ctrl Pts',(105.270517902443,-105.367076439167,116.310820034989));
#5023=CARTESIAN_POINT('Ctrl Pts',(105.722030157059,-101.808471193504,113.939124955909));
#5024=CARTESIAN_POINT('Ctrl Pts',(106.052894988826,-98.8876069476751,112.117393172469));
#5025=CARTESIAN_POINT('Ctrl Pts',(106.364405631118,-95.9207392487813,110.346987704768));
#5026=CARTESIAN_POINT('Ctrl Pts',(106.719241381765,-92.1309714080386,108.231214367228));
#5027=CARTESIAN_POINT('Ctrl Pts',(107.032330870373,-88.2491242665198,106.247307903669));
#5028=CARTESIAN_POINT('Ctrl Pts',(107.260261297792,-85.0976795727131,104.739394441991));
#5029=CARTESIAN_POINT('Ctrl Pts',(107.420493781479,-82.7141268308261,103.648183763442));
#5030=CARTESIAN_POINT('Ctrl Pts',(107.570664508687,-80.3116795216312,102.595989936691));
#5031=CARTESIAN_POINT('Ctrl Pts',(107.757992118873,-77.0903815714315,101.246293141897));
#5032=CARTESIAN_POINT('Ctrl Pts',(107.970527194634,-73.0136757755453,99.6491663570041));
#5033=CARTESIAN_POINT('Ctrl Pts',(108.157507827609,-68.8750661767268,98.167811859584));
#5034=CARTESIAN_POINT('Ctrl Pts',(108.293338775708,-65.53287319707,97.0509502745953));
#5035=CARTESIAN_POINT('Ctrl Pts',(108.420506065274,-62.1709635789104,95.9789171273906));
#5036=CARTESIAN_POINT('Ctrl Pts',(108.564087945849,-57.9346933844052,94.7221966801726));
#5037=CARTESIAN_POINT('Ctrl Pts',(108.689224425841,-53.6610300044665,93.574992268698));
#5038=CARTESIAN_POINT('Ctrl Pts',(108.779317665424,-50.2232468396045,92.7225099289772));
#5039=CARTESIAN_POINT('Ctrl Pts',(108.862991429695,-46.7756340927076,91.9140348880797));
#5040=CARTESIAN_POINT('Ctrl Pts',(108.956218630771,-42.4444951539399,90.9849665199361));
#5041=CARTESIAN_POINT('Ctrl Pts',(109.035546548055,-38.0825972805968,90.1659626081853));
#5042=CARTESIAN_POINT('Ctrl Pts',(109.091138842215,-34.5790898582364,89.5798981510612));
#5043=CARTESIAN_POINT('Ctrl Pts',(109.141634871251,-31.066648670121,89.0408713455777));
#5044=CARTESIAN_POINT('Ctrl Pts',(109.195445873211,-26.6613944198816,88.4573294165287));
#5045=CARTESIAN_POINT('Ctrl Pts',(109.245884252526,-21.3497959102616,87.9067040276029));
#5046=CARTESIAN_POINT('Ctrl Pts',(109.282839744104,-16.0226541487783,87.5091058411343));
#5047=CARTESIAN_POINT('Ctrl Pts',(109.30318806033,-11.576007377281,87.3017579078559));
#5048=CARTESIAN_POINT('Ctrl Pts',(109.313924908824,-8.01475601140565,87.2021238342016));
#5049=CARTESIAN_POINT('Ctrl Pts',(109.319466256382,-5.34316193732766,87.1567828026189));
#5050=CARTESIAN_POINT('Ctrl Pts',(109.322793784827,-2.67141192917645,87.1364372102099));
#5051=CARTESIAN_POINT('Ctrl Pts',(109.323790783574,-0.890582685490683,87.1355376175992));
#5052=CARTESIAN_POINT('Ctrl Pts',(109.324057005235,-3.40732221798881E-6,
87.137101785488));
#5053=CARTESIAN_POINT('Ctrl Pts',(109.324057005744,-1.70371538230916E-6,
87.1371017884801));
#5054=CARTESIAN_POINT('Ctrl Pts',(109.324057006254,-1.15574645546853E-10,
87.1371017914721));
#5055=CARTESIAN_POINT('Ctrl Pts',(0.,-1140.,25.0000000000003));
#5056=CARTESIAN_POINT('Ctrl Pts',(4.03922872340426,-1140.,25.0000000000003));
#5057=CARTESIAN_POINT('Ctrl Pts',(12.6165969552914,-1135.54486128316,25.0665965542142));
#5058=CARTESIAN_POINT('Ctrl Pts',(24.9653747233831,-1114.25215455928,25.3848853860218));
#5059=CARTESIAN_POINT('Ctrl Pts',(36.0538561821076,-1082.55948285711,25.8586355570946));
#5060=CARTESIAN_POINT('Ctrl Pts',(43.97458400948,-1052.01984502997,26.3151498825873));
#5061=CARTESIAN_POINT('Ctrl Pts',(50.2133397977094,-1022.70428886245,26.7533663220241));
#5062=CARTESIAN_POINT('Ctrl Pts',(56.3542842430321,-990.139438707663,27.2401540399207));
#5063=CARTESIAN_POINT('Ctrl Pts',(63.7869666055059,-943.358024700105,27.9394545942462));
#5064=CARTESIAN_POINT('Ctrl Pts',(72.1356823398729,-877.869699652963,28.9183908444429));
#5065=CARTESIAN_POINT('Ctrl Pts',(79.1205200860431,-809.925950810815,29.9340313982077));
#5066=CARTESIAN_POINT('Ctrl Pts',(84.845064693842,-742.644342773764,30.9397741016879));
#5067=CARTESIAN_POINT('Ctrl Pts',(91.0210652111741,-657.03568300243,32.219474266887));
#5068=CARTESIAN_POINT('Ctrl Pts',(94.8257652973838,-588.340233514798,33.2463514343692));
#5069=CARTESIAN_POINT('Ctrl Pts',(99.3504592235679,-490.569243640756,34.7078572239487));
#5070=CARTESIAN_POINT('Ctrl Pts',(103.176406412935,-386.273391480629,36.2668983255858));
#5071=CARTESIAN_POINT('Ctrl Pts',(106.466243078526,-234.292456776162,38.5387482502254));
#5072=CARTESIAN_POINT('Ctrl Pts',(107.850161995054,-98.9631576143245,40.5616852633536));
#5073=CARTESIAN_POINT('Ctrl Pts',(107.992103650001,-28.3599224852661,41.6170804990831));
#5074=CARTESIAN_POINT('Ctrl Pts',(107.993133493737,170.403144952804,44.5882417218062));
#5075=CARTESIAN_POINT('Ctrl Pts',(95.98454428221,326.856960732764,46.9269534180828));
#5076=CARTESIAN_POINT('Ctrl Pts',(62.2266900691121,752.831508665721,53.294530025923));
#5077=CARTESIAN_POINT('Ctrl Pts',(38.5,1042.49579887891,57.6245060008729));
#5078=CARTESIAN_POINT('Ctrl Pts',(38.5,1469.,64.));
#5079=CARTESIAN_POINT('Ctrl Pts',(77.3030651012708,417.122976140932,158.851546452619));
#5080=CARTESIAN_POINT('Ctrl Pts',(77.4734802290465,415.6192118063,158.728472488246));
#5081=CARTESIAN_POINT('Ctrl Pts',(77.815236575836,412.611846967342,158.476232637305));
#5082=CARTESIAN_POINT('Ctrl Pts',(78.3304311591638,408.105799122257,158.078855440438));
#5083=CARTESIAN_POINT('Ctrl Pts',(78.8495704801293,403.595967739836,157.660250438176));
#5084=CARTESIAN_POINT('Ctrl Pts',(79.3728447630839,399.084800158304,157.218890517869));
#5085=CARTESIAN_POINT('Ctrl Pts',(79.9005194394059,394.574813899689,156.752997896891));
#5086=CARTESIAN_POINT('Ctrl Pts',(80.4329685531132,390.068438558716,156.260458911119));
#5087=CARTESIAN_POINT('Ctrl Pts',(80.9706786999914,385.56813904297,155.738764593522));
#5088=CARTESIAN_POINT('Ctrl Pts',(81.4236864737471,381.824903584218,155.277218630331));
#5089=CARTESIAN_POINT('Ctrl Pts',(81.7894550398172,378.835658092386,154.89007051814));
#5090=CARTESIAN_POINT('Ctrl Pts',(82.0655911792414,376.596665645912,154.590206663636));
#5091=CARTESIAN_POINT('Ctrl Pts',(82.3436734575594,374.360890091278,154.280261464483));
#5092=CARTESIAN_POINT('Ctrl Pts',(82.6238604861644,372.128601879015,153.959574415545));
#5093=CARTESIAN_POINT('Ctrl Pts',(82.9063276045076,369.900078987122,153.627418378645));
#5094=CARTESIAN_POINT('Ctrl Pts',(83.1912730735654,367.675608389157,153.282975042357));
#5095=CARTESIAN_POINT('Ctrl Pts',(83.4789183041233,365.455496194163,152.925329335162));
#5096=CARTESIAN_POINT('Ctrl Pts',(83.7695116880419,363.240076510735,152.553450485017));
#5097=CARTESIAN_POINT('Ctrl Pts',(84.0633309696611,361.029724936482,152.166176448821));
#5098=CARTESIAN_POINT('Ctrl Pts',(84.3606869233998,358.824874662953,151.76219184499));
#5099=CARTESIAN_POINT('Ctrl Pts',(84.6619268450392,356.626036912621,151.340004264124));
#5100=CARTESIAN_POINT('Ctrl Pts',(84.9674388097686,354.433826969356,150.897914348343));
#5101=CARTESIAN_POINT('Ctrl Pts',(85.2776559671884,352.248995222356,150.433982665433));
#5102=CARTESIAN_POINT('Ctrl Pts',(85.5930617252384,350.072468543821,149.945986719384));
#5103=CARTESIAN_POINT('Ctrl Pts',(85.8606723509128,348.266574816529,149.517144762666));
#5104=CARTESIAN_POINT('Ctrl Pts',(86.0507678631187,347.007215075417,149.204023609663));
#5105=CARTESIAN_POINT('Ctrl Pts',(86.1465440942941,346.378824703777,149.044044373294));
#5106=CARTESIAN_POINT('Ctrl Pts',(86.1946186382905,346.064962966067,148.963178444725));
#5107=CARTESIAN_POINT('Ctrl Pts',(86.2221439286991,345.885711481611,148.91671431099));
#5108=CARTESIAN_POINT('Ctrl Pts',(86.2359246196907,345.796118292223,148.893397230461));
#5109=CARTESIAN_POINT('Ctrl Pts',(86.5107728987348,344.01075699201,148.427801594751));
#5110=CARTESIAN_POINT('Ctrl Pts',(87.0426495805569,340.530789818644,147.510691937855));
#5111=CARTESIAN_POINT('Ctrl Pts',(87.8268440443583,335.312442731249,146.111953596677));
#5112=CARTESIAN_POINT('Ctrl Pts',(88.5961269440931,330.09388961985,144.694785437763));
#5113=CARTESIAN_POINT('Ctrl Pts',(89.3494563879809,324.873477041182,143.263657549493));
#5114=CARTESIAN_POINT('Ctrl Pts',(90.0860182819471,319.649722019164,141.822827462389));
#5115=CARTESIAN_POINT('Ctrl Pts',(90.8052113257856,314.421323852878,140.376306900745));
#5116=CARTESIAN_POINT('Ctrl Pts',(91.506624877879,309.187166388574,138.927838602376));
#5117=CARTESIAN_POINT('Ctrl Pts',(92.1900180438768,303.946316136605,137.480880336406));
#5118=CARTESIAN_POINT('Ctrl Pts',(92.8552974131464,298.698012154155,136.038595845376));
#5119=CARTESIAN_POINT('Ctrl Pts',(93.5024956769125,293.441655034601,134.603852420184));
#5120=CARTESIAN_POINT('Ctrl Pts',(94.1317517322096,288.17678451584,133.179221736436));
#5121=CARTESIAN_POINT('Ctrl Pts',(94.7432911810339,282.903067022601,131.766987884655));
#5122=CARTESIAN_POINT('Ctrl Pts',(95.3374110725898,277.620255308125,130.369152096469));
#5123=CARTESIAN_POINT('Ctrl Pts',(95.9144617932851,272.328193391852,128.987451620665));
#5124=CARTESIAN_POINT('Ctrl Pts',(96.4748399751901,267.026730150719,127.623357466766));
#5125=CARTESIAN_POINT('Ctrl Pts',(97.0189658709597,261.715802995395,126.278116346493));
#5126=CARTESIAN_POINT('Ctrl Pts',(97.5472968335538,256.395183034697,124.952707790096));
#5127=CARTESIAN_POINT('Ctrl Pts',(98.0603006109637,251.064614489068,123.647903461145));
#5128=CARTESIAN_POINT('Ctrl Pts',(98.5583923519016,245.724407492291,122.364428953859));
#5129=CARTESIAN_POINT('Ctrl Pts',(99.041996416746,240.374767984595,121.102812253594));
#5130=CARTESIAN_POINT('Ctrl Pts',(99.5115183161483,235.016023186316,119.863457276947));
#5131=CARTESIAN_POINT('Ctrl Pts',(99.9673531911681,229.648498898784,118.646628637293));
#5132=CARTESIAN_POINT('Ctrl Pts',(100.409877596442,224.272569306561,117.452478768836));
#5133=CARTESIAN_POINT('Ctrl Pts',(100.839450854246,218.888621096798,116.281052595226));
#5134=CARTESIAN_POINT('Ctrl Pts',(101.256412316916,213.497064211218,115.132302810168));
#5135=CARTESIAN_POINT('Ctrl Pts',(101.661081687614,208.098317473231,114.006098054031));
#5136=CARTESIAN_POINT('Ctrl Pts',(102.053758165675,202.692811617362,112.902234362077));
#5137=CARTESIAN_POINT('Ctrl Pts',(102.434720993616,197.280979513086,111.820443070283));
#5138=CARTESIAN_POINT('Ctrl Pts',(102.804229173175,191.863262432977,110.760401193098));
#5139=CARTESIAN_POINT('Ctrl Pts',(103.162522843033,186.440092745668,109.721736947584));
#5140=CARTESIAN_POINT('Ctrl Pts',(103.509822270425,181.011919556702,108.704042469109));
#5141=CARTESIAN_POINT('Ctrl Pts',(103.846331528542,175.57915574712,107.706872334789));
#5142=CARTESIAN_POINT('Ctrl Pts',(104.172233618994,170.142273451305,106.729768016632));
#5143=CARTESIAN_POINT('Ctrl Pts',(104.487701814002,164.701620452403,105.772233187093));
#5144=CARTESIAN_POINT('Ctrl Pts',(104.792880447015,159.257762618324,104.833801740325));
#5145=CARTESIAN_POINT('Ctrl Pts',(105.087922671339,153.810851462725,103.91393380991));
#5146=CARTESIAN_POINT('Ctrl Pts',(105.373053444993,148.3592900239,103.011817085985));
#5147=CARTESIAN_POINT('Ctrl Pts',(105.648348141886,142.903887911419,102.127071565174));
#5148=CARTESIAN_POINT('Ctrl Pts',(105.913907845985,137.444745488339,101.259222529634));
#5149=CARTESIAN_POINT('Ctrl Pts',(106.169802599973,131.982260574078,100.407887116117));
#5150=CARTESIAN_POINT('Ctrl Pts',(106.416099155431,126.516637036304,99.5727033986782));
#5151=CARTESIAN_POINT('Ctrl Pts',(106.652846562646,121.048135537511,98.7533905835362));
#5152=CARTESIAN_POINT('Ctrl Pts',(106.880083446419,115.576936854177,97.9497452331451));
#5153=CARTESIAN_POINT('Ctrl Pts',(107.097833475969,110.103210023491,97.1616768512909));
#5154=CARTESIAN_POINT('Ctrl Pts',(107.306106686665,104.627071209592,96.3892292804774));
#5155=CARTESIAN_POINT('Ctrl Pts',(107.504897235291,99.1486020592207,95.632617961253));
#5156=CARTESIAN_POINT('Ctrl Pts',(107.694182615418,93.6678337921271,94.8922679842973));
#5157=CARTESIAN_POINT('Ctrl Pts',(107.873921451915,88.1847553672151,94.1688632917469));
#5158=CARTESIAN_POINT('Ctrl Pts',(108.044051783084,82.6992992993488,93.4634007041195));
#5159=CARTESIAN_POINT('Ctrl Pts',(108.204488121722,77.2113602580512,92.7772558604928));
#5160=CARTESIAN_POINT('Ctrl Pts',(108.355119716965,71.7207614448581,92.1122494793409));
#5161=CARTESIAN_POINT('Ctrl Pts',(108.495806334557,66.2273217269297,91.4707287060409));
#5162=CARTESIAN_POINT('Ctrl Pts',(108.626378902795,60.7307428807793,90.855624378911));
#5163=CARTESIAN_POINT('Ctrl Pts',(108.746632479307,55.2308425648455,90.270534932995));
#5164=CARTESIAN_POINT('Ctrl Pts',(108.856336083585,49.7271973961957,89.719709053912));
#5165=CARTESIAN_POINT('Ctrl Pts',(108.955248160164,44.2181453997447,89.2079449395751));
#5166=CARTESIAN_POINT('Ctrl Pts',(109.043055243851,38.7044951938293,88.7408359428664));
#5167=CARTESIAN_POINT('Ctrl Pts',(109.119451829788,33.1864844388594,88.3242092483278));
#5168=CARTESIAN_POINT('Ctrl Pts',(109.184139306316,27.6645642744453,87.9638464056315));
#5169=CARTESIAN_POINT('Ctrl Pts',(109.236857639461,22.1392663852498,87.6649209530927));
#5170=CARTESIAN_POINT('Ctrl Pts',(109.277416657631,16.6109468710655,87.4313412986832));
#5171=CARTESIAN_POINT('Ctrl Pts',(109.305732199701,11.0792088487979,87.2650019876641));
#5172=CARTESIAN_POINT('Ctrl Pts',(109.321845034277,5.54582607753057,87.1652173802075));
#5173=CARTESIAN_POINT('Ctrl Pts',(109.324605857311,1.85660564447636,87.1403610581595));
#5174=CARTESIAN_POINT('Ctrl Pts',(109.324059430899,0.00811105061234167,
87.1371158518122));
#5175=CARTESIAN_POINT('Ctrl Pts',(109.324058223835,0.00407311968800598,
87.1371089452915));
#5176=CARTESIAN_POINT('Ctrl Pts',(109.323790783574,-0.890582685490683,87.1355376175992));
#5177=CARTESIAN_POINT('Ctrl Pts',(109.322793784827,-2.67141192917645,87.1364372102099));
#5178=CARTESIAN_POINT('Ctrl Pts',(109.319466256382,-5.34316193732766,87.1567828026189));
#5179=CARTESIAN_POINT('Ctrl Pts',(109.313924908824,-8.01475601140565,87.2021238342016));
#5180=CARTESIAN_POINT('Ctrl Pts',(109.30318806033,-11.576007377281,87.3017579078559));
#5181=CARTESIAN_POINT('Ctrl Pts',(109.282839744104,-16.0226541487783,87.5091058411343));
#5182=CARTESIAN_POINT('Ctrl Pts',(109.245884252526,-21.3497959102616,87.9067040276029));
#5183=CARTESIAN_POINT('Ctrl Pts',(109.195445873211,-26.6613944198816,88.4573294165287));
#5184=CARTESIAN_POINT('Ctrl Pts',(109.141634871251,-31.066648670121,89.0408713455777));
#5185=CARTESIAN_POINT('Ctrl Pts',(109.091138842215,-34.5790898582364,89.5798981510612));
#5186=CARTESIAN_POINT('Ctrl Pts',(109.035546548055,-38.0825972805968,90.1659626081853));
#5187=CARTESIAN_POINT('Ctrl Pts',(108.956218630771,-42.4444951539399,90.9849665199361));
#5188=CARTESIAN_POINT('Ctrl Pts',(108.862991429695,-46.7756340927076,91.9140348880797));
#5189=CARTESIAN_POINT('Ctrl Pts',(108.779317665424,-50.2232468396045,92.7225099289772));
#5190=CARTESIAN_POINT('Ctrl Pts',(108.689224425841,-53.6610300044665,93.574992268698));
#5191=CARTESIAN_POINT('Ctrl Pts',(108.564087945849,-57.9346933844052,94.7221966801726));
#5192=CARTESIAN_POINT('Ctrl Pts',(108.420506065274,-62.1709635789104,95.9789171273906));
#5193=CARTESIAN_POINT('Ctrl Pts',(108.293338775708,-65.53287319707,97.0509502745953));
#5194=CARTESIAN_POINT('Ctrl Pts',(108.157507827609,-68.8750661767268,98.167811859584));
#5195=CARTESIAN_POINT('Ctrl Pts',(107.970527194634,-73.0136757755453,99.6491663570041));
#5196=CARTESIAN_POINT('Ctrl Pts',(107.757992118873,-77.0903815714315,101.246293141897));
#5197=CARTESIAN_POINT('Ctrl Pts',(107.570664508687,-80.3116795216312,102.595989936691));
#5198=CARTESIAN_POINT('Ctrl Pts',(107.420493781479,-82.7141268308261,103.648183763442));
#5199=CARTESIAN_POINT('Ctrl Pts',(107.260261297792,-85.0976795727131,104.739394441991));
#5200=CARTESIAN_POINT('Ctrl Pts',(107.032330870373,-88.2491242665198,106.247307903669));
#5201=CARTESIAN_POINT('Ctrl Pts',(106.719241381765,-92.1309714080386,108.231214367228));
#5202=CARTESIAN_POINT('Ctrl Pts',(106.364405631118,-95.9207392487813,110.346987704768));
#5203=CARTESIAN_POINT('Ctrl Pts',(106.052894988826,-98.8876069476751,112.117393172469));
#5204=CARTESIAN_POINT('Ctrl Pts',(105.722030157059,-101.808471193504,113.939124955909));
#5205=CARTESIAN_POINT('Ctrl Pts',(105.270517902443,-105.367076439167,116.310820034989));
#5206=CARTESIAN_POINT('Ctrl Pts',(104.662306935939,-109.474108385921,119.302910425532));
#5207=CARTESIAN_POINT('Ctrl Pts',(103.982066485349,-113.401690390013,122.432789220294));
#5208=CARTESIAN_POINT('Ctrl Pts',(103.22379158835,-117.139449262508,125.692975302894));
#5209=CARTESIAN_POINT('Ctrl Pts',(102.374867725223,-120.70140311764,129.099051197787));
#5210=CARTESIAN_POINT('Ctrl Pts',(101.430501896541,-124.061113612789,132.629708506515));
#5211=CARTESIAN_POINT('Ctrl Pts',(100.384984026688,-127.204500176785,136.268359281144));
#5212=CARTESIAN_POINT('Ctrl Pts',(99.2349310652834,-130.115404117754,139.99093545176));
#5213=CARTESIAN_POINT('Ctrl Pts',(97.976610344957,-132.785628820394,143.776486213122));
#5214=CARTESIAN_POINT('Ctrl Pts',(96.609915768205,-135.206306585617,147.59633080571));
#5215=CARTESIAN_POINT('Ctrl Pts',(95.1298081103681,-137.382834009091,151.438463558202));
#5216=CARTESIAN_POINT('Ctrl Pts',(94.0621879782714,-138.67668361626,154.011039037665));
#5217=CARTESIAN_POINT('Ctrl Pts',(93.4939978672381,-139.299470691297,155.328674367268));
#5218=CARTESIAN_POINT('Ctrl Pts',(93.4631844149778,-139.333259427978,155.400063929341));
#5219=CARTESIAN_POINT('Ctrl Pts',(93.4014953910874,-139.400884153896,155.542658947335));
#5220=CARTESIAN_POINT('Ctrl Pts',(93.2932753217374,-139.519515465814,155.791992496167));
#5221=CARTESIAN_POINT('Ctrl Pts',(93.0758484452114,-139.757810968291,156.28963475572));
#5222=CARTESIAN_POINT('Ctrl Pts',(92.7623902667565,-140.101203067438,156.997690216106));
#5223=CARTESIAN_POINT('Ctrl Pts',(92.3816984813823,-140.517906684581,157.842695927584));
#5224=CARTESIAN_POINT('Ctrl Pts',(92.1248771989364,-140.798731158381,158.402897866281));
#5225=CARTESIAN_POINT('Ctrl Pts',(91.995711778402,-140.939879148017,158.682204068135));
#5226=CARTESIAN_POINT('Ctrl Pts',(74.7304302366768,416.162069028756,164.445495923568));
#5227=CARTESIAN_POINT('Ctrl Pts',(74.9183827763978,414.652742757693,164.311430320093));
#5228=CARTESIAN_POINT('Ctrl Pts',(75.2966116852837,411.634300035413,164.034200307947));
#5229=CARTESIAN_POINT('Ctrl Pts',(75.8706197777622,407.111617728569,163.590152008526));
#5230=CARTESIAN_POINT('Ctrl Pts',(76.4528248166369,402.584947457482,163.115242739159));
#5231=CARTESIAN_POINT('Ctrl Pts',(77.0434758073633,398.056606682754,162.607469766496));
#5232=CARTESIAN_POINT('Ctrl Pts',(77.6429360236584,393.528996934921,162.06446480426));
#5233=CARTESIAN_POINT('Ctrl Pts',(78.2517257004377,389.004444433472,161.483379931447));
#5234=CARTESIAN_POINT('Ctrl Pts',(78.8705257560894,384.485324305848,160.860810139697));
#5235=CARTESIAN_POINT('Ctrl Pts',(79.3952732789183,380.725805824021,160.304023300852));
#5236=CARTESIAN_POINT('Ctrl Pts',(79.8210859343724,377.72314612361,159.833320408419));
#5237=CARTESIAN_POINT('Ctrl Pts',(80.143626429146,375.473894677771,159.466917275746));
#5238=CARTESIAN_POINT('Ctrl Pts',(80.4695309549909,373.227658415676,159.086359310805));
#5239=CARTESIAN_POINT('Ctrl Pts',(80.7990097473692,370.984707040914,158.690762163417));
#5240=CARTESIAN_POINT('Ctrl Pts',(81.1322917816715,368.745320213543,158.279160592976));
#5241=CARTESIAN_POINT('Ctrl Pts',(81.46963303573,366.509789894406,157.8504749671));
#5242=CARTESIAN_POINT('Ctrl Pts',(81.8113125264385,364.278431130685,157.403516168787));
#5243=CARTESIAN_POINT('Ctrl Pts',(82.1576407345494,362.051591617058,156.936950794863));
#5244=CARTESIAN_POINT('Ctrl Pts',(82.508950017126,359.829666665938,156.449317068583));
#5245=CARTESIAN_POINT('Ctrl Pts',(82.8656155302429,357.613115604771,155.938950476921));
#5246=CARTESIAN_POINT('Ctrl Pts',(83.2280193542026,355.402485416058,155.404068843824));
#5247=CARTESIAN_POINT('Ctrl Pts',(83.596620011878,353.198434956811,154.842552929533));
#5248=CARTESIAN_POINT('Ctrl Pts',(83.9718215825471,351.001774202433,154.252294538638));
#5249=CARTESIAN_POINT('Ctrl Pts',(84.354223408202,348.81349503856,153.630453588151));
#5250=CARTESIAN_POINT('Ctrl Pts',(84.6791348677922,346.997952182526,153.084122111118));
#5251=CARTESIAN_POINT('Ctrl Pts',(84.9103587610588,345.731945499701,152.684772829611));
#5252=CARTESIAN_POINT('Ctrl Pts',(85.02662277496,345.100281322275,152.481602528899));
#5253=CARTESIAN_POINT('Ctrl Pts',(85.0854504755882,344.784769529105,152.377614945959));
#5254=CARTESIAN_POINT('Ctrl Pts',(85.1182465588553,344.604622297945,152.320403941462));
#5255=CARTESIAN_POINT('Ctrl Pts',(85.1364071474158,344.514495614434,152.286739520104));
#5256=CARTESIAN_POINT('Ctrl Pts',(85.4217851956282,342.722334831991,151.833382031898));
#5257=CARTESIAN_POINT('Ctrl Pts',(85.9727054935691,339.229994249029,150.944130519529));
#5258=CARTESIAN_POINT('Ctrl Pts',(86.7841031287729,333.995549608367,149.590387281757));
#5259=CARTESIAN_POINT('Ctrl Pts',(87.5789845185886,328.763333959082,148.222139774729));
#5260=CARTESIAN_POINT('Ctrl Pts',(88.3565625777182,323.531637309757,146.843133812299));
#5261=CARTESIAN_POINT('Ctrl Pts',(89.1160802487137,318.298925204188,145.457436855517));
#5262=CARTESIAN_POINT('Ctrl Pts',(89.8570867964401,313.063835589172,144.0685743226));
#5263=CARTESIAN_POINT('Ctrl Pts',(90.5792658492032,307.825188362266,142.679933827666));
#5264=CARTESIAN_POINT('Ctrl Pts',(91.2824904681837,302.58197969271,141.294534910318));
#5265=CARTESIAN_POINT('Ctrl Pts',(91.9667592677604,297.333374162903,139.915141578667));
#5266=CARTESIAN_POINT('Ctrl Pts',(92.6321963225998,292.078693026655,138.544202915897));
#5267=CARTESIAN_POINT('Ctrl Pts',(93.2790198880711,286.817392864767,137.183890466771));
#5268=CARTESIAN_POINT('Ctrl Pts',(93.9075292561115,281.549053360181,135.836092129089));
#5269=CARTESIAN_POINT('Ctrl Pts',(94.5180868435558,276.273337758954,134.502428781861));
#5270=CARTESIAN_POINT('Ctrl Pts',(95.1111023220748,270.989998320161,133.184269936402));
#5271=CARTESIAN_POINT('Ctrl Pts',(95.6870254815858,265.698790780677,131.882736149496));
#5272=CARTESIAN_POINT('Ctrl Pts',(96.2463244681069,260.399558458163,130.598739253467));
#5273=CARTESIAN_POINT('Ctrl Pts',(96.7895003385437,255.091978642829,129.332943299026));
#5274=CARTESIAN_POINT('Ctrl Pts',(97.3170606268612,249.775702431441,128.08582145524));
#5275=CARTESIAN_POINT('Ctrl Pts',(97.8294552398173,244.450946274631,126.857811471939));
#5276=CARTESIAN_POINT('Ctrl Pts',(98.3271406698287,239.117823867227,125.649171406022));
#5277=CARTESIAN_POINT('Ctrl Pts',(98.8105516695001,233.776571576833,124.460050187448));
#5278=CARTESIAN_POINT('Ctrl Pts',(99.2801104217716,228.42742645699,123.290473201743));
#5279=CARTESIAN_POINT('Ctrl Pts',(99.7362184437079,223.070676365644,122.140368261714));
#5280=CARTESIAN_POINT('Ctrl Pts',(100.179258257319,217.706624561568,121.009569998192));
#5281=CARTESIAN_POINT('Ctrl Pts',(100.60959077951,212.335600818006,119.897834348521));
#5282=CARTESIAN_POINT('Ctrl Pts',(101.0275557981,206.957947452448,118.804846186867));
#5283=CARTESIAN_POINT('Ctrl Pts',(101.433471182794,201.574022700789,117.730230080586));
#5284=CARTESIAN_POINT('Ctrl Pts',(101.827633497186,196.18419131821,116.673557603317));
#5285=CARTESIAN_POINT('Ctrl Pts',(102.210317707886,190.788831159267,115.634357119071));
#5286=CARTESIAN_POINT('Ctrl Pts',(102.581778586326,185.388316281001,114.612118785758));
#5287=CARTESIAN_POINT('Ctrl Pts',(102.942249594812,179.983042818038,113.606306834655));
#5288=CARTESIAN_POINT('Ctrl Pts',(103.291946627095,174.573376606122,112.616357741056));
#5289=CARTESIAN_POINT('Ctrl Pts',(103.63106281097,169.159748628343,111.641704514364));
#5290=CARTESIAN_POINT('Ctrl Pts',(103.959780187874,163.742472610558,110.681751911975));
#5291=CARTESIAN_POINT('Ctrl Pts',(104.278249539112,158.322086435515,109.735944757391));
#5292=CARTESIAN_POINT('Ctrl Pts',(104.586629525731,152.898722927994,108.803664391284));
#5293=CARTESIAN_POINT('Ctrl Pts',(104.885152800907,147.47078212337,107.884022782343));
#5294=CARTESIAN_POINT('Ctrl Pts',(105.17389422662,142.039068985467,106.97657928417));
#5295=CARTESIAN_POINT('Ctrl Pts',(105.452953521891,136.603691800757,106.080811233707));
#5296=CARTESIAN_POINT('Ctrl Pts',(105.722395767955,131.165065430603,105.196303867607));
#5297=CARTESIAN_POINT('Ctrl Pts',(105.982280026269,125.723423033782,104.322681785572));
#5298=CARTESIAN_POINT('Ctrl Pts',(106.232643938504,120.279066874338,103.459673193226));
#5299=CARTESIAN_POINT('Ctrl Pts',(106.473510904204,114.832233500028,102.607110770654));
#5300=CARTESIAN_POINT('Ctrl Pts',(106.704884897461,109.38316296339,101.764973355093));
#5301=CARTESIAN_POINT('Ctrl Pts',(106.92675133662,103.932059313674,100.933414742144));
#5302=CARTESIAN_POINT('Ctrl Pts',(107.139074187686,98.4791102640489,100.112810125972));
#5303=CARTESIAN_POINT('Ctrl Pts',(107.341794545457,93.0244726034047,99.3038051516484));
#5304=CARTESIAN_POINT('Ctrl Pts',(107.534827692998,87.5682811429038,98.507378384352));
#5305=CARTESIAN_POINT('Ctrl Pts',(107.718060669722,82.1106346852268,97.7249106028243));
#5306=CARTESIAN_POINT('Ctrl Pts',(107.891348554747,76.6516133127585,96.9582686471817));
#5307=CARTESIAN_POINT('Ctrl Pts',(108.054512134435,71.1912417722119,96.2098905590592));
#5308=CARTESIAN_POINT('Ctrl Pts',(108.207333021653,65.7295500837373,95.482888352431));
#5309=CARTESIAN_POINT('Ctrl Pts',(108.349554325019,60.2664511869392,94.7811230190813));
#5310=CARTESIAN_POINT('Ctrl Pts',(108.48087332283,54.8019568155591,94.1093084496143));
#5311=CARTESIAN_POINT('Ctrl Pts',(108.600953026009,49.3358000077371,93.4729969079314));
#5312=CARTESIAN_POINT('Ctrl Pts',(108.709440790437,43.8664155192554,92.8784605906557));
#5313=CARTESIAN_POINT('Ctrl Pts',(108.805903270979,38.3945844479138,92.3329723994271));
#5314=CARTESIAN_POINT('Ctrl Pts',(108.889917031814,32.9203674943356,91.8441452036481));
#5315=CARTESIAN_POINT('Ctrl Pts',(108.961071647435,27.4438382188128,91.4195847152775));
#5316=CARTESIAN_POINT('Ctrl Pts',(109.019009543302,21.9649077054628,91.0662070560075));
#5317=CARTESIAN_POINT('Ctrl Pts',(109.063466007276,16.4830413472868,90.789437164739));
#5318=CARTESIAN_POINT('Ctrl Pts',(109.094315554319,10.9966754864731,90.5922894703566));
#5319=CARTESIAN_POINT('Ctrl Pts',(109.111599349287,5.50613383858098,90.474657213265));
#5320=CARTESIAN_POINT('Ctrl Pts',(109.114270650494,1.84267579765174,90.4464257282124));
#5321=CARTESIAN_POINT('Ctrl Pts',(109.113481284682,0.0060844413888923,90.4434611837428));
#5322=CARTESIAN_POINT('Ctrl Pts',(109.113479537686,0.00206031108278975,
90.4434549285938));
#5323=CARTESIAN_POINT('Ctrl Pts',(109.113094864272,-0.887146927566125,90.4420162918105));
#5324=CARTESIAN_POINT('Ctrl Pts',(109.111771970532,-2.65362035683134,90.4439361952024));
#5325=CARTESIAN_POINT('Ctrl Pts',(109.107514930958,-5.29495721553843,90.4695228085681));
#5326=CARTESIAN_POINT('Ctrl Pts',(109.100478314865,-7.92885274570678,90.5247896061878));
#5327=CARTESIAN_POINT('Ctrl Pts',(109.086883600101,-11.4318738454782,90.6445273629347));
#5328=CARTESIAN_POINT('Ctrl Pts',(109.061181539721,-15.7938742409471,90.8905378701917));
#5329=CARTESIAN_POINT('Ctrl Pts',(109.014696025693,-21.0072637464983,91.3552773287212));
#5330=CARTESIAN_POINT('Ctrl Pts',(108.951571987391,-26.1971533726902,91.9906398784859));
#5331=CARTESIAN_POINT('Ctrl Pts',(108.884629393669,-30.4963617331954,92.6558060126147));
#5332=CARTESIAN_POINT('Ctrl Pts',(108.822157520259,-33.9215368714912,93.2643440351713));
#5333=CARTESIAN_POINT('Ctrl Pts',(108.753641942071,-37.3361582174049,93.921890213295));
#5334=CARTESIAN_POINT('Ctrl Pts',(108.656440998776,-41.5838507778202,94.8323821041695));
#5335=CARTESIAN_POINT('Ctrl Pts',(108.54325474335,-45.7962255027641,95.8516833747991));
#5336=CARTESIAN_POINT('Ctrl Pts',(108.442466898421,-49.1455559038873,96.7294646265273));
#5337=CARTESIAN_POINT('Ctrl Pts',(108.334521886686,-52.4826531087575,97.6487325400226));
#5338=CARTESIAN_POINT('Ctrl Pts',(108.185780084657,-56.625771547031,98.8734074061455));
#5339=CARTESIAN_POINT('Ctrl Pts',(108.017089456162,-60.7246911882886,100.196780014698));
#5340=CARTESIAN_POINT('Ctrl Pts',(107.869075981403,-63.9724772360998,101.314231623589));
#5341=CARTESIAN_POINT('Ctrl Pts',(107.711944951027,-67.1977240314901,102.470857198388));
#5342=CARTESIAN_POINT('Ctrl Pts',(107.49757944387,-71.1848372147846,103.990601268546));
#5343=CARTESIAN_POINT('Ctrl Pts',(107.256943762228,-75.1033404666404,105.609467649889));
#5344=CARTESIAN_POINT('Ctrl Pts',(107.046887247455,-78.1943442499592,106.965842991688));
#5345=CARTESIAN_POINT('Ctrl Pts',(106.879544674776,-80.4970063944138,108.017529752477));
#5346=CARTESIAN_POINT('Ctrl Pts',(106.702099464408,-82.7789920449242,109.102522777589));
#5347=CARTESIAN_POINT('Ctrl Pts',(106.451246582725,-85.7928368862311,110.594349988552));
#5348=CARTESIAN_POINT('Ctrl Pts',(106.109749948404,-89.4991924392677,112.543201048063));
#5349=CARTESIAN_POINT('Ctrl Pts',(105.727380141985,-93.1104641275074,114.60346474317));
#5350=CARTESIAN_POINT('Ctrl Pts',(105.394736563271,-95.9338983264986,116.31712870573));
#5351=CARTESIAN_POINT('Ctrl Pts',(105.043464881445,-98.7113055232007,118.073949153077));
#5352=CARTESIAN_POINT('Ctrl Pts',(104.568059620758,-102.091359955266,120.349320568292));
#5353=CARTESIAN_POINT('Ctrl Pts',(103.934586887541,-105.987894286344,123.20236052162));
#5354=CARTESIAN_POINT('Ctrl Pts',(103.233356891987,-109.711402513664,126.171107415558));
#5355=CARTESIAN_POINT('Ctrl Pts',(102.459181410252,-113.253868242724,129.249830569961));
#5356=CARTESIAN_POINT('Ctrl Pts',(101.600205307682,-116.630319330626,132.454746590777));
#5357=CARTESIAN_POINT('Ctrl Pts',(100.652560854744,-119.817338109064,135.767512804723));
#5358=CARTESIAN_POINT('Ctrl Pts',(99.6112692113756,-122.803018229038,139.174708009885));
#5359=CARTESIAN_POINT('Ctrl Pts',(98.4735409554158,-125.573181541368,142.656051554967));
#5360=CARTESIAN_POINT('Ctrl Pts',(97.2359726352135,-128.120828701294,146.194478767473));
#5361=CARTESIAN_POINT('Ctrl Pts',(95.8986130409962,-130.437908506196,149.765411148301));
#5362=CARTESIAN_POINT('Ctrl Pts',(94.4562531965639,-132.529524785127,153.360261423877));
#5363=CARTESIAN_POINT('Ctrl Pts',(93.4196522328197,-133.77888073238,155.770037123821));
#5364=CARTESIAN_POINT('Ctrl Pts',(92.8682321681946,-134.38169336816,157.006671802348));
#5365=CARTESIAN_POINT('Ctrl Pts',(92.8340362111818,-134.413065634387,157.083790059078));
#5366=CARTESIAN_POINT('Ctrl Pts',(92.7694503367238,-134.477053017109,157.22869302657));
#5367=CARTESIAN_POINT('Ctrl Pts',(92.6543943501411,-134.588751356076,157.486163850709));
#5368=CARTESIAN_POINT('Ctrl Pts',(92.4242539126305,-134.813404844898,157.997548017608));
#5369=CARTESIAN_POINT('Ctrl Pts',(92.0918693865903,-135.136857292119,158.726254699605));
#5370=CARTESIAN_POINT('Ctrl Pts',(91.688347201793,-135.529248258338,159.595059146645));
#5371=CARTESIAN_POINT('Ctrl Pts',(91.4158948891239,-135.793500055864,160.171247284689));
#5372=CARTESIAN_POINT('Ctrl Pts',(91.2789036966739,-135.926298264228,160.458357256606));
#5373=CARTESIAN_POINT('Ctrl Pts',(73.4702202445154,414.728987061059,175.70592051834));
#5374=CARTESIAN_POINT('Ctrl Pts',(73.6736822195514,413.207977963027,175.539253090673));
#5375=CARTESIAN_POINT('Ctrl Pts',(74.0819705995998,410.166007501509,175.190198835771));
#5376=CARTESIAN_POINT('Ctrl Pts',(74.698217110637,405.607313376299,174.618507154114));
#5377=CARTESIAN_POINT('Ctrl Pts',(75.3199735925958,401.043594752568,173.995328228233));
#5378=CARTESIAN_POINT('Ctrl Pts',(75.9475703924266,396.476963788811,173.317970758862));
#5379=CARTESIAN_POINT('Ctrl Pts',(76.5814922051476,391.909638952734,172.583164807416));
#5380=CARTESIAN_POINT('Ctrl Pts',(77.2224270693708,387.343782826896,171.786894928972));
#5381=CARTESIAN_POINT('Ctrl Pts',(77.871284339757,382.781629352679,170.924300340031));
#5382=CARTESIAN_POINT('Ctrl Pts',(78.4195935305815,378.984710659063,170.145304712605));
#5383=CARTESIAN_POINT('Ctrl Pts',(78.8635698645421,375.951165873277,169.482436512698));
#5384=CARTESIAN_POINT('Ctrl Pts',(79.199456716043,373.678262674742,168.964391851384));
#5385=CARTESIAN_POINT('Ctrl Pts',(79.5385032574073,371.407883376929,168.424343840381));
#5386=CARTESIAN_POINT('Ctrl Pts',(79.8810059233571,369.140299359052,167.861039236149));
#5387=CARTESIAN_POINT('Ctrl Pts',(80.2272918681703,366.875796831448,167.273123116538));
#5388=CARTESIAN_POINT('Ctrl Pts',(80.5777313987962,364.614680764932,166.65909028916));
#5389=CARTESIAN_POINT('Ctrl Pts',(80.9327354182005,362.357287369269,166.017311620143));
#5390=CARTESIAN_POINT('Ctrl Pts',(81.2927666002605,360.103994524339,165.345969927413));
#5391=CARTESIAN_POINT('Ctrl Pts',(81.6583331438724,357.855240908208,164.643139352431));
#5392=CARTESIAN_POINT('Ctrl Pts',(82.030011084047,355.611540995739,163.906609833312));
#5393=CARTESIAN_POINT('Ctrl Pts',(82.4084142987608,353.373519141219,163.134187892324));
#5394=CARTESIAN_POINT('Ctrl Pts',(82.7942605694419,351.141922871492,162.323105607384));
#5395=CARTESIAN_POINT('Ctrl Pts',(83.1882537205017,348.917692689383,161.471120258287));
#5396=CARTESIAN_POINT('Ctrl Pts',(83.5913121070958,346.701944866665,160.57439352824));
#5397=CARTESIAN_POINT('Ctrl Pts',(83.9353083907703,344.863783234389,159.788838917362));
#5398=CARTESIAN_POINT('Ctrl Pts',(84.1810205335798,343.582123568915,159.215120200226));
#5399=CARTESIAN_POINT('Ctrl Pts',(84.3048615540674,342.942759030383,158.924861581397));
#5400=CARTESIAN_POINT('Ctrl Pts',(84.3675178010351,342.623320630901,158.774388839598));
#5401=CARTESIAN_POINT('Ctrl Pts',(84.402601932747,342.441119199735,158.695487700175));
#5402=CARTESIAN_POINT('Ctrl Pts',(84.4217634288212,342.349607012684,158.641191350313));
#5403=CARTESIAN_POINT('Ctrl Pts',(84.7338325202711,340.545758755038,158.206826034588));
#5404=CARTESIAN_POINT('Ctrl Pts',(85.336748200813,337.032340443583,157.362370915651));
#5405=CARTESIAN_POINT('Ctrl Pts',(86.2258171348218,331.770705956687,156.081816030835));
#5406=CARTESIAN_POINT('Ctrl Pts',(87.0981524841472,326.515707746254,154.794157774982));
#5407=CARTESIAN_POINT('Ctrl Pts',(87.9530150166315,321.265505240626,153.501719358363));
#5408=CARTESIAN_POINT('Ctrl Pts',(88.7896937637513,316.018464956259,152.208205840208));
#5409=CARTESIAN_POINT('Ctrl Pts',(89.6077530066318,310.773096025375,150.916204729947));
#5410=CARTESIAN_POINT('Ctrl Pts',(90.4068707410786,305.528090304279,149.628430815527));
#5411=CARTESIAN_POINT('Ctrl Pts',(91.1868858518797,300.282300874554,148.347073085964));
#5412=CARTESIAN_POINT('Ctrl Pts',(91.9477377090293,295.034743150868,147.074145739664));
#5413=CARTESIAN_POINT('Ctrl Pts',(92.6894649849766,289.78457939147,145.81131574676));
#5414=CARTESIAN_POINT('Ctrl Pts',(93.4121769735344,284.531100697867,144.560011339534));
#5415=CARTESIAN_POINT('Ctrl Pts',(94.1160418921851,279.273714615941,143.321387330147));
#5416=CARTESIAN_POINT('Ctrl Pts',(94.8012719433277,274.011907575798,142.096364429441));
#5417=CARTESIAN_POINT('Ctrl Pts',(95.4681095925842,268.745251189318,140.885638045101));
#5418=CARTESIAN_POINT('Ctrl Pts',(96.1168241289841,263.473318530326,139.689689170202));
#5419=CARTESIAN_POINT('Ctrl Pts',(96.747691187861,258.195769066727,138.508821166428));
#5420=CARTESIAN_POINT('Ctrl Pts',(97.36101312753,252.912097443482,137.343127126233));
#5421=CARTESIAN_POINT('Ctrl Pts',(97.9570927504206,247.621774137209,136.192542298493));
#5422=CARTESIAN_POINT('Ctrl Pts',(98.5361639890535,242.32483488202,135.056988775268));
#5423=CARTESIAN_POINT('Ctrl Pts',(99.0984673415862,237.021216360692,133.936243163167));
#5424=CARTESIAN_POINT('Ctrl Pts',(99.6442206399853,231.710981660879,132.830001901283));
#5425=CARTESIAN_POINT('Ctrl Pts',(100.173631822249,226.394199701197,131.737867945827));
#5426=CARTESIAN_POINT('Ctrl Pts',(100.686892029987,221.070996027826,130.659374549181));
#5427=CARTESIAN_POINT('Ctrl Pts',(101.184179439748,215.741518367604,129.593988921187));
#5428=CARTESIAN_POINT('Ctrl Pts',(101.665658093393,210.405948476304,128.541125138283));
#5429=CARTESIAN_POINT('Ctrl Pts',(102.131479998012,205.064488960556,127.500150612237));
#5430=CARTESIAN_POINT('Ctrl Pts',(102.581785647509,199.717367324183,126.470395458266));
#5431=CARTESIAN_POINT('Ctrl Pts',(103.016705948496,194.364827278231,125.451158592615));
#5432=CARTESIAN_POINT('Ctrl Pts',(103.436363057392,189.007135902819,124.441716334191));
#5433=CARTESIAN_POINT('Ctrl Pts',(103.840872922469,183.644567475465,123.441326338419));
#5434=CARTESIAN_POINT('Ctrl Pts',(104.230345106574,178.277429765743,122.449239032022));
#5435=CARTESIAN_POINT('Ctrl Pts',(104.604887666947,172.906012637044,121.464694996498));
#5436=CARTESIAN_POINT('Ctrl Pts',(104.964602625186,167.530683447427,120.486949030988));
#5437=CARTESIAN_POINT('Ctrl Pts',(105.309599169787,162.151706604089,119.515244900613));
#5438=CARTESIAN_POINT('Ctrl Pts',(105.639973420848,156.769583287952,118.548884624021));
#5439=CARTESIAN_POINT('Ctrl Pts',(105.955850732563,151.384427500842,117.587124811412));
#5440=CARTESIAN_POINT('Ctrl Pts',(106.257450487468,145.994648518558,116.628956201363));
#5441=CARTESIAN_POINT('Ctrl Pts',(106.5448511493,140.601060545554,115.673847460325));
#5442=CARTESIAN_POINT('Ctrl Pts',(106.818181340505,135.20380425939,114.721207332779));
#5443=CARTESIAN_POINT('Ctrl Pts',(107.077559570585,129.803344409319,113.770581948995));
#5444=CARTESIAN_POINT('Ctrl Pts',(107.323125874521,124.399986625106,112.821589919882));
#5445=CARTESIAN_POINT('Ctrl Pts',(107.555027887184,118.994128302242,111.87399419779));
#5446=CARTESIAN_POINT('Ctrl Pts',(107.773430696016,113.586126790332,110.927711091299));
#5447=CARTESIAN_POINT('Ctrl Pts',(107.978514107679,108.176370333675,109.982862946534));
#5448=CARTESIAN_POINT('Ctrl Pts',(108.170476549772,102.765241172367,109.039820099054));
#5449=CARTESIAN_POINT('Ctrl Pts',(108.349535288887,97.3531372668659,108.099263664987));
#5450=CARTESIAN_POINT('Ctrl Pts',(108.515928463597,91.9404597397608,107.162254081533));
#5451=CARTESIAN_POINT('Ctrl Pts',(108.669915721345,86.5276228762533,106.230317046776));
#5452=CARTESIAN_POINT('Ctrl Pts',(108.811779291325,81.1150399934562,105.305539716443));
#5453=CARTESIAN_POINT('Ctrl Pts',(108.941823758998,75.7031380334877,104.390686054347));
#5454=CARTESIAN_POINT('Ctrl Pts',(109.06037621448,70.2923152209157,103.489315014401));
#5455=CARTESIAN_POINT('Ctrl Pts',(109.167783608109,64.8829897560618,102.605920791599));
#5456=CARTESIAN_POINT('Ctrl Pts',(109.264412272957,59.4754599975084,101.746038452649));
#5457=CARTESIAN_POINT('Ctrl Pts',(109.350639710127,54.0700898825671,100.916382657082));
#5458=CARTESIAN_POINT('Ctrl Pts',(109.426856094228,48.6668945192767,100.12483679183));
#5459=CARTESIAN_POINT('Ctrl Pts',(109.493464157655,43.2644809681358,99.3803017157555));
#5460=CARTESIAN_POINT('Ctrl Pts',(109.550824946417,37.8635808660927,98.693040080671));
#5461=CARTESIAN_POINT('Ctrl Pts',(109.599295985057,32.4639374512874,98.0738362472293));
#5462=CARTESIAN_POINT('Ctrl Pts',(109.639206878142,27.064949368002,97.5335294655418));
#5463=CARTESIAN_POINT('Ctrl Pts',(109.67085447002,21.6654210367448,97.0821183499883));
#5464=CARTESIAN_POINT('Ctrl Pts',(109.694495087666,16.2632325181035,96.7277035269502));
#5465=CARTESIAN_POINT('Ctrl Pts',(109.71033732106,10.8547466974206,96.4752661805702));
#5466=CARTESIAN_POINT('Ctrl Pts',(109.718528779622,5.43771566161345,96.3257017885297));
#5467=CARTESIAN_POINT('Ctrl Pts',(109.718950789166,1.81838425993888,96.2915249334943));
#5468=CARTESIAN_POINT('Ctrl Pts',(109.717903517591,0.0021426439616909,96.2891285067387));
#5469=CARTESIAN_POINT('Ctrl Pts',(109.717901217248,-0.00185898068030417,
96.2891235610885));
#5470=CARTESIAN_POINT('Ctrl Pts',(109.717390942255,-0.881611932011785,96.2879543285463));
#5471=CARTESIAN_POINT('Ctrl Pts',(109.7161214756,-2.62312405373896,96.2917748264606));
#5472=CARTESIAN_POINT('Ctrl Pts',(109.713546795699,-5.21148563863293,96.3269085483117));
#5473=CARTESIAN_POINT('Ctrl Pts',(109.710295219607,-7.77966450888589,96.4001857505885));
#5474=CARTESIAN_POINT('Ctrl Pts',(109.704928910113,-11.1811387320091,96.5563700486662));
#5475=CARTESIAN_POINT('Ctrl Pts',(109.695967308858,-15.3954896230494,96.8724814135892));
#5476=CARTESIAN_POINT('Ctrl Pts',(109.680112739218,-20.4104794149559,97.4592025147456));
#5477=CARTESIAN_POINT('Ctrl Pts',(109.657294942668,-25.3881636526817,98.2489976656915));
#5478=CARTESIAN_POINT('Ctrl Pts',(109.630694544198,-29.5025666302666,99.0635535886737));
#5479=CARTESIAN_POINT('Ctrl Pts',(109.603581333578,-32.7757307223243,99.7998544821848));
#5480=CARTESIAN_POINT('Ctrl Pts',(109.572107487989,-36.0355654683803,100.589202222371));
#5481=CARTESIAN_POINT('Ctrl Pts',(109.523667666073,-40.084471432663,101.669299994082));
#5482=CARTESIAN_POINT('Ctrl Pts',(109.46052471247,-44.0902485413522,102.857499893337));
#5483=CARTESIAN_POINT('Ctrl Pts',(109.399439154987,-47.2686818695972,103.86626776526));
#5484=CARTESIAN_POINT('Ctrl Pts',(109.330652778956,-50.4307473033019,104.912727763856));
#5485=CARTESIAN_POINT('Ctrl Pts',(109.2291427656,-54.3470071828425,106.287026615607));
#5486=CARTESIAN_POINT('Ctrl Pts',(109.103850132764,-58.2073353775405,107.742650438687));
#5487=CARTESIAN_POINT('Ctrl Pts',(108.987493224106,-61.2569246185102,108.953022131768));
#5488=CARTESIAN_POINT('Ctrl Pts',(108.859784536569,-64.2791005374862,110.193310682076));
#5489=CARTESIAN_POINT('Ctrl Pts',(108.67765962352,-68.0031950379606,111.799043804664));
#5490=CARTESIAN_POINT('Ctrl Pts',(108.462567330363,-71.6470855503144,113.476403428641));
#5491=CARTESIAN_POINT('Ctrl Pts',(108.268753461289,-74.5119419751987,114.861841986906));
#5492=CARTESIAN_POINT('Ctrl Pts',(108.111519120963,-76.6414189184977,115.926232057942));
#5493=CARTESIAN_POINT('Ctrl Pts',(107.942073521078,-78.7471336047554,117.014482265553));
#5494=CARTESIAN_POINT('Ctrl Pts',(107.69911291745,-81.5221790957129,118.49775139053));
#5495=CARTESIAN_POINT('Ctrl Pts',(107.362349925568,-84.9239844625459,120.411134321677));
#5496=CARTESIAN_POINT('Ctrl Pts',(106.978374756537,-88.2254932212567,122.401983487145));
#5497=CARTESIAN_POINT('Ctrl Pts',(106.641134054578,-90.8000076445391,124.039624088801));
#5498=CARTESIAN_POINT('Ctrl Pts',(106.283269670496,-93.3284494629975,125.706845876334));
#5499=CARTESIAN_POINT('Ctrl Pts',(105.796292736276,-96.3986224895471,127.844978786993));
#5500=CARTESIAN_POINT('Ctrl Pts',(105.14514857344,-99.9298038429851,130.494346536029));
#5501=CARTESIAN_POINT('Ctrl Pts',(104.424199778773,-103.299075964441,133.222758354357));
#5502=CARTESIAN_POINT('Ctrl Pts',(103.630067084315,-106.502509986654,136.027470379514));
#5503=CARTESIAN_POINT('Ctrl Pts',(102.752596025474,-109.556884516411,138.926053812354));
#5504=CARTESIAN_POINT('Ctrl Pts',(101.789826645513,-112.44402485273,141.905113815352));
#5505=CARTESIAN_POINT('Ctrl Pts',(100.738498748718,-115.155800134987,144.956603763442));
#5506=CARTESIAN_POINT('Ctrl Pts',(99.5973268699309,-117.68147104483,148.066590815979));
#5507=CARTESIAN_POINT('Ctrl Pts',(98.3640295969069,-120.016118728234,151.224595346588));
#5508=CARTESIAN_POINT('Ctrl Pts',(97.0394298645024,-122.15310713894,154.412837422488));
#5509=CARTESIAN_POINT('Ctrl Pts',(95.6185902262329,-124.097034364053,157.628646464956));
#5510=CARTESIAN_POINT('Ctrl Pts',(94.602466043252,-125.268922528022,159.789699126065));
#5511=CARTESIAN_POINT('Ctrl Pts',(94.0626835743877,-125.836951230745,160.9034161843));
#5512=CARTESIAN_POINT('Ctrl Pts',(94.0261593543091,-125.864262452251,160.993435326084));
#5513=CARTESIAN_POINT('Ctrl Pts',(93.9595825492515,-125.922077676035,161.146468670491));
#5514=CARTESIAN_POINT('Ctrl Pts',(93.8398211828825,-126.02204779982,161.42613276594));
#5515=CARTESIAN_POINT('Ctrl Pts',(93.6009169708097,-126.223606153792,161.977177539533));
#5516=CARTESIAN_POINT('Ctrl Pts',(93.2554461797647,-126.513318432936,162.76500656571));
#5517=CARTESIAN_POINT('Ctrl Pts',(92.8360728319778,-126.86457523783,163.703667360826));
#5518=CARTESIAN_POINT('Ctrl Pts',(92.5527245951518,-127.100798429853,164.327212756231));
#5519=CARTESIAN_POINT('Ctrl Pts',(92.4102666775723,-127.219475986376,164.637777285192));
#5520=CARTESIAN_POINT('Ctrl Pts',(78.1069263542142,414.171504240673,185.892039195459));
#5521=CARTESIAN_POINT('Ctrl Pts',(78.2941693345153,412.637071688914,185.698149275645));
#5522=CARTESIAN_POINT('Ctrl Pts',(78.6635050150076,409.567213511187,185.290883361014));
#5523=CARTESIAN_POINT('Ctrl Pts',(79.2021359385267,404.963380233817,184.620216260164));
#5524=CARTESIAN_POINT('Ctrl Pts',(79.7270351156919,400.350874398418,183.885474603541));
#5525=CARTESIAN_POINT('Ctrl Pts',(80.2385282273829,395.731558138866,183.082988407378));
#5526=CARTESIAN_POINT('Ctrl Pts',(80.7370531877095,391.107390765777,182.208240472933));
#5527=CARTESIAN_POINT('Ctrl Pts',(81.2231984956158,386.48025968089,181.255644411011));
#5528=CARTESIAN_POINT('Ctrl Pts',(81.6977601835628,381.852111808611,180.218396773286));
#5529=CARTESIAN_POINT('Ctrl Pts',(82.0844826018308,377.996016857238,179.27660593867));
#5530=CARTESIAN_POINT('Ctrl Pts',(82.3893747086518,374.912474471235,178.471699102016));
#5531=CARTESIAN_POINT('Ctrl Pts',(82.6160549347155,372.600709492477,177.840794450572));
#5532=CARTESIAN_POINT('Ctrl Pts',(82.8410255375027,370.290071391868,177.18110551052));
#5533=CARTESIAN_POINT('Ctrl Pts',(83.0646281736069,367.980801527428,176.490872916607));
#5534=CARTESIAN_POINT('Ctrl Pts',(83.2872608633703,365.67316133894,175.768199066613));
#5535=CARTESIAN_POINT('Ctrl Pts',(83.509395311908,363.367437400233,175.010980333708));
#5536=CARTESIAN_POINT('Ctrl Pts',(83.7315919887085,361.06395863646,174.216951674796));
#5537=CARTESIAN_POINT('Ctrl Pts',(83.9545051344503,358.763105975154,173.383593873084));
#5538=CARTESIAN_POINT('Ctrl Pts',(84.1789237954309,356.465343469678,172.508266594326));
#5539=CARTESIAN_POINT('Ctrl Pts',(84.4057455615459,354.171223501452,171.58794376501));
#5540=CARTESIAN_POINT('Ctrl Pts',(84.6360864482114,351.881455060115,170.619701235074));
#5541=CARTESIAN_POINT('Ctrl Pts',(84.8711367366695,349.596871051143,169.599805425027));
#5542=CARTESIAN_POINT('Ctrl Pts',(85.112500723062,347.318606847663,168.525467800048));
#5543=CARTESIAN_POINT('Ctrl Pts',(85.361610436999,345.047899089721,167.391538027758));
#5544=CARTESIAN_POINT('Ctrl Pts',(85.5777337831328,343.163533631908,166.396264717742));
#5545=CARTESIAN_POINT('Ctrl Pts',(85.7338056624292,341.84925897966,165.66785056088));
#5546=CARTESIAN_POINT('Ctrl Pts',(85.813962909326,341.193792792066,165.299828767064));
#5547=CARTESIAN_POINT('Ctrl Pts',(85.8533027609082,340.865949507898,165.107799452883));
#5548=CARTESIAN_POINT('Ctrl Pts',(85.8780506265766,340.67963111371,165.009335472797));
#5549=CARTESIAN_POINT('Ctrl Pts',(85.8862350242318,340.584718287926,164.936768495691));
#5550=CARTESIAN_POINT('Ctrl Pts',(86.2363433818118,338.772362238857,164.510749694585));
#5551=CARTESIAN_POINT('Ctrl Pts',(86.917818230876,335.244720421966,163.689037952923));
#5552=CARTESIAN_POINT('Ctrl Pts',(87.9277031396345,329.966405300896,162.44687082782));
#5553=CARTESIAN_POINT('Ctrl Pts',(88.9248028803834,324.699505453249,161.20295183437));
#5554=CARTESIAN_POINT('Ctrl Pts',(89.9076567700954,319.44190333502,159.95824715996));
#5555=CARTESIAN_POINT('Ctrl Pts',(90.8754491214976,314.191821812271,158.716042786974));
#5556=CARTESIAN_POINT('Ctrl Pts',(91.827272793938,308.947533822966,157.478032460942));
#5557=CARTESIAN_POINT('Ctrl Pts',(92.7624625891396,303.707518138853,156.24629386866));
#5558=CARTESIAN_POINT('Ctrl Pts',(93.6803859915067,298.47038000641,155.022271922108));
#5559=CARTESIAN_POINT('Ctrl Pts',(94.5805224535243,293.234885934058,153.807338038958));
#5560=CARTESIAN_POINT('Ctrl Pts',(95.4623939295778,287.999933872981,152.602520771494));
#5561=CARTESIAN_POINT('Ctrl Pts',(96.3255792392695,282.764546613876,151.4086760299));
#5562=CARTESIAN_POINT('Ctrl Pts',(97.169686996163,277.527857290703,150.226427185294));
#5563=CARTESIAN_POINT('Ctrl Pts',(97.9943571403014,272.28907704512,149.056222715883));
#5564=CARTESIAN_POINT('Ctrl Pts',(98.7992461243731,267.047502463627,147.898337532036));
#5565=CARTESIAN_POINT('Ctrl Pts',(99.5840332019248,261.802435401898,146.752888458319));
#5566=CARTESIAN_POINT('Ctrl Pts',(100.348400509534,256.553269325364,145.619866217865));
#5567=CARTESIAN_POINT('Ctrl Pts',(101.092064547257,251.299241721267,144.499103561125));
#5568=CARTESIAN_POINT('Ctrl Pts',(101.814748910108,246.0395758171,143.390321908142));
#5569=CARTESIAN_POINT('Ctrl Pts',(102.516104799899,240.77406804172,142.293268198709));
#5570=CARTESIAN_POINT('Ctrl Pts',(103.19580639679,235.502428741682,141.207584207957));
#5571=CARTESIAN_POINT('Ctrl Pts',(103.853519044051,230.224507686394,140.132865498204));
#5572=CARTESIAN_POINT('Ctrl Pts',(104.488917662694,224.940175174644,139.068644484212));
#5573=CARTESIAN_POINT('Ctrl Pts',(105.101681015731,219.649373465538,138.014409017541));
#5574=CARTESIAN_POINT('Ctrl Pts',(105.691498417999,214.352083187946,136.969601538178));
#5575=CARTESIAN_POINT('Ctrl Pts',(106.258070111848,209.048335674485,135.933627126128));
#5576=CARTESIAN_POINT('Ctrl Pts',(106.801111229001,203.738200240155,134.905855403243));
#5577=CARTESIAN_POINT('Ctrl Pts',(107.320353629305,198.421788470749,133.885625375323));
#5578=CARTESIAN_POINT('Ctrl Pts',(107.815549157216,193.09924573198,132.87224724025));
#5579=CARTESIAN_POINT('Ctrl Pts',(108.286471590761,187.770758370978,131.865006937523));
#5580=CARTESIAN_POINT('Ctrl Pts',(108.732920299306,182.43653763403,130.863166259692));
#5581=CARTESIAN_POINT('Ctrl Pts',(109.154721141697,177.096845824303,129.865970892172));
#5582=CARTESIAN_POINT('Ctrl Pts',(109.55173255263,171.751945118401,128.872644533752));
#5583=CARTESIAN_POINT('Ctrl Pts',(109.923842294332,166.402192538507,127.882410524998));
#5584=CARTESIAN_POINT('Ctrl Pts',(110.270982327921,161.047860394696,126.89446380112));
#5585=CARTESIAN_POINT('Ctrl Pts',(110.593110262589,155.689474609281,125.908039408024));
#5586=CARTESIAN_POINT('Ctrl Pts',(110.890254748567,150.32719392119,124.922305997865));
#5587=CARTESIAN_POINT('Ctrl Pts',(111.162568305287,144.959497564721,123.936135129768));
#5588=CARTESIAN_POINT('Ctrl Pts',(111.410113165766,139.587278467984,122.948864573875));
#5589=CARTESIAN_POINT('Ctrl Pts',(111.633052325822,134.210779298581,121.959750261616));
#5590=CARTESIAN_POINT('Ctrl Pts',(111.831595466326,128.830586783794,120.968169358305));
#5591=CARTESIAN_POINT('Ctrl Pts',(112.006036243374,123.447152103569,119.973557239563));
#5592=CARTESIAN_POINT('Ctrl Pts',(112.156745861117,118.06104238319,118.975485467685));
#5593=CARTESIAN_POINT('Ctrl Pts',(112.284191271467,112.672811477352,117.97367756353));
#5594=CARTESIAN_POINT('Ctrl Pts',(112.388942291088,107.283072827995,116.968071630691));
#5595=CARTESIAN_POINT('Ctrl Pts',(112.471686682382,101.892465150684,115.958874667816));
#5596=CARTESIAN_POINT('Ctrl Pts',(112.533242927767,96.5016763988709,114.946641582866));
#5597=CARTESIAN_POINT('Ctrl Pts',(112.574576105362,91.1114333555612,113.932363675713));
#5598=CARTESIAN_POINT('Ctrl Pts',(112.596813584497,85.7225128658475,112.917579466302));
#5599=CARTESIAN_POINT('Ctrl Pts',(112.601261438913,80.3357276537824,111.904500489483));
#5600=CARTESIAN_POINT('Ctrl Pts',(112.589420197549,74.9519382314301,110.896162106631));
#5601=CARTESIAN_POINT('Ctrl Pts',(112.562998268344,69.5720044181359,109.89658103665));
#5602=CARTESIAN_POINT('Ctrl Pts',(112.523922248845,64.1968216508894,108.910940605778));
#5603=CARTESIAN_POINT('Ctrl Pts',(112.474338799931,58.8271620788961,107.945738863193));
#5604=CARTESIAN_POINT('Ctrl Pts',(112.416609531086,53.4638283289688,107.008973163873));
#5605=CARTESIAN_POINT('Ctrl Pts',(112.353285699245,48.1071981070951,106.110152908189));
#5606=CARTESIAN_POINT('Ctrl Pts',(112.287052860512,42.7561192129466,105.260140341219));
#5607=CARTESIAN_POINT('Ctrl Pts',(112.220712890825,37.4113364979992,104.471547423276));
#5608=CARTESIAN_POINT('Ctrl Pts',(112.157054842539,32.0723187579875,103.75776647236));
#5609=CARTESIAN_POINT('Ctrl Pts',(112.098739930645,26.7378124444242,103.132395781553));
#5610=CARTESIAN_POINT('Ctrl Pts',(112.048147953151,21.4055169283357,102.608152384886));
#5611=CARTESIAN_POINT('Ctrl Pts',(112.007208589059,16.0717113227878,102.195575422724));
#5612=CARTESIAN_POINT('Ctrl Pts',(111.977213227295,10.7306628931764,101.901520788531));
#5613=CARTESIAN_POINT('Ctrl Pts',(111.958661314886,5.37754630892186,101.727950080836));
#5614=CARTESIAN_POINT('Ctrl Pts',(111.953566413879,1.79652898012203,101.689460978151));
#5615=CARTESIAN_POINT('Ctrl Pts',(111.952563277178,-0.00211333511255402,
101.687618996178));
#5616=CARTESIAN_POINT('Ctrl Pts',(111.95256112768,-0.00609742605064913,
101.687615316941));
#5617=CARTESIAN_POINT('Ctrl Pts',(111.952069098996,-0.877426485634948,101.686709762584));
#5618=CARTESIAN_POINT('Ctrl Pts',(111.951884631931,-2.59660665647147,101.692107795767));
#5619=CARTESIAN_POINT('Ctrl Pts',(111.956332332767,-5.13743488602564,101.734718993148));
#5620=CARTESIAN_POINT('Ctrl Pts',(111.967144171552,-7.64663324318425,101.821887887914));
#5621=CARTESIAN_POINT('Ctrl Pts',(111.991192131853,-10.9571041710098,102.005925166616));
#5622=CARTESIAN_POINT('Ctrl Pts',(112.040680670964,-15.0396776121463,102.375078875614));
#5623=CARTESIAN_POINT('Ctrl Pts',(112.130728425613,-19.8795392377713,103.052622229698));
#5624=CARTESIAN_POINT('Ctrl Pts',(112.247175219762,-24.6728688488485,103.955233502513));
#5625=CARTESIAN_POINT('Ctrl Pts',(112.360576237264,-28.6299122476988,104.876508377216));
#5626=CARTESIAN_POINT('Ctrl Pts',(112.457000308932,-31.7758807305981,105.702311807933));
#5627=CARTESIAN_POINT('Ctrl Pts',(112.555663230861,-34.9077420181776,106.582769088575));
#5628=CARTESIAN_POINT('Ctrl Pts',(112.680244811554,-38.79531074559,107.777644809385));
#5629=CARTESIAN_POINT('Ctrl Pts',(112.798143965333,-42.6375510807593,109.076661864811));
#5630=CARTESIAN_POINT('Ctrl Pts',(112.883613173723,-45.6831242746204,110.169314481124));
#5631=CARTESIAN_POINT('Ctrl Pts',(112.961657840387,-48.7106614077974,111.295888047576));
#5632=CARTESIAN_POINT('Ctrl Pts',(113.042225815984,-52.4553603367913,112.761968837133));
#5633=CARTESIAN_POINT('Ctrl Pts',(113.09276312015,-56.13867769717,114.295837505074));
#5634=CARTESIAN_POINT('Ctrl Pts',(113.111172071876,-59.0430258685259,115.559692238605));
#5635=CARTESIAN_POINT('Ctrl Pts',(113.11372867761,-61.9174829272159,116.847174024425));
#5636=CARTESIAN_POINT('Ctrl Pts',(113.084983381296,-65.4521372915759,118.499717661459));
#5637=CARTESIAN_POINT('Ctrl Pts',(113.008528850265,-68.9003068802218,120.206993536559));
#5638=CARTESIAN_POINT('Ctrl Pts',(112.91600773209,-71.6049344303882,121.606035329549));
#5639=CARTESIAN_POINT('Ctrl Pts',(112.830022215131,-73.6121055313219,122.675441000329));
#5640=CARTESIAN_POINT('Ctrl Pts',(112.726820973571,-75.5936628202598,123.763436453588));
#5641=CARTESIAN_POINT('Ctrl Pts',(112.565414083553,-78.2008451471296,125.239296877775));
#5642=CARTESIAN_POINT('Ctrl Pts',(112.317595210323,-81.3890140799727,127.130077194684));
#5643=CARTESIAN_POINT('Ctrl Pts',(112.005070901521,-84.4733161737666,129.080521372741));
#5644=CARTESIAN_POINT('Ctrl Pts',(111.714693021987,-86.8730338450579,130.675290935795));
#5645=CARTESIAN_POINT('Ctrl Pts',(111.396981682003,-89.2263799273525,132.292697626626));
#5646=CARTESIAN_POINT('Ctrl Pts',(110.94790329442,-92.0779288049896,134.355730860529));
#5647=CARTESIAN_POINT('Ctrl Pts',(110.323944512961,-95.3496969512229,136.89530608825));
#5648=CARTESIAN_POINT('Ctrl Pts',(109.613571825868,-98.4652813104564,139.495511143748));
#5649=CARTESIAN_POINT('Ctrl Pts',(108.815350790883,-101.423285388994,142.155160450456));
#5650=CARTESIAN_POINT('Ctrl Pts',(107.920949119352,-104.241411507145,144.892541695645));
#5651=CARTESIAN_POINT('Ctrl Pts',(106.930264022758,-106.905043232246,147.696910771482));
#5652=CARTESIAN_POINT('Ctrl Pts',(105.841989084632,-109.408724087326,150.563184523227));
#5653=CARTESIAN_POINT('Ctrl Pts',(104.656689714683,-111.74427684943,153.480943710776));
#5654=CARTESIAN_POINT('Ctrl Pts',(103.373789605448,-113.908535687422,156.443520527192));
#5655=CARTESIAN_POINT('Ctrl Pts',(101.995513509315,-115.896179020419,159.436946350763));
#5656=CARTESIAN_POINT('Ctrl Pts',(100.518049964642,-117.711915604324,162.462292528225));
#5657=CARTESIAN_POINT('Ctrl Pts',(99.4622387756978,-118.811978413052,164.499971468206));
#5658=CARTESIAN_POINT('Ctrl Pts',(98.9023497189501,-119.34692518046,165.554151282054));
#5659=CARTESIAN_POINT('Ctrl Pts',(98.8695788961472,-119.374584074136,165.657525262869));
#5660=CARTESIAN_POINT('Ctrl Pts',(98.8061404941433,-119.431165563639,165.822301799908));
#5661=CARTESIAN_POINT('Ctrl Pts',(98.6938585354831,-119.529854026649,166.129300229307));
#5662=CARTESIAN_POINT('Ctrl Pts',(98.4688053489911,-119.728360202884,166.731137629105));
#5663=CARTESIAN_POINT('Ctrl Pts',(98.1439086960291,-120.014064647716,167.593991616676));
#5664=CARTESIAN_POINT('Ctrl Pts',(97.7492356327367,-120.360538477578,168.622372441613));
#5665=CARTESIAN_POINT('Ctrl Pts',(97.4827346773273,-120.59376469408,169.306816860796));
#5666=CARTESIAN_POINT('Ctrl Pts',(97.3486908245498,-120.710947898639,169.647748175158));
#5667=CARTESIAN_POINT('Ctrl Pts',(80.9608136923907,414.119611020692,189.583182542393));
#5668=CARTESIAN_POINT('Ctrl Pts',(81.137136768507,412.579594404624,189.382375024615));
#5669=CARTESIAN_POINT('Ctrl Pts',(81.4813110386085,409.497963485901,188.960789761252));
#5670=CARTESIAN_POINT('Ctrl Pts',(81.9723522360074,404.874572713474,188.266905703805));
#5671=CARTESIAN_POINT('Ctrl Pts',(82.4396768852095,400.240447419958,187.506754749852));
#5672=CARTESIAN_POINT('Ctrl Pts',(82.8834961825706,395.597313492371,186.676152931566));
#5673=CARTESIAN_POINT('Ctrl Pts',(83.3040885948769,390.946979953536,185.769944176164));
#5674=CARTESIAN_POINT('Ctrl Pts',(83.7018305290216,386.291165693044,184.781754147574));
#5675=CARTESIAN_POINT('Ctrl Pts',(84.0772708646452,381.631632139947,183.703811543352));
#5676=CARTESIAN_POINT('Ctrl Pts',(84.3722338468521,377.746961517103,182.722873744268));
#5677=CARTESIAN_POINT('Ctrl Pts',(84.5980912122685,374.638998402407,181.882782767041));
#5678=CARTESIAN_POINT('Ctrl Pts',(84.7626532823131,372.308110160117,181.223340154899));
#5679=CARTESIAN_POINT('Ctrl Pts',(84.9226393416749,369.977513944213,180.532735451172));
#5680=CARTESIAN_POINT('Ctrl Pts',(85.0783746473357,367.647424474081,179.808950886668));
#5681=CARTESIAN_POINT('Ctrl Pts',(85.2302524208029,365.318078459585,179.049808839876));
#5682=CARTESIAN_POINT('Ctrl Pts',(85.3787529792912,362.989739896789,178.252894356254));
#5683=CARTESIAN_POINT('Ctrl Pts',(85.5244691789477,360.662720088485,177.415605742216));
#5684=CARTESIAN_POINT('Ctrl Pts',(85.6681074720248,358.337386538654,176.53504998118));
#5685=CARTESIAN_POINT('Ctrl Pts',(85.8105563549242,356.014201146033,175.608193557295));
#5686=CARTESIAN_POINT('Ctrl Pts',(85.9528320612971,353.693719247353,174.631565537583));
#5687=CARTESIAN_POINT('Ctrl Pts',(86.0962697856043,351.376678387854,173.601809967745));
#5688=CARTESIAN_POINT('Ctrl Pts',(86.2422585948037,349.063937674135,172.514662610952));
#5689=CARTESIAN_POINT('Ctrl Pts',(86.3928471618414,346.756722004752,171.366935257312));
#5690=CARTESIAN_POINT('Ctrl Pts',(86.549687800155,344.456309686385,170.152796958815));
#5691=CARTESIAN_POINT('Ctrl Pts',(86.6884911263941,342.546757069277,169.084922151399));
#5692=CARTESIAN_POINT('Ctrl Pts',(86.7899816771236,341.214571765258,168.302012935059));
#5693=CARTESIAN_POINT('Ctrl Pts',(86.8434069098209,340.550243892407,167.906356924292));
#5694=CARTESIAN_POINT('Ctrl Pts',(86.8685022856241,340.217747770673,167.699513847731));
#5695=CARTESIAN_POINT('Ctrl Pts',(86.8868320090645,340.029182915702,167.594028890043));
#5696=CARTESIAN_POINT('Ctrl Pts',(86.8884432915341,339.932334687314,167.514979043501));
#5697=CARTESIAN_POINT('Ctrl Pts',(87.2561411586923,338.117228064617,167.089851567388));
#5698=CARTESIAN_POINT('Ctrl Pts',(87.9744555962608,334.585384621754,166.272066659403));
#5699=CARTESIAN_POINT('Ctrl Pts',(89.04130004075,329.302787500621,165.037017768257));
#5700=CARTESIAN_POINT('Ctrl Pts',(90.0975909583302,324.033713052705,163.80177358137));
#5701=CARTESIAN_POINT('Ctrl Pts',(91.1414226672946,318.775888578866,162.566781653531));
#5702=CARTESIAN_POINT('Ctrl Pts',(92.1718956882446,313.527463241018,161.33514284688));
#5703=CARTESIAN_POINT('Ctrl Pts',(93.1878122438199,308.286581468284,160.10820731815));
#5704=CARTESIAN_POINT('Ctrl Pts',(94.1882968775323,303.051608876878,158.887807599201));
#5705=CARTESIAN_POINT('Ctrl Pts',(95.1724393870974,297.821018114049,157.675115869935));
#5706=CARTESIAN_POINT('Ctrl Pts',(96.1394553141895,292.59344412774,156.471276746556));
#5707=CARTESIAN_POINT('Ctrl Pts',(97.0885771440116,287.367645749362,155.277104464257));
#5708=CARTESIAN_POINT('Ctrl Pts',(98.0190935616101,282.142505984258,154.093274775066));
#5709=CARTESIAN_POINT('Ctrl Pts',(98.9303133450942,276.917016207436,152.920256088313));
#5710=CARTESIAN_POINT('Ctrl Pts',(99.8215760867642,271.6902468807,151.758373056573));
#5711=CARTESIAN_POINT('Ctrl Pts',(100.692236411605,266.461355562225,150.607804705923));
#5712=CARTESIAN_POINT('Ctrl Pts',(101.541675223274,261.229508656699,149.468600554905));
#5713=CARTESIAN_POINT('Ctrl Pts',(102.369279810854,255.993968475979,148.340710182493));
#5714=CARTESIAN_POINT('Ctrl Pts',(103.174480500061,250.753847453797,147.223950031889));
#5715=CARTESIAN_POINT('Ctrl Pts',(103.956722578545,245.508250322596,146.118047237189));
#5716=CARTESIAN_POINT('Ctrl Pts',(104.715381748319,240.256860727405,145.022773905308));
#5717=CARTESIAN_POINT('Ctrl Pts',(105.44986851896,234.999284290055,143.937814321878));
#5718=CARTESIAN_POINT('Ctrl Pts',(106.159594705488,229.735274057716,142.862820930984));
#5719=CARTESIAN_POINT('Ctrl Pts',(106.843993982884,224.46461229621,141.797394640377));
#5720=CARTESIAN_POINT('Ctrl Pts',(107.502516127244,219.187162085157,140.74110047117));
#5721=CARTESIAN_POINT('Ctrl Pts',(108.134634475622,213.902833971986,139.693463879961));
#5722=CARTESIAN_POINT('Ctrl Pts',(108.739846396173,208.611598358605,138.653975989866));
#5723=CARTESIAN_POINT('Ctrl Pts',(109.317677480219,203.313472803897,137.62209277857));
#5724=CARTESIAN_POINT('Ctrl Pts',(109.867683353457,198.008526228438,136.597237308416));
#5725=CARTESIAN_POINT('Ctrl Pts',(110.389452918505,192.696870310567,135.578799049297));
#5726=CARTESIAN_POINT('Ctrl Pts',(110.882610212491,187.3786665092,134.566136097616));
#5727=CARTESIAN_POINT('Ctrl Pts',(111.346817998348,182.054109812423,133.558573088625));
#5728=CARTESIAN_POINT('Ctrl Pts',(111.781778637212,176.72345466085,132.555407251617));
#5729=CARTESIAN_POINT('Ctrl Pts',(112.187240232017,171.386963642085,131.555900628827));
#5730=CARTESIAN_POINT('Ctrl Pts',(112.562993596075,166.045002171474,130.559300162501));
#5731=CARTESIAN_POINT('Ctrl Pts',(112.90888748357,160.697859050351,129.564807973343));
#5732=CARTESIAN_POINT('Ctrl Pts',(113.224810705392,155.346084273856,128.571649037624));
#5733=CARTESIAN_POINT('Ctrl Pts',(113.510738551956,149.989869092871,127.578962937076));
#5734=CARTESIAN_POINT('Ctrl Pts',(113.766779259364,144.627734776513,126.58557047244));
#5735=CARTESIAN_POINT('Ctrl Pts',(113.992971528851,139.260621623235,125.590741794787));
#5736=CARTESIAN_POINT('Ctrl Pts',(114.189474423432,133.888829156939,124.593644383406));
#5737=CARTESIAN_POINT('Ctrl Pts',(114.35651697317,128.513009693964,123.593547663819));
#5738=CARTESIAN_POINT('Ctrl Pts',(114.494438436857,123.13368998342,122.589760245934));
#5739=CARTESIAN_POINT('Ctrl Pts',(114.603686228023,117.751523182176,121.581709754602));
#5740=CARTESIAN_POINT('Ctrl Pts',(114.684838925522,112.367160753167,120.568960827587));
#5741=CARTESIAN_POINT('Ctrl Pts',(114.738619249656,106.981326309778,119.551281304826));
#5742=CARTESIAN_POINT('Ctrl Pts',(114.765915839115,101.594782531789,118.528701204844));
#5743=CARTESIAN_POINT('Ctrl Pts',(114.767803710823,96.208356276347,117.501598181779));
#5744=CARTESIAN_POINT('Ctrl Pts',(114.745568694112,90.8229292726575,116.470794196964));
#5745=CARTESIAN_POINT('Ctrl Pts',(114.700732595262,85.4394500911515,115.437676907754));
#5746=CARTESIAN_POINT('Ctrl Pts',(114.635079466098,80.0589201215368,114.404338429122));
#5747=CARTESIAN_POINT('Ctrl Pts',(114.550681777763,74.6824045116287,113.373742016221));
#5748=CARTESIAN_POINT('Ctrl Pts',(114.449923049925,69.3109811265295,112.349897909118));
#5749=CARTESIAN_POINT('Ctrl Pts',(114.335517285833,63.9457715983046,111.338069754252));
#5750=CARTESIAN_POINT('Ctrl Pts',(114.210514433365,58.5877739648218,110.344944313145));
#5751=CARTESIAN_POINT('Ctrl Pts',(114.078298951562,53.2380026627733,109.378838957241));
#5752=CARTESIAN_POINT('Ctrl Pts',(113.942552199689,47.8970145589493,108.449730857145));
#5753=CARTESIAN_POINT('Ctrl Pts',(113.807168946662,42.5637826973523,107.569102577347));
#5754=CARTESIAN_POINT('Ctrl Pts',(113.676257797149,37.2390795738683,106.750358166273));
#5755=CARTESIAN_POINT('Ctrl Pts',(113.553923147083,31.9222744581247,106.007815370329));
#5756=CARTESIAN_POINT('Ctrl Pts',(113.444099092527,26.6118480936761,105.356090025001));
#5757=CARTESIAN_POINT('Ctrl Pts',(113.350312933951,21.3050353762726,104.808934785519));
#5758=CARTESIAN_POINT('Ctrl Pts',(113.275425940568,15.9974346266938,104.377846592283));
#5759=CARTESIAN_POINT('Ctrl Pts',(113.221343694922,10.6824194177264,104.070446888627));
#5760=CARTESIAN_POINT('Ctrl Pts',(113.1887832829,5.35406968117513,103.889170241567));
#5761=CARTESIAN_POINT('Ctrl Pts',(113.180859709069,1.78789895049978,103.849340726745));
#5762=CARTESIAN_POINT('Ctrl Pts',(113.179925219958,-0.00393865514168483,
103.847714130746));
#5763=CARTESIAN_POINT('Ctrl Pts',(113.179923251079,-0.00791637628171983,
103.847710941183));
#5764=CARTESIAN_POINT('Ctrl Pts',(113.179462724577,-0.875935860800803,103.846907924239));
#5765=CARTESIAN_POINT('Ctrl Pts',(113.179899422847,-2.58632331212952,103.85285642343));
#5766=CARTESIAN_POINT('Ctrl Pts',(113.188143711134,-5.10841123863545,103.897952628482));
#5767=CARTESIAN_POINT('Ctrl Pts',(113.206488095818,-7.59436280225295,103.989668419767));
#5768=CARTESIAN_POINT('Ctrl Pts',(113.246231507572,-10.8690189723573,104.182725906497));
#5769=CARTESIAN_POINT('Ctrl Pts',(113.326821061812,-14.89991962109,104.568843355061));
#5770=CARTESIAN_POINT('Ctrl Pts',(113.473053675708,-19.6717549753948,105.274789995297));
#5771=CARTESIAN_POINT('Ctrl Pts',(113.66316648487,-24.3944535776051,106.211705279698));
#5772=CARTESIAN_POINT('Ctrl Pts',(113.850380466646,-28.2922710700123,107.164309870604));
#5773=CARTESIAN_POINT('Ctrl Pts',(114.011757329097,-31.3911206737055,108.015539271817));
#5774=CARTESIAN_POINT('Ctrl Pts',(114.178719616629,-34.4761014271169,108.921273651583));
#5775=CARTESIAN_POINT('Ctrl Pts',(114.393859783509,-38.3056024685058,110.146744678913));
#5776=CARTESIAN_POINT('Ctrl Pts',(114.606169593666,-42.0904163951402,111.473445443988));
#5777=CARTESIAN_POINT('Ctrl Pts',(114.76787312266,-45.0901834607394,112.585869498088));
#5778=CARTESIAN_POINT('Ctrl Pts',(114.922179999345,-48.0718884923052,113.730508312654));
#5779=CARTESIAN_POINT('Ctrl Pts',(115.097120038757,-51.7591388466087,115.21570622193));
#5780=CARTESIAN_POINT('Ctrl Pts',(115.238615343624,-55.3844091332482,116.763773220883));
#5781=CARTESIAN_POINT('Ctrl Pts',(115.326699076567,-58.2417775592175,118.036028488628));
#5782=CARTESIAN_POINT('Ctrl Pts',(115.396600299472,-61.0688499319581,119.329974036662));
#5783=CARTESIAN_POINT('Ctrl Pts',(115.447189482883,-64.5434200467511,120.987034290716));
#5784=CARTESIAN_POINT('Ctrl Pts',(115.442621804404,-67.9302591076913,122.694360568222));
#5785=CARTESIAN_POINT('Ctrl Pts',(115.402802824482,-70.5850170999282,124.09095644264));
#5786=CARTESIAN_POINT('Ctrl Pts',(115.353998263396,-72.5542632101674,125.157319237198));
#5787=CARTESIAN_POINT('Ctrl Pts',(115.28549636397,-74.4974360249681,126.241103172023));
#5788=CARTESIAN_POINT('Ctrl Pts',(115.167003848151,-77.0528369118576,127.709839955768));
#5789=CARTESIAN_POINT('Ctrl Pts',(114.966401889058,-80.1752505133081,129.58898300596));
#5790=CARTESIAN_POINT('Ctrl Pts',(114.692437178163,-83.1927017410152,131.524377842863));
#5791=CARTESIAN_POINT('Ctrl Pts',(114.427781984805,-85.538509245737,133.105185761942));
#5792=CARTESIAN_POINT('Ctrl Pts',(114.132437602765,-87.8377420438984,134.707386489435));
#5793=CARTESIAN_POINT('Ctrl Pts',(113.705136158002,-90.6214485957211,136.749154211136));
#5794=CARTESIAN_POINT('Ctrl Pts',(113.097962719171,-93.8120714848845,139.259819122096));
#5795=CARTESIAN_POINT('Ctrl Pts',(112.395690479919,-96.8474717739543,141.827981497281));
#5796=CARTESIAN_POINT('Ctrl Pts',(111.597661301725,-99.7269106420569,144.452742253011));
#5797=CARTESIAN_POINT('Ctrl Pts',(110.696252088635,-102.468262346868,147.152474598537));
#5798=CARTESIAN_POINT('Ctrl Pts',(109.692054414881,-105.057963628534,149.916985275101));
#5799=CARTESIAN_POINT('Ctrl Pts',(108.584530107893,-107.491392746599,152.74182773358));
#5800=CARTESIAN_POINT('Ctrl Pts',(107.374989420802,-109.761218691067,155.617358870009));
#5801=CARTESIAN_POINT('Ctrl Pts',(106.063579560799,-111.864926324841,158.537813953301));
#5802=CARTESIAN_POINT('Ctrl Pts',(104.653143748926,-113.797720230468,161.490101283184));
#5803=CARTESIAN_POINT('Ctrl Pts',(103.1404137459,-115.564518611365,164.476292620508));
#5804=CARTESIAN_POINT('Ctrl Pts',(102.058976785051,-116.635736655183,166.489297629759));
#5805=CARTESIAN_POINT('Ctrl Pts',(101.485866001664,-117.157153199625,167.532105629291));
#5806=CARTESIAN_POINT('Ctrl Pts',(101.455422529842,-117.186129809565,167.640580356417));
#5807=CARTESIAN_POINT('Ctrl Pts',(101.393892901527,-117.243500865097,167.810398288674));
#5808=CARTESIAN_POINT('Ctrl Pts',(101.286199427416,-117.344420146729,168.128559838948));
#5809=CARTESIAN_POINT('Ctrl Pts',(101.069623449832,-117.546951749946,168.751393017239));
#5810=CARTESIAN_POINT('Ctrl Pts',(100.757321355387,-117.83883645544,169.645107688403));
#5811=CARTESIAN_POINT('Ctrl Pts',(100.377751115969,-118.192896814017,170.710440946681));
#5812=CARTESIAN_POINT('Ctrl Pts',(100.121545168894,-118.431459522319,171.419911805112));
#5813=CARTESIAN_POINT('Ctrl Pts',(99.9926394380784,-118.551338304184,171.773331967864));
#5814=CARTESIAN_POINT('Origin',(-0.00200946650073419,164.5,167.5));
#5815=CARTESIAN_POINT('Ctrl Pts',(-91.9692294644047,-140.908112879984,158.682856330325));
#5816=CARTESIAN_POINT('Ctrl Pts',(-92.0988759782908,-140.774116009127,158.402304679239));
#5817=CARTESIAN_POINT('Ctrl Pts',(-92.3564509321506,-140.505979733393,157.840111722896));
#5818=CARTESIAN_POINT('Ctrl Pts',(-92.7376667385419,-140.103357735424,156.993653475894));
#5819=CARTESIAN_POINT('Ctrl Pts',(-93.0510600384975,-139.767506501648,156.285726240402));
#5820=CARTESIAN_POINT('Ctrl Pts',(-93.2681910298189,-139.532241507921,155.788881069326));
#5821=CARTESIAN_POINT('Ctrl Pts',(-93.3916212288043,-139.397760758767,155.504615030382));
#5822=CARTESIAN_POINT('Ctrl Pts',(-93.4531288794164,-139.33049976843,155.362348012431));
#5823=CARTESIAN_POINT('Ctrl Pts',(-94.0372755230257,-138.690512069791,154.008309911891));
#5824=CARTESIAN_POINT('Ctrl Pts',(-95.1053843557504,-137.397455530353,151.436402871549));
#5825=CARTESIAN_POINT('Ctrl Pts',(-96.5887062148278,-135.217526738678,147.588519528123));
#5826=CARTESIAN_POINT('Ctrl Pts',(-97.9544582854667,-132.800518600375,143.774656650234));
#5827=CARTESIAN_POINT('Ctrl Pts',(-99.2129297144829,-130.133708108268,139.99331490357));
#5828=CARTESIAN_POINT('Ctrl Pts',(-100.363987460742,-127.225046012342,136.272876764039));
#5829=CARTESIAN_POINT('Ctrl Pts',(-101.411328806811,-124.082124036003,132.633944605208));
#5830=CARTESIAN_POINT('Ctrl Pts',(-102.358079262212,-120.720422824845,129.100705345236));
#5831=CARTESIAN_POINT('Ctrl Pts',(-103.209867663182,-117.153506680336,125.689643086926));
#5832=CARTESIAN_POINT('Ctrl Pts',(-103.971131341355,-113.407003133742,122.422626080099));
#5833=CARTESIAN_POINT('Ctrl Pts',(-104.651243693704,-109.486706084625,119.299445950144));
#5834=CARTESIAN_POINT('Ctrl Pts',(-105.260305423313,-105.383381517521,116.310084934735));
#5835=CARTESIAN_POINT('Ctrl Pts',(-105.802718154948,-101.118230556901,113.467642319843));
#5836=CARTESIAN_POINT('Ctrl Pts',(-106.284831054051,-96.7029456326149,110.774381729876));
#5837=CARTESIAN_POINT('Ctrl Pts',(-106.711698005731,-92.1562305141182,108.235824887444));
#5838=CARTESIAN_POINT('Ctrl Pts',(-107.088702399022,-87.4950160003987,105.853377189543));
#5839=CARTESIAN_POINT('Ctrl Pts',(-107.365341786276,-83.5309464628333,103.998943585928));
#5840=CARTESIAN_POINT('Ctrl Pts',(-107.566463454824,-80.3213870119458,102.593456906226));
#5841=CARTESIAN_POINT('Ctrl Pts',(-107.707761428526,-77.896929971646,101.577960379811));
#5842=CARTESIAN_POINT('Ctrl Pts',(-107.839978327046,-75.4589679744,100.601327787508));
#5843=CARTESIAN_POINT('Ctrl Pts',(-107.963821958403,-73.0057507269388,99.6615967414991));
#5844=CARTESIAN_POINT('Ctrl Pts',(-108.080050378464,-70.5327346983358,98.7560621725204));
#5845=CARTESIAN_POINT('Ctrl Pts',(-108.188971311157,-68.0432470032832,97.8851462352174));
#5846=CARTESIAN_POINT('Ctrl Pts',(-108.291036728138,-65.5374343305712,97.0480395633374));
#5847=CARTESIAN_POINT('Ctrl Pts',(-108.386588760948,-63.0169607728999,96.2445772437497));
#5848=CARTESIAN_POINT('Ctrl Pts',(-108.475987826344,-60.4826689989307,95.4743190154121));
#5849=CARTESIAN_POINT('Ctrl Pts',(-108.559547242688,-57.9357498161354,94.737040327102));
#5850=CARTESIAN_POINT('Ctrl Pts',(-108.637566125991,-55.3772316753769,94.0325171243204));
#5851=CARTESIAN_POINT('Ctrl Pts',(-108.710316854594,-52.8080560270977,93.3606196179625));
#5852=CARTESIAN_POINT('Ctrl Pts',(-108.778044535032,-50.2294187436915,92.7213628710878));
#5853=CARTESIAN_POINT('Ctrl Pts',(-108.840983566664,-47.6418743316439,92.1147455164798));
#5854=CARTESIAN_POINT('Ctrl Pts',(-108.899319069465,-45.0472826917549,91.5411587611213));
#5855=CARTESIAN_POINT('Ctrl Pts',(-108.953288968702,-42.4440176958912,91.0003785365483));
#5856=CARTESIAN_POINT('Ctrl Pts',(-109.003075566408,-39.8314347377291,90.4926287817621));
#5857=CARTESIAN_POINT('Ctrl Pts',(-109.048801406374,-37.2108589743577,90.0186708498766));
#5858=CARTESIAN_POINT('Ctrl Pts',(-109.090591759861,-34.5827970268946,89.5791811682545));
#5859=CARTESIAN_POINT('Ctrl Pts',(-109.128551941422,-31.9479790175961,89.1749667854381));
#5860=CARTESIAN_POINT('Ctrl Pts',(-109.162776536308,-29.3073402387873,88.8068644426671));
#5861=CARTESIAN_POINT('Ctrl Pts',(-109.193362987498,-26.6609783561698,88.475564847112));
#5862=CARTESIAN_POINT('Ctrl Pts',(-109.220410351683,-24.0081983489146,88.1815956692246));
#5863=CARTESIAN_POINT('Ctrl Pts',(-109.243994216565,-21.3504063981945,87.9255567588333));
#5864=CARTESIAN_POINT('Ctrl Pts',(-109.264208415573,-18.6883976313908,87.7076196685057));
#5865=CARTESIAN_POINT('Ctrl Pts',(-109.281158174522,-16.0232373360438,87.5275457463337));
#5866=CARTESIAN_POINT('Ctrl Pts',(-109.29497329272,-13.356166883386,87.3844844067251));
#5867=CARTESIAN_POINT('Ctrl Pts',(-109.30582042054,-10.6868441674314,87.27679234682));
#5868=CARTESIAN_POINT('Ctrl Pts',(-109.313898114279,-8.01580897816246,87.202037063888));
#5869=CARTESIAN_POINT('Ctrl Pts',(-109.319453487933,-5.34385659815692,87.1567730090956));
#5870=CARTESIAN_POINT('Ctrl Pts',(-109.322792240066,-2.67167554405731,87.1364168279276));
#5871=CARTESIAN_POINT('Ctrl Pts',(-109.323790443573,-0.89062064788548,87.1355449866219));
#5872=CARTESIAN_POINT('Ctrl Pts',(-109.324058229483,0.00407254075069215,
87.1371088127865));
#5873=CARTESIAN_POINT('Ctrl Pts',(-109.324059424869,0.00811107118384816,
87.1371159790366));
#5874=CARTESIAN_POINT('Ctrl Pts',(-109.324606389548,1.85631721759572,87.1403487776279));
#5875=CARTESIAN_POINT('Ctrl Pts',(-109.322535036281,4.62281123553001,87.159014517036));
#5876=CARTESIAN_POINT('Ctrl Pts',(-109.31379280355,8.31130083852322,87.215074779134));
#5877=CARTESIAN_POINT('Ctrl Pts',(-109.304212255543,11.077442312162,87.273296220191));
#5878=CARTESIAN_POINT('Ctrl Pts',(-109.291584875013,13.8431062898664,87.3481057489553));
#5879=CARTESIAN_POINT('Ctrl Pts',(-109.270671943185,17.5299529475702,87.4701871613548));
#5880=CARTESIAN_POINT('Ctrl Pts',(-109.23688204832,22.1363288234378,87.6647783161034));
#5881=CARTESIAN_POINT('Ctrl Pts',(-109.19296376698,26.7399193992021,87.91381262755));
#5882=CARTESIAN_POINT('Ctrl Pts',(-109.151846505942,30.4211689751207,88.1437430131117));
#5883=CARTESIAN_POINT('Ctrl Pts',(-109.106784220673,34.1011520408392,88.3932898284493));
#5884=CARTESIAN_POINT('Ctrl Pts',(-109.055868938836,37.779248894195,88.6709594648024));
#5885=CARTESIAN_POINT('Ctrl Pts',(-108.999248387038,41.4552349391157,88.9738768951724));
#5886=CARTESIAN_POINT('Ctrl Pts',(-108.953968559242,44.2111551423208,89.2129568042513));
#5887=CARTESIAN_POINT('Ctrl Pts',(-108.905912976749,46.9659363480927,89.463202613653));
#5888=CARTESIAN_POINT('Ctrl Pts',(-108.838187281096,50.6374573673776,89.8108277035311));
#5889=CARTESIAN_POINT('Ctrl Pts',(-108.765061437219,54.3065108397396,90.1780089807492));
#5890=CARTESIAN_POINT('Ctrl Pts',(-108.68667462234,57.9730544046681,90.5622587787007));
#5891=CARTESIAN_POINT('Ctrl Pts',(-108.625275662721,60.7221434492159,90.8584813351634));
#5892=CARTESIAN_POINT('Ctrl Pts',(-108.561299252922,63.4703193859816,91.1622048420183));
#5893=CARTESIAN_POINT('Ctrl Pts',(-108.494770151879,66.2176874388533,91.472971928502));
#5894=CARTESIAN_POINT('Ctrl Pts',(-108.425713424151,68.9642506150461,91.7903490376574));
#5895=CARTESIAN_POINT('Ctrl Pts',(-108.354150899735,71.7100618781733,92.1139527269956));
#5896=CARTESIAN_POINT('Ctrl Pts',(-108.280103088534,74.455143562623,92.443433451968));
#5897=CARTESIAN_POINT('Ctrl Pts',(-108.203588254095,77.199529302224,92.7784812750891));
#5898=CARTESIAN_POINT('Ctrl Pts',(-108.124623007256,79.9432414244034,93.1188196150888));
#5899=CARTESIAN_POINT('Ctrl Pts',(-108.043222116537,82.6863024713315,93.4642050952388));
#5900=CARTESIAN_POINT('Ctrl Pts',(-107.959398727609,85.428729084528,93.8144241153481));
#5901=CARTESIAN_POINT('Ctrl Pts',(-107.873164395881,88.1705347201327,94.1692910780481));
#5902=CARTESIAN_POINT('Ctrl Pts',(-107.784529168281,90.9117289156344,94.5286459680953));
#5903=CARTESIAN_POINT('Ctrl Pts',(-107.693501729607,93.6523162879818,94.8923520991057));
#5904=CARTESIAN_POINT('Ctrl Pts',(-107.600089332721,96.3922998167419,95.260294488738));
#5905=CARTESIAN_POINT('Ctrl Pts',(-107.50429817039,99.1316741903306,95.6323770201429));
#5906=CARTESIAN_POINT('Ctrl Pts',(-107.406132875097,101.870439019299,96.0085224363285));
#5907=CARTESIAN_POINT('Ctrl Pts',(-107.305597662295,104.608574059385,96.3886672542615));
#5908=CARTESIAN_POINT('Ctrl Pts',(-107.202694348822,107.346086469482,96.7727666875304));
#5909=CARTESIAN_POINT('Ctrl Pts',(-107.097426244951,110.082922240901,97.1607810480404));
#5910=CARTESIAN_POINT('Ctrl Pts',(-106.989791044699,112.819131758081,97.5526971315209));
#5911=CARTESIAN_POINT('Ctrl Pts',(-106.843127802299,116.46638948658,98.0804165212277));
#5912=CARTESIAN_POINT('Ctrl Pts',(-106.653873513349,121.023877913617,98.7497951950645));
#5913=CARTESIAN_POINT('Ctrl Pts',(-106.417305854753,126.4892815127,99.5685672352317));
#5914=CARTESIAN_POINT('Ctrl Pts',(-106.171144435886,131.953044543543,100.403379798826));
#5915=CARTESIAN_POINT('Ctrl Pts',(-105.915311112654,137.415355305863,101.254596383726));
#5916=CARTESIAN_POINT('Ctrl Pts',(-105.649749281388,142.87563248184,102.12253300366));
#5917=CARTESIAN_POINT('Ctrl Pts',(-105.374372441714,148.333651591108,103.007614115751));
#5918=CARTESIAN_POINT('Ctrl Pts',(-105.089089457357,153.788986576586,103.910273534528));
#5919=CARTESIAN_POINT('Ctrl Pts',(-104.79379092908,159.241302755607,104.830987151516));
#5920=CARTESIAN_POINT('Ctrl Pts',(-104.48835573116,164.690203622486,105.770239102413));
#5921=CARTESIAN_POINT('Ctrl Pts',(-104.172646734853,170.135313209667,106.728524970876));
#5922=CARTESIAN_POINT('Ctrl Pts',(-103.846512123724,175.576233722917,107.706336777857));
#5923=CARTESIAN_POINT('Ctrl Pts',(-103.509783648498,181.012569252941,108.704158588563));
#5924=CARTESIAN_POINT('Ctrl Pts',(-103.162276438004,186.443914589222,109.722457114757));
#5925=CARTESIAN_POINT('Ctrl Pts',(-102.803787956494,191.869862700531,110.761675290316));
#5926=CARTESIAN_POINT('Ctrl Pts',(-102.434097427558,197.290002565742,111.822224331123));
#5927=CARTESIAN_POINT('Ctrl Pts',(-102.052965066341,202.703922487342,112.904476448342));
#5928=CARTESIAN_POINT('Ctrl Pts',(-101.66013153326,208.111210868295,114.008756846611));
#5929=CARTESIAN_POINT('Ctrl Pts',(-101.255317432333,213.511458984504,115.135335610096));
#5930=CARTESIAN_POINT('Ctrl Pts',(-100.838223059083,218.90426311886,116.284418914383));
#5931=CARTESIAN_POINT('Ctrl Pts',(-100.4085283011,224.289228231359,117.456139903171));
#5932=CARTESIAN_POINT('Ctrl Pts',(-99.9658929779853,229.665970926484,118.650548611177));
#5933=CARTESIAN_POINT('Ctrl Pts',(-99.5099573236379,235.034125323538,119.867601757157));
#5934=CARTESIAN_POINT('Ctrl Pts',(-99.0403433788027,240.393346004833,121.107150862655));
#5935=CARTESIAN_POINT('Ctrl Pts',(-98.5566561289093,245.743318816149,122.36893133541));
#5936=CARTESIAN_POINT('Ctrl Pts',(-98.0584868801555,251.08375959843,123.652547482708));
#5937=CARTESIAN_POINT('Ctrl Pts',(-97.5454144599497,256.414439985999,124.957463485262));
#5938=CARTESIAN_POINT('Ctrl Pts',(-97.0170130198003,261.735164439256,126.282980570623));
#5939=CARTESIAN_POINT('Ctrl Pts',(-96.472849908989,267.04584674036,127.62823951449));
#5940=CARTESIAN_POINT('Ctrl Pts',(-95.9125076434171,272.346383166366,128.992168650937));
#5941=CARTESIAN_POINT('Ctrl Pts',(-95.3355290886792,277.63723624441,130.373617874691));
#5942=CARTESIAN_POINT('Ctrl Pts',(-94.7415096932958,282.918651201163,131.771138844857));
#5943=CARTESIAN_POINT('Ctrl Pts',(-94.1300922583655,288.190864224562,133.183014278308));
#5944=CARTESIAN_POINT('Ctrl Pts',(-93.5009740231179,293.454182017144,134.60725916468));
#5945=CARTESIAN_POINT('Ctrl Pts',(-92.8539249428386,298.708981870823,136.041602207572));
#5946=CARTESIAN_POINT('Ctrl Pts',(-92.1888024927653,303.955755325462,137.483481979094));
#5947=CARTESIAN_POINT('Ctrl Pts',(-91.5055710647882,309.19512386467,138.930039360586));
#5948=CARTESIAN_POINT('Ctrl Pts',(-90.8043215536568,314.427864100266,140.378117364293));
#5949=CARTESIAN_POINT('Ctrl Pts',(-90.0852925420804,319.654921193031,141.824264037928));
#5950=CARTESIAN_POINT('Ctrl Pts',(-89.3488923293838,324.877420954038,143.264741938971));
#5951=CARTESIAN_POINT('Ctrl Pts',(-88.5957196766055,330.096673227441,144.695544424523));
#5952=CARTESIAN_POINT('Ctrl Pts',(-87.8265858044432,335.314170755301,146.112418909806));
#5953=CARTESIAN_POINT('Ctrl Pts',(-87.0425293456742,340.531577905104,147.510900231983));
#5954=CARTESIAN_POINT('Ctrl Pts',(-86.5107348843104,344.011003944849,148.427865951372));
#5955=CARTESIAN_POINT('Ctrl Pts',(-86.2296321770609,345.83699274952,148.904056773946));
#5956=CARTESIAN_POINT('Ctrl Pts',(-86.203282146949,346.008367230199,148.948605506094));
#5957=CARTESIAN_POINT('Ctrl Pts',(-86.150679601213,346.35130489459,149.037191426716));
#5958=CARTESIAN_POINT('Ctrl Pts',(-86.0588804672688,346.951945787935,149.190872305948));
#5959=CARTESIAN_POINT('Ctrl Pts',(-85.8762889438815,348.155149381207,149.492983596267));
#5960=CARTESIAN_POINT('Ctrl Pts',(-85.5150353250259,350.568928591205,150.07684695135));
#5961=CARTESIAN_POINT('Ctrl Pts',(-85.0096063397482,354.036207232512,150.856760711122));
#5962=CARTESIAN_POINT('Ctrl Pts',(-84.4183515201866,358.222415047812,151.716874737722));
#5963=CARTESIAN_POINT('Ctrl Pts',(-83.9369630775632,361.729020858084,152.378225861901));
#5964=CARTESIAN_POINT('Ctrl Pts',(-83.5578793793361,364.543722761547,152.87801219208));
#5965=CARTESIAN_POINT('Ctrl Pts',(-83.2764045581651,366.659170920157,153.239057187557));
#5966=CARTESIAN_POINT('Ctrl Pts',(-82.9975966287072,368.778763044692,153.58713344446));
#5967=CARTESIAN_POINT('Ctrl Pts',(-82.7212967607095,370.902261275288,153.922980027814));
#5968=CARTESIAN_POINT('Ctrl Pts',(-82.4473537765393,373.02944161094,154.247292252043));
#5969=CARTESIAN_POINT('Ctrl Pts',(-82.1756267084702,375.160101049356,154.560704386274));
#5970=CARTESIAN_POINT('Ctrl Pts',(-81.9059827706097,377.294047608949,154.863807217465));
#5971=CARTESIAN_POINT('Ctrl Pts',(-81.638298831972,379.43110044416,155.157141700304));
#5972=CARTESIAN_POINT('Ctrl Pts',(-81.372458818663,381.571085123118,155.441213964876));
#5973=CARTESIAN_POINT('Ctrl Pts',(-81.0203232792446,384.428081758665,155.808237810796));
#5974=CARTESIAN_POINT('Ctrl Pts',(-80.584245596979,388.005817728918,156.246105771933));
#5975=CARTESIAN_POINT('Ctrl Pts',(-80.0667921552565,392.308164829812,156.741153424996));
#5976=CARTESIAN_POINT('Ctrl Pts',(-79.5545836912503,396.618239921374,157.20842339326));
#5977=CARTESIAN_POINT('Ctrl Pts',(-79.0471226279187,400.934668908977,157.650169404081));
#5978=CARTESIAN_POINT('Ctrl Pts',(-78.5440016400097,405.25603223906,158.068326157603));
#5979=CARTESIAN_POINT('Ctrl Pts',(-78.0448932444842,409.580866805695,158.464560829973));
#5980=CARTESIAN_POINT('Ctrl Pts',(-77.7146608075762,412.46540673259,158.715054409872));
#5981=CARTESIAN_POINT('Ctrl Pts',(-77.5501395961179,413.907754031065,158.837090964242));
#5982=CARTESIAN_POINT('Ctrl Pts',(-91.2991588440532,-135.911857637652,160.359307920604));
#5983=CARTESIAN_POINT('Ctrl Pts',(-91.432734970655,-135.78455329179,160.078977756508));
#5984=CARTESIAN_POINT('Ctrl Pts',(-91.6978464147754,-135.529696743879,159.517846333615));
#5985=CARTESIAN_POINT('Ctrl Pts',(-92.0907403926669,-135.147091203616,158.671674853756));
#5986=CARTESIAN_POINT('Ctrl Pts',(-92.4131606192181,-134.827681923703,157.965298767823));
#5987=CARTESIAN_POINT('Ctrl Pts',(-92.6374051970762,-134.604161069085,157.467481440354));
#5988=CARTESIAN_POINT('Ctrl Pts',(-92.7635095635072,-134.475955448966,157.185888899429));
#5989=CARTESIAN_POINT('Ctrl Pts',(-92.828946493196,-134.412636035589,157.038825553771));
#5990=CARTESIAN_POINT('Ctrl Pts',(-93.3960222798539,-133.793228922219,155.767551909472));
#5991=CARTESIAN_POINT('Ctrl Pts',(-94.4328941718161,-132.544559033786,153.358698152295));
#5992=CARTESIAN_POINT('Ctrl Pts',(-95.8783367916231,-130.44965177056,149.758307646194));
#5993=CARTESIAN_POINT('Ctrl Pts',(-97.2146081547305,-128.136015965065,146.193034348372));
#5994=CARTESIAN_POINT('Ctrl Pts',(-98.4521793067706,-125.591546339408,142.658489316997));
#5995=CARTESIAN_POINT('Ctrl Pts',(-99.590716726363,-122.823421322439,139.179161159259));
#5996=CARTESIAN_POINT('Ctrl Pts',(-100.633643357435,-119.838090607821,135.771699198447));
#5997=CARTESIAN_POINT('Ctrl Pts',(-101.583496489018,-116.649096802079,132.456529931255));
#5998=CARTESIAN_POINT('Ctrl Pts',(-102.445199445505,-113.267867898479,129.246939632321));
#5999=CARTESIAN_POINT('Ctrl Pts',(-103.222283975256,-109.717047950515,126.161754291178));
#6000=CARTESIAN_POINT('Ctrl Pts',(-103.923253132802,-106.000386199411,123.19934317563));
#6001=CARTESIAN_POINT('Ctrl Pts',(-104.557470344718,-102.10732465191,120.348937454305));
#6002=CARTESIAN_POINT('Ctrl Pts',(-105.128462900579,-98.0561450636714,117.621968530478));
#6003=CARTESIAN_POINT('Ctrl Pts',(-105.641771861709,-93.8561976718816,115.020015082746));
#6004=CARTESIAN_POINT('Ctrl Pts',(-106.101655858158,-89.5236336990229,112.548121604906));
#6005=CARTESIAN_POINT('Ctrl Pts',(-106.512772281606,-85.0731623577125,110.207841146657));
#6006=CARTESIAN_POINT('Ctrl Pts',(-106.818199891425,-81.2801778087431,108.368578347709));
#6007=CARTESIAN_POINT('Ctrl Pts',(-107.042277177748,-78.203928615982,106.963772399287));
#6008=CARTESIAN_POINT('Ctrl Pts',(-107.200694235475,-75.8775270521759,105.943228634783));
#6009=CARTESIAN_POINT('Ctrl Pts',(-107.349860881111,-73.5354846557936,104.956192101024));
#6010=CARTESIAN_POINT('Ctrl Pts',(-107.490457885515,-71.1760894092565,104.000902811076));
#6011=CARTESIAN_POINT('Ctrl Pts',(-107.623235483809,-68.7949403444654,103.074821148211));
#6012=CARTESIAN_POINT('Ctrl Pts',(-107.748442445883,-66.3952236739709,102.178599126002));
#6013=CARTESIAN_POINT('Ctrl Pts',(-107.866495903219,-63.9770899886103,101.311666812529));
#6014=CARTESIAN_POINT('Ctrl Pts',(-107.97769478892,-61.5421702033755,100.474134098965));
#6015=CARTESIAN_POINT('Ctrl Pts',(-108.082363643061,-59.0913272649999,99.6658615988823));
#6016=CARTESIAN_POINT('Ctrl Pts',(-108.180778748952,-56.6257788637769,98.8869586177586));
#6017=CARTESIAN_POINT('Ctrl Pts',(-108.2732045509,-54.1466070129234,98.1375695449155));
#6018=CARTESIAN_POINT('Ctrl Pts',(-108.359879757044,-51.6548253786986,97.4179652399975));
#6019=CARTESIAN_POINT('Ctrl Pts',(-108.441015510503,-49.1517106805413,96.7286045429008));
#6020=CARTESIAN_POINT('Ctrl Pts',(-108.516815754432,-46.6379265024432,96.0699527549041));
#6021=CARTESIAN_POINT('Ctrl Pts',(-108.587429941275,-44.1154127983389,95.4429309528511));
#6022=CARTESIAN_POINT('Ctrl Pts',(-108.653077074104,-41.582719100546,94.8478051970884));
#6023=CARTESIAN_POINT('Ctrl Pts',(-108.713914807693,-39.0393375830691,94.2853384880557));
#6024=CARTESIAN_POINT('Ctrl Pts',(-108.770033096243,-36.4866621932807,93.7569000210851));
#6025=CARTESIAN_POINT('Ctrl Pts',(-108.82153008735,-33.9252674689606,93.2637772040929));
#6026=CARTESIAN_POINT('Ctrl Pts',(-108.868484678722,-31.3559104793994,92.8074051570827));
#6027=CARTESIAN_POINT('Ctrl Pts',(-108.910967463667,-28.7795034155417,92.389253763042));
#6028=CARTESIAN_POINT('Ctrl Pts',(-108.949057668739,-26.1960821770196,92.0106212093003));
#6029=CARTESIAN_POINT('Ctrl Pts',(-108.982841442645,-23.6048343826997,91.6726101294622));
#6030=CARTESIAN_POINT('Ctrl Pts',(-109.012380189067,-21.0069101359369,91.37639788793));
#6031=CARTESIAN_POINT('Ctrl Pts',(-109.037762148327,-18.4027602381512,91.1226655390941));
#6032=CARTESIAN_POINT('Ctrl Pts',(-109.059093824953,-15.792977015747,90.9116139649017));
#6033=CARTESIAN_POINT('Ctrl Pts',(-109.076516413678,-13.178187453009,90.7427293383088));
#6034=CARTESIAN_POINT('Ctrl Pts',(-109.090221855581,-10.5573040577706,90.6145596393385));
#6035=CARTESIAN_POINT('Ctrl Pts',(-109.100447564531,-7.92991847402733,90.524705078031));
#6036=CARTESIAN_POINT('Ctrl Pts',(-109.107499883874,-5.29567216263668,90.4695199854481));
#6037=CARTESIAN_POINT('Ctrl Pts',(-109.111770304237,-2.65389144631425,90.4439132935601));
#6038=CARTESIAN_POINT('Ctrl Pts',(-109.11309438021,-0.887190965835138,90.4420252346484));
#6039=CARTESIAN_POINT('Ctrl Pts',(-109.113479545656,0.00205977773437427,
90.4434547675766));
#6040=CARTESIAN_POINT('Ctrl Pts',(-109.113481276337,0.00608445723526113,
90.443461341287));
#6041=CARTESIAN_POINT('Ctrl Pts',(-109.114271358694,1.84238872065661,90.4464106409924));
#6042=CARTESIAN_POINT('Ctrl Pts',(-109.112266666582,4.58956536874132,90.4676137831872));
#6043=CARTESIAN_POINT('Ctrl Pts',(-109.102962125708,8.2501967756588,90.5334314370559));
#6044=CARTESIAN_POINT('Ctrl Pts',(-109.092625533363,10.9946055997326,90.6021997153032));
#6045=CARTESIAN_POINT('Ctrl Pts',(-109.078902236253,13.7379024582942,90.6907850472648));
#6046=CARTESIAN_POINT('Ctrl Pts',(-109.056073086867,17.3943255915031,90.8354659240307));
#6047=CARTESIAN_POINT('Ctrl Pts',(-109.01903637905,21.9619944527232,91.0660380766924));
#6048=CARTESIAN_POINT('Ctrl Pts',(-108.970769789468,26.5269530131139,91.36043708375));
#6049=CARTESIAN_POINT('Ctrl Pts',(-108.925550385499,30.1777830080773,91.6315293982434));
#6050=CARTESIAN_POINT('Ctrl Pts',(-108.875986386141,33.8277765370699,91.9251966936224));
#6051=CARTESIAN_POINT('Ctrl Pts',(-108.819994543812,37.47668091825,92.2509871381945));
#6052=CARTESIAN_POINT('Ctrl Pts',(-108.757778240631,41.1244605801881,92.6051169137789));
#6053=CARTESIAN_POINT('Ctrl Pts',(-108.708056756176,43.8597419291788,92.8839275261984));
#6054=CARTESIAN_POINT('Ctrl Pts',(-108.655329454747,46.5944210032294,93.1750035542862));
#6055=CARTESIAN_POINT('Ctrl Pts',(-108.581087756554,50.2398607681975,93.5782551804461));
#6056=CARTESIAN_POINT('Ctrl Pts',(-108.501045242044,53.8839203634488,94.0024243582428));
#6057=CARTESIAN_POINT('Ctrl Pts',(-108.415398282755,57.5265155186659,94.4442733608073));
#6058=CARTESIAN_POINT('Ctrl Pts',(-108.348395100035,60.2581438385373,94.7838423272725));
#6059=CARTESIAN_POINT('Ctrl Pts',(-108.278668715129,62.9893407987763,95.1308973935875));
#6060=CARTESIAN_POINT('Ctrl Pts',(-108.206256181075,65.7201871836648,95.4848386321812));
#6061=CARTESIAN_POINT('Ctrl Pts',(-108.131194543007,68.4506615909939,95.8450978243399));
#6062=CARTESIAN_POINT('Ctrl Pts',(-108.05351686959,71.180790669502,96.2111703432886));
#6063=CARTESIAN_POINT('Ctrl Pts',(-107.973254372471,73.910570445482,96.5825953119477));
#6064=CARTESIAN_POINT('Ctrl Pts',(-107.890435364548,76.6400079706592,96.9589624301128));
#6065=CARTESIAN_POINT('Ctrl Pts',(-107.80508591883,79.3690994590998,97.3399042381238));
#6066=CARTESIAN_POINT('Ctrl Pts',(-107.717229657717,82.0978418893859,97.725095804688));
#6067=CARTESIAN_POINT('Ctrl Pts',(-107.626888003512,84.8262272143456,98.1142504142068));
#6068=CARTESIAN_POINT('Ctrl Pts',(-107.53408022098,87.5542451869822,98.5071172908368));
#6069=CARTESIAN_POINT('Ctrl Pts',(-107.438823521985,90.2818827694243,98.9034784945979));
#6070=CARTESIAN_POINT('Ctrl Pts',(-107.341133234767,93.0091232078318,99.3031461072474));
#6071=CARTESIAN_POINT('Ctrl Pts',(-107.241022750891,95.7359493505092,99.7059600338429));
#6072=CARTESIAN_POINT('Ctrl Pts',(-107.13850393291,98.4623370580631,100.111784625363));
#6073=CARTESIAN_POINT('Ctrl Pts',(-107.033586612097,101.18826834155,100.520508204819));
#6074=CARTESIAN_POINT('Ctrl Pts',(-106.92627980249,103.913706729611,100.932037458537));
#6075=CARTESIAN_POINT('Ctrl Pts',(-106.816589650832,106.638644211094,101.346302051686));
#6076=CARTESIAN_POINT('Ctrl Pts',(-106.704523521304,109.363013186508,101.763240411245));
#6077=CARTESIAN_POINT('Ctrl Pts',(-106.590082588424,112.086850958876,102.182821171474));
#6078=CARTESIAN_POINT('Ctrl Pts',(-106.434339414234,115.717725417751,102.745727055936));
#6079=CARTESIAN_POINT('Ctrl Pts',(-106.233731314801,120.254916825206,103.455871453721));
#6080=CARTESIAN_POINT('Ctrl Pts',(-105.983554803591,125.696187893054,104.31833914117));
#6081=CARTESIAN_POINT('Ctrl Pts',(-105.723810158292,131.135977277169,105.19160474265));
#6082=CARTESIAN_POINT('Ctrl Pts',(-105.454429577769,136.574429748971,106.076020764661));
#6083=CARTESIAN_POINT('Ctrl Pts',(-105.175365121502,142.010936387871,106.971910284839));
#6084=CARTESIAN_POINT('Ctrl Pts',(-104.886534879446,147.445254886735,107.879726194309));
#6085=CARTESIAN_POINT('Ctrl Pts',(-104.587849924529,152.876952661732,108.799945562182));
#6086=CARTESIAN_POINT('Ctrl Pts',(-104.279200250772,158.305697622346,109.733101965329));
#6087=CARTESIAN_POINT('Ctrl Pts',(-103.960461930923,163.731104905181,110.679748990603));
#6088=CARTESIAN_POINT('Ctrl Pts',(-103.631492851365,169.152818203531,111.640462771404));
#6089=CARTESIAN_POINT('Ctrl Pts',(-103.292134314999,174.570467013079,112.615825909821));
#6090=CARTESIAN_POINT('Ctrl Pts',(-102.942209395319,179.983689725088,113.606422768861));
#6091=CARTESIAN_POINT('Ctrl Pts',(-102.581522907811,185.392122033456,114.612829803862));
#6092=CARTESIAN_POINT('Ctrl Pts',(-102.209860459232,190.795403967455,115.635609203285));
#6093=CARTESIAN_POINT('Ctrl Pts',(-101.826987965156,196.19317735018,116.675301125656));
#6094=CARTESIAN_POINT('Ctrl Pts',(-101.432650940229,201.585088737861,117.732416761282));
#6095=CARTESIAN_POINT('Ctrl Pts',(-101.026573993292,206.970789848146,118.807430769827));
#6096=CARTESIAN_POINT('Ctrl Pts',(-100.608460337091,212.349939983056,119.900773695373));
#6097=CARTESIAN_POINT('Ctrl Pts',(-100.177991522187,217.722207817051,121.012823764202));
#6098=CARTESIAN_POINT('Ctrl Pts',(-99.7348272875138,223.087274712825,122.143898383822));
#6099=CARTESIAN_POINT('Ctrl Pts',(-99.2786058187116,228.444837326621,123.294244716771));
#6100=CARTESIAN_POINT('Ctrl Pts',(-98.8089440969743,233.794613100024,124.464030112281));
#6101=CARTESIAN_POINT('Ctrl Pts',(-98.3254391270348,239.136342813892,125.653330869587));
#6102=CARTESIAN_POINT('Ctrl Pts',(-97.827668824266,244.46980097514,126.862121896566));
#6103=CARTESIAN_POINT('Ctrl Pts',(-97.315195140105,249.794794116173,128.090262315629));
#6104=CARTESIAN_POINT('Ctrl Pts',(-96.7875648301705,255.111186117945,129.337486763932));
#6105=CARTESIAN_POINT('Ctrl Pts',(-96.2443169774409,260.418874801349,130.603383179608));
#6106=CARTESIAN_POINT('Ctrl Pts',(-95.6849800866715,265.717867832958,131.887394938856));
#6107=CARTESIAN_POINT('Ctrl Pts',(-95.1090940731596,271.008155568073,133.188770130307));
#6108=CARTESIAN_POINT('Ctrl Pts',(-94.5161527965248,276.290293381916,134.506689277982));
#6109=CARTESIAN_POINT('Ctrl Pts',(-93.9056984630377,281.56461924071,135.840052904541));
#6110=CARTESIAN_POINT('Ctrl Pts',(-93.277314171811,286.831460760469,137.187511013242));
#6111=CARTESIAN_POINT('Ctrl Pts',(-92.6306321250377,292.091213912805,138.547456624917));
#6112=CARTESIAN_POINT('Ctrl Pts',(-91.9653476288897,297.344342624394,139.918016266882));
#6113=CARTESIAN_POINT('Ctrl Pts',(-91.2812403852355,302.591421428598,141.297023244261));
#6114=CARTESIAN_POINT('Ctrl Pts',(-90.5781802630663,307.833151264183,142.682044892148));
#6115=CARTESIAN_POINT('Ctrl Pts',(-89.8561719747661,313.070382925761,144.070306774328));
#6116=CARTESIAN_POINT('Ctrl Pts',(-89.1153290633571,318.304132495131,145.458826282298));
#6117=CARTESIAN_POINT('Ctrl Pts',(-88.3559864674353,323.53558874812,146.844161196391));
#6118=CARTESIAN_POINT('Ctrl Pts',(-87.5785527061042,328.766124939386,148.222903801681));
#6119=CARTESIAN_POINT('Ctrl Pts',(-86.7838579685983,333.997281622451,149.59077487688));
#6120=CARTESIAN_POINT('Ctrl Pts',(-85.9725326877773,339.230787492081,150.944469904877));
#6121=CARTESIAN_POINT('Ctrl Pts',(-85.4218325978636,342.722578402353,151.833197373794));
#6122=CARTESIAN_POINT('Ctrl Pts',(-85.1297084979784,344.55553395787,152.297589011784));
#6123=CARTESIAN_POINT('Ctrl Pts',(-85.0965236002851,344.727853195251,152.357533979942));
#6124=CARTESIAN_POINT('Ctrl Pts',(-85.0354800912181,345.07242915638,152.461983337353));
#6125=CARTESIAN_POINT('Ctrl Pts',(-84.9265970899242,345.676075940883,152.649894966388));
#6126=CARTESIAN_POINT('Ctrl Pts',(-84.7113055473893,346.885308619522,153.01585066861));
#6127=CARTESIAN_POINT('Ctrl Pts',(-84.2842026908087,349.311504584922,153.727005119191));
#6128=CARTESIAN_POINT('Ctrl Pts',(-83.686506971775,352.797234303099,154.679309653653));
#6129=CARTESIAN_POINT('Ctrl Pts',(-82.9871625435896,357.006292362603,155.733285573099));
#6130=CARTESIAN_POINT('Ctrl Pts',(-82.4186447480642,360.532180966836,156.544254363739));
#6131=CARTESIAN_POINT('Ctrl Pts',(-81.9716858438795,363.362301370842,157.156954595751));
#6132=CARTESIAN_POINT('Ctrl Pts',(-81.6403016225576,365.489276282939,157.599180598319));
#6133=CARTESIAN_POINT('Ctrl Pts',(-81.3125670115379,367.620331506918,158.025091579393));
#6134=CARTESIAN_POINT('Ctrl Pts',(-80.9883654699965,369.755205355278,158.43541185685));
#6135=CARTESIAN_POINT('Ctrl Pts',(-80.6675461312231,371.893655073616,158.830934814772));
#6136=CARTESIAN_POINT('Ctrl Pts',(-80.3499830983753,374.03546215574,159.212341916929));
#6137=CARTESIAN_POINT('Ctrl Pts',(-80.0355443009806,376.180422730212,159.580305388077));
#6138=CARTESIAN_POINT('Ctrl Pts',(-79.7241095001326,378.32834717896,159.9354340895));
#6139=CARTESIAN_POINT('Ctrl Pts',(-79.4155602241668,380.479054826781,160.278311888797));
#6140=CARTESIAN_POINT('Ctrl Pts',(-79.0078635823917,383.350146328203,160.719855609112));
#6141=CARTESIAN_POINT('Ctrl Pts',(-78.5049185451338,386.945116498004,161.243772165116));
#6142=CARTESIAN_POINT('Ctrl Pts',(-77.9113095474463,391.267542245402,161.831286871671));
#6143=CARTESIAN_POINT('Ctrl Pts',(-77.3269773770239,395.59713331321,162.380761051526));
#6144=CARTESIAN_POINT('Ctrl Pts',(-76.7513768668499,399.932576668073,162.89492329508));
#6145=CARTESIAN_POINT('Ctrl Pts',(-76.1840648656198,404.272532999239,163.376124033567));
#6146=CARTESIAN_POINT('Ctrl Pts',(-75.6246944784517,408.615636482653,163.826385181276));
#6147=CARTESIAN_POINT('Ctrl Pts',(-75.2569073131093,411.512215946309,164.107079270747));
#6148=CARTESIAN_POINT('Ctrl Pts',(-75.0742674082388,412.960569858116,164.242800771271));
#6149=CARTESIAN_POINT('Ctrl Pts',(-92.4621388060824,-127.234251772677,164.342477290036));
#6150=CARTESIAN_POINT('Ctrl Pts',(-92.5987453667678,-127.118336080535,164.054762582615));
#6151=CARTESIAN_POINT('Ctrl Pts',(-92.8696018415023,-126.886085643253,163.480197717295));
#6152=CARTESIAN_POINT('Ctrl Pts',(-93.2711013230454,-126.537548380274,162.61176911744));
#6153=CARTESIAN_POINT('Ctrl Pts',(-93.5999910857946,-126.246141430421,161.889726646079));
#6154=CARTESIAN_POINT('Ctrl Pts',(-93.8292034147491,-126.042605176954,161.377144381692));
#6155=CARTESIAN_POINT('Ctrl Pts',(-93.9571573566136,-125.925108963584,161.09340772512));
#6156=CARTESIAN_POINT('Ctrl Pts',(-94.0252959513181,-125.868454906975,160.933433821528));
#6157=CARTESIAN_POINT('Ctrl Pts',(-94.5804902297772,-125.284881382854,159.787600423833));
#6158=CARTESIAN_POINT('Ctrl Pts',(-95.596664687237,-124.113497775301,157.628059777313));
#6159=CARTESIAN_POINT('Ctrl Pts',(-97.0204102951901,-122.166462589734,154.40708883639));
#6160=CARTESIAN_POINT('Ctrl Pts',(-98.3437191168574,-120.032513811031,151.224147406329));
#6161=CARTESIAN_POINT('Ctrl Pts',(-99.5768137965587,-117.700612411011,148.069598659882));
#6162=CARTESIAN_POINT('Ctrl Pts',(-100.718566509817,-115.176601272036,144.961523272082));
#6163=CARTESIAN_POINT('Ctrl Pts',(-101.77132252041,-112.464944917231,141.909845467678));
#6164=CARTESIAN_POINT('Ctrl Pts',(-102.736121060676,-109.575822405732,138.928701592408));
#6165=CARTESIAN_POINT('Ctrl Pts',(-103.616185755048,-106.516952625701,136.025943625459));
#6166=CARTESIAN_POINT('Ctrl Pts',(-104.413137835212,-103.305802365491,133.215327842905));
#6167=CARTESIAN_POINT('Ctrl Pts',(-105.13367611656,-99.9425745121234,130.492694509472));
#6168=CARTESIAN_POINT('Ctrl Pts',(-105.78546707769,-96.4144172626784,127.845806012521));
#6169=CARTESIAN_POINT('Ctrl Pts',(-106.370277260152,-92.7345515663485,125.283334940879));
#6170=CARTESIAN_POINT('Ctrl Pts',(-106.89211851877,-88.9082710984634,122.805684754222));
#6171=CARTESIAN_POINT('Ctrl Pts',(-107.353934661481,-84.9473073698703,120.41713600668));
#6172=CARTESIAN_POINT('Ctrl Pts',(-107.759397938857,-80.8625258516946,118.119519694982));
#6173=CARTESIAN_POINT('Ctrl Pts',(-108.053258315602,-77.3664275305429,116.282701363092));
#6174=CARTESIAN_POINT('Ctrl Pts',(-108.263852925073,-74.5215278158677,114.860899030023));
#6175=CARTESIAN_POINT('Ctrl Pts',(-108.410055389312,-72.3653027684098,113.818424624234));
#6176=CARTESIAN_POINT('Ctrl Pts',(-108.544942604662,-70.1897407667519,112.800629166741));
#6177=CARTESIAN_POINT('Ctrl Pts',(-108.66923130726,-67.993197819505,111.806081643395));
#6178=CARTESIAN_POINT('Ctrl Pts',(-108.783693573979,-65.7715220949449,110.832497592574));
#6179=CARTESIAN_POINT('Ctrl Pts',(-108.888674012989,-63.5276569474785,109.880937012289));
#6180=CARTESIAN_POINT('Ctrl Pts',(-108.984689043974,-61.2617614454351,108.951238846533));
#6181=CARTESIAN_POINT('Ctrl Pts',(-109.072170813571,-58.9754106242342,108.043991932544));
#6182=CARTESIAN_POINT('Ctrl Pts',(-109.151595954799,-56.6695043204933,107.159577733204));
#6183=CARTESIAN_POINT('Ctrl Pts',(-109.223418577145,-54.3453085591552,106.298686616095));
#6184=CARTESIAN_POINT('Ctrl Pts',(-109.288103362864,-52.0039999371601,105.462104119749));
#6185=CARTESIAN_POINT('Ctrl Pts',(-109.346109571666,-49.6467190187068,104.650799259956));
#6186=CARTESIAN_POINT('Ctrl Pts',(-109.397892299418,-47.2748842385975,103.866005489976));
#6187=CARTESIAN_POINT('Ctrl Pts',(-109.443909640736,-44.889349778415,103.109001688602));
#6188=CARTESIAN_POINT('Ctrl Pts',(-109.484595032734,-42.4921954099925,102.381636616056));
#6189=CARTESIAN_POINT('Ctrl Pts',(-109.520422261478,-40.0822764483695,101.685025859129));
#6190=CARTESIAN_POINT('Ctrl Pts',(-109.55182349948,-37.6593229170401,101.020871582826));
#6191=CARTESIAN_POINT('Ctrl Pts',(-109.579190116079,-35.2248478377106,100.39160724478));
#6192=CARTESIAN_POINT('Ctrl Pts',(-109.602910938316,-32.7795426951105,99.7995873680431));
#6193=CARTESIAN_POINT('Ctrl Pts',(-109.623352270472,-30.3242095515111,99.2473441735712));
#6194=CARTESIAN_POINT('Ctrl Pts',(-109.640861615385,-27.8597176883845,98.7374526552128));
#6195=CARTESIAN_POINT('Ctrl Pts',(-109.655770022881,-25.3859919851793,98.2722688639403));
#6196=CARTESIAN_POINT('Ctrl Pts',(-109.668388381036,-22.9020113877847,97.8538944872528));
#6197=CARTESIAN_POINT('Ctrl Pts',(-109.678993809863,-20.4084746937703,97.4845118769778));
#6198=CARTESIAN_POINT('Ctrl Pts',(-109.687848171465,-17.9052266182256,97.1656847816098));
#6199=CARTESIAN_POINT('Ctrl Pts',(-109.695191375721,-15.3920281811034,96.8983721642777));
#6200=CARTESIAN_POINT('Ctrl Pts',(-109.701244359719,-12.8684274542767,96.6826348034394));
#6201=CARTESIAN_POINT('Ctrl Pts',(-109.706208925355,-10.3320286087939,96.5173354723625));
#6202=CARTESIAN_POINT('Ctrl Pts',(-109.710258639307,-7.78076029086311,96.4001065614266));
#6203=CARTESIAN_POINT('Ctrl Pts',(-109.71353184012,-5.21224128931754,96.3269187360329));
#6204=CARTESIAN_POINT('Ctrl Pts',(-109.716118060672,-2.62341087306318,96.291747535633));
#6205=CARTESIAN_POINT('Ctrl Pts',(-109.717391154576,-0.881667492625141,
96.2879660811858));
#6206=CARTESIAN_POINT('Ctrl Pts',(-109.717901212637,-0.00185943127243031,
96.2891233492311));
#6207=CARTESIAN_POINT('Ctrl Pts',(-109.717903521358,0.00214265097859361,
96.289128718341));
#6208=CARTESIAN_POINT('Ctrl Pts',(-109.718950344907,1.81809947537939,96.2915048523925));
#6209=CARTESIAN_POINT('Ctrl Pts',(-109.718634846354,4.53218876572118,96.3171777758194));
#6210=CARTESIAN_POINT('Ctrl Pts',(-109.714434522618,8.14503826484128,96.4004295757048));
#6211=CARTESIAN_POINT('Ctrl Pts',(-109.709384390427,10.8521530156176,96.4880887808647));
#6212=CARTESIAN_POINT('Ctrl Pts',(-109.702421747524,13.5570604227247,96.6013843901187));
#6213=CARTESIAN_POINT('Ctrl Pts',(-109.690563924615,17.1612720798999,96.7866452867849));
#6214=CARTESIAN_POINT('Ctrl Pts',(-109.670868662716,21.6625494363028,97.0819020001336));
#6215=CARTESIAN_POINT('Ctrl Pts',(-109.644504666188,26.1613522547898,97.4579735986989));
#6216=CARTESIAN_POINT('Ctrl Pts',(-109.619282773133,29.7601842475743,97.8032558026969));
#6217=CARTESIAN_POINT('Ctrl Pts',(-109.591258468476,33.3589864747041,98.1765043629004));
#6218=CARTESIAN_POINT('Ctrl Pts',(-109.558955266865,36.9581807745541,98.5891892295713));
#6219=CARTESIAN_POINT('Ctrl Pts',(-109.522207728359,40.5580694406478,99.0359156764833));
#6220=CARTESIAN_POINT('Ctrl Pts',(-109.492380247376,43.258383160173,99.3866265514871));
#6221=CARTESIAN_POINT('Ctrl Pts',(-109.460241557568,45.9590824901243,99.7516613472037));
#6222=CARTESIAN_POINT('Ctrl Pts',(-109.414246293103,49.5605439143616,100.255771504091));
#6223=CARTESIAN_POINT('Ctrl Pts',(-109.363444161827,53.1626261619249,100.783425341055));
#6224=CARTESIAN_POINT('Ctrl Pts',(-109.307647210926,56.7651696766469,101.330047035869));
#6225=CARTESIAN_POINT('Ctrl Pts',(-109.263248004301,59.4676825255007,101.748556044232));
#6226=CARTESIAN_POINT('Ctrl Pts',(-109.216251000466,62.170653137751,102.1746220756));
#6227=CARTESIAN_POINT('Ctrl Pts',(-109.16660758863,64.8741180796185,102.607389672232));
#6228=CARTESIAN_POINT('Ctrl Pts',(-109.11427124581,67.5780115646435,103.046048917684));
#6229=CARTESIAN_POINT('Ctrl Pts',(-109.059195586674,70.2823123019984,103.489877265208));
#6230=CARTESIAN_POINT('Ctrl Pts',(-109.001335621053,72.9869682036362,103.938213287283));
#6231=CARTESIAN_POINT('Ctrl Pts',(-108.940647289931,75.6919375537295,104.390465515545));
#6232=CARTESIAN_POINT('Ctrl Pts',(-108.877087871568,78.3971684683626,104.846102092286));
#6233=CARTESIAN_POINT('Ctrl Pts',(-108.81061590192,81.1026106555501,105.304650195877));
#6234=CARTESIAN_POINT('Ctrl Pts',(-108.741191307208,83.8082102123284,105.765690177907));
#6235=CARTESIAN_POINT('Ctrl Pts',(-108.668775425476,86.5139126595749,106.228852412518));
#6236=CARTESIAN_POINT('Ctrl Pts',(-108.593331009381,89.2196626159656,106.693812995935));
#6237=CARTESIAN_POINT('Ctrl Pts',(-108.514822318832,91.9254030201281,107.160289947018));
#6238=CARTESIAN_POINT('Ctrl Pts',(-108.43321495664,94.6310785256729,107.628040005464));
#6239=CARTESIAN_POINT('Ctrl Pts',(-108.348476184582,97.3366290313407,108.096854298025));
#6240=CARTESIAN_POINT('Ctrl Pts',(-108.260574290627,100.042002707584,108.566557055905));
#6241=CARTESIAN_POINT('Ctrl Pts',(-108.169479731466,102.74713161143,109.036999053123));
#6242=CARTESIAN_POINT('Ctrl Pts',(-108.075162900356,105.451978116572,109.508061736873));
#6243=CARTESIAN_POINT('Ctrl Pts',(-107.977598238111,108.156447733784,109.979641808437));
#6244=CARTESIAN_POINT('Ctrl Pts',(-107.876756464011,110.860551840181,110.451672974064));
#6245=CARTESIAN_POINT('Ctrl Pts',(-107.737905614708,114.465306386605,111.081550540663));
#6246=CARTESIAN_POINT('Ctrl Pts',(-107.556023666898,118.970149710242,111.869795331725));
#6247=CARTESIAN_POINT('Ctrl Pts',(-107.32431776344,124.37294351093,112.816845328322));
#6248=CARTESIAN_POINT('Ctrl Pts',(-107.07890839656,129.774460582889,113.76550391286));
#6249=CARTESIAN_POINT('Ctrl Pts',(-106.81961487695,135.174747435615,114.716086009187));
#6250=CARTESIAN_POINT('Ctrl Pts',(-106.546304181333,140.573125301386,115.668908877707));
#6251=CARTESIAN_POINT('Ctrl Pts',(-106.258837391749,145.969300596598,116.624458638275));
#6252=CARTESIAN_POINT('Ctrl Pts',(-105.9570936179,151.36281046916,117.583272201375));
#6253=CARTESIAN_POINT('Ctrl Pts',(-105.640954929367,156.75331007989,118.545969225159));
#6254=CARTESIAN_POINT('Ctrl Pts',(-105.310311735188,162.140419231045,119.513210637398));
#6255=CARTESIAN_POINT('Ctrl Pts',(-104.965057398592,167.523802051029,120.485700064073));
#6256=CARTESIAN_POINT('Ctrl Pts',(-104.605088576159,172.90312362199,121.464165789643));
#6257=CARTESIAN_POINT('Ctrl Pts',(-104.230302542978,178.278072085346,122.449355529884));
#6258=CARTESIAN_POINT('Ctrl Pts',(-103.840596124148,183.648346394144,123.442026296479));
#6259=CARTESIAN_POINT('Ctrl Pts',(-103.435863778953,189.01366261726,124.442938212398));
#6260=CARTESIAN_POINT('Ctrl Pts',(-103.015996140998,194.373750779203,125.452847128905));
#6261=CARTESIAN_POINT('Ctrl Pts',(-102.580878324634,199.728357164859,126.472498397456));
#6262=CARTESIAN_POINT('Ctrl Pts',(-102.130388391636,205.077244139234,127.502620193193));
#6263=CARTESIAN_POINT('Ctrl Pts',(-101.664395772142,210.420191943592,128.543916994033));
#6264=CARTESIAN_POINT('Ctrl Pts',(-101.182759832772,215.756999844471,129.597062557545));
#6265=CARTESIAN_POINT('Ctrl Pts',(-100.685328457085,221.087488777871,130.662692679806));
#6266=CARTESIAN_POINT('Ctrl Pts',(-100.171936937639,226.411503251524,131.741397090811));
#6267=CARTESIAN_POINT('Ctrl Pts',(-99.6424068079534,231.728916087527,132.833711202155));
#6268=CARTESIAN_POINT('Ctrl Pts',(-99.0965454596593,237.03963018161,133.940106201037));
#6269=CARTESIAN_POINT('Ctrl Pts',(-98.5341452068892,242.343588049682,135.060979940654));
#6270=CARTESIAN_POINT('Ctrl Pts',(-97.9549845813858,247.640769235199,136.196643793015));
#6271=CARTESIAN_POINT('Ctrl Pts',(-97.3588267965166,252.931214656743,137.347314779617));
#6272=CARTESIAN_POINT('Ctrl Pts',(-96.7454254876006,258.215002274568,138.513094616813));
#6273=CARTESIAN_POINT('Ctrl Pts',(-96.1145185157892,263.492321793462,139.693971552484));
#6274=CARTESIAN_POINT('Ctrl Pts',(-95.4658494007613,268.763346780803,140.889771900255));
#6275=CARTESIAN_POINT('Ctrl Pts',(-94.799099270944,274.028814214466,142.100277596141));
#6276=CARTESIAN_POINT('Ctrl Pts',(-94.1139894574413,279.289243978874,143.325025938775));
#6277=CARTESIAN_POINT('Ctrl Pts',(-93.410269069564,284.545143754521,144.563340451722));
#6278=CARTESIAN_POINT('Ctrl Pts',(-92.6877194834433,289.79708582424,145.814309999216));
#6279=CARTESIAN_POINT('Ctrl Pts',(-91.9461663732105,295.045706138876,147.076797598638));
#6280=CARTESIAN_POINT('Ctrl Pts',(-91.185497652986,300.291744199712,148.349369389691));
#6281=CARTESIAN_POINT('Ctrl Pts',(-90.4056684104336,305.536060491755,149.630391169671));
#6282=CARTESIAN_POINT('Ctrl Pts',(-89.6067417564322,310.779653742093,150.917804566401));
#6283=CARTESIAN_POINT('Ctrl Pts',(-88.7888661207474,316.023685446084,152.209518846787));
#6284=CARTESIAN_POINT('Ctrl Pts',(-87.9523800641971,321.269468174079,153.502646727453));
#6285=CARTESIAN_POINT('Ctrl Pts',(-87.0976803673713,326.518512343833,154.794940179648));
#6286=CARTESIAN_POINT('Ctrl Pts',(-86.2255443769367,331.772441982877,156.082055741299));
#6287=CARTESIAN_POINT('Ctrl Pts',(-85.3365678171868,337.033148371533,157.362970688522));
#6288=CARTESIAN_POINT('Ctrl Pts',(-84.7338686915798,340.545985953019,158.20615179877));
#6289=CARTESIAN_POINT('Ctrl Pts',(-84.4144680414039,342.390947126629,158.652531670325));
#6290=CARTESIAN_POINT('Ctrl Pts',(-84.37923448379,342.565598991949,158.743287363997));
#6291=CARTESIAN_POINT('Ctrl Pts',(-84.3136700169609,342.913776335075,158.879994752819));
#6292=CARTESIAN_POINT('Ctrl Pts',(-84.1971530577222,343.524254061545,159.137174391332));
#6293=CARTESIAN_POINT('Ctrl Pts',(-83.9667745403243,344.74703523914,159.632885798259));
#6294=CARTESIAN_POINT('Ctrl Pts',(-83.5107368867061,347.201137224968,160.6039739153));
#6295=CARTESIAN_POINT('Ctrl Pts',(-82.8748102629952,350.728118552991,161.912246467223));
#6296=CARTESIAN_POINT('Ctrl Pts',(-82.1338826509823,354.988122678277,163.372275108843));
#6297=CARTESIAN_POINT('Ctrl Pts',(-81.533569949287,358.55691690674,164.501272400653));
#6298=CARTESIAN_POINT('Ctrl Pts',(-81.0624840327347,361.421325527251,165.356581290467));
#6299=CARTESIAN_POINT('Ctrl Pts',(-80.7135546308716,363.573921956456,165.974547671526));
#6300=CARTESIAN_POINT('Ctrl Pts',(-80.3687314084,365.730451087972,166.570212273133));
#6301=CARTESIAN_POINT('Ctrl Pts',(-80.0278038606382,367.890596322129,167.144192713238));
#6302=CARTESIAN_POINT('Ctrl Pts',(-79.690535087381,370.054074134025,167.69740120378));
#6303=CARTESIAN_POINT('Ctrl Pts',(-79.3567171034593,372.220629417665,168.230542114874));
#6304=CARTESIAN_POINT('Ctrl Pts',(-79.0261418869669,374.390030030409,168.744381697442));
#6305=CARTESIAN_POINT('Ctrl Pts',(-78.6986187779977,376.562063612715,169.239600417005));
#6306=CARTESIAN_POINT('Ctrl Pts',(-78.3739637371951,378.736532077722,169.716876280945));
#6307=CARTESIAN_POINT('Ctrl Pts',(-77.9446908568915,381.638824865477,170.33014737916));
#6308=CARTESIAN_POINT('Ctrl Pts',(-77.414443625063,385.271874490967,171.054954905404));
#6309=CARTESIAN_POINT('Ctrl Pts',(-76.787157611528,389.638502818263,171.862255053713));
#6310=CARTESIAN_POINT('Ctrl Pts',(-76.1679201376896,394.010838834363,172.610935405883));
#6311=CARTESIAN_POINT('Ctrl Pts',(-75.5559296852013,398.387645053233,173.304355850178));
#6312=CARTESIAN_POINT('Ctrl Pts',(-74.9505380299129,402.767693175431,173.945407482894));
#6313=CARTESIAN_POINT('Ctrl Pts',(-74.3512367412764,407.149758966498,174.536551414044));
#6314=CARTESIAN_POINT('Ctrl Pts',(-73.9555135070136,410.071674712819,174.89874094479));
#6315=CARTESIAN_POINT('Ctrl Pts',(-73.7585618806953,411.532570330872,175.072140577445));
#6316=CARTESIAN_POINT('Ctrl Pts',(-97.3460512149423,-120.706240173582,169.185087915561));
#6317=CARTESIAN_POINT('Ctrl Pts',(-97.4792827142169,-120.59360177973,168.880777147198));
#6318=CARTESIAN_POINT('Ctrl Pts',(-97.7435318031651,-120.368093361766,168.274331773835));
#6319=CARTESIAN_POINT('Ctrl Pts',(-98.1340576658601,-120.02955766306,167.356831993979));
#6320=CARTESIAN_POINT('Ctrl Pts',(-98.4540837247535,-119.746896556207,166.596782104861));
#6321=CARTESIAN_POINT('Ctrl Pts',(-98.6759343634952,-119.549114717701,166.054606279243));
#6322=CARTESIAN_POINT('Ctrl Pts',(-98.8011785489443,-119.435609324629,165.759358511126));
#6323=CARTESIAN_POINT('Ctrl Pts',(-98.865012296133,-119.379658805117,165.583617059825));
#6324=CARTESIAN_POINT('Ctrl Pts',(-99.4406011966758,-118.829988158142,164.498292500233));
#6325=CARTESIAN_POINT('Ctrl Pts',(-100.496537650481,-117.730443667471,162.462772155661));
#6326=CARTESIAN_POINT('Ctrl Pts',(-101.976853458568,-115.911755624743,159.432556314044));
#6327=CARTESIAN_POINT('Ctrl Pts',(-103.353756458296,-113.926902646257,156.444471814312));
#6328=CARTESIAN_POINT('Ctrl Pts',(-104.636376320109,-111.765087006041,153.485238049018));
#6329=CARTESIAN_POINT('Ctrl Pts',(-105.822259801015,-109.430950774233,150.56944223974));
#6330=CARTESIAN_POINT('Ctrl Pts',(-106.911999365138,-106.927235751962,147.703067778694));
#6331=CARTESIAN_POINT('Ctrl Pts',(-107.90478085931,-104.261621560749,144.896803310485));
#6332=CARTESIAN_POINT('Ctrl Pts',(-108.801847059574,-101.439186689757,142.155495275033));
#6333=CARTESIAN_POINT('Ctrl Pts',(-109.60290074523,-98.4738814419293,139.490203032248));
#6334=CARTESIAN_POINT('Ctrl Pts',(-110.312876647681,-95.3637040167912,136.895423985271));
#6335=CARTESIAN_POINT('Ctrl Pts',(-110.937545965047,-92.0945745279726,134.358172423689));
#6336=CARTESIAN_POINT('Ctrl Pts',(-111.476969525607,-88.6765964800895,131.885636806361));
#6337=CARTESIAN_POINT('Ctrl Pts',(-111.933773445155,-85.1127579055313,129.477489644024));
#6338=CARTESIAN_POINT('Ctrl Pts',(-112.309928438267,-81.4122756157402,127.137366284909));
#6339=CARTESIAN_POINT('Ctrl Pts',(-112.608659698704,-77.5839325828214,124.866847998324));
#6340=CARTESIAN_POINT('Ctrl Pts',(-112.796121199738,-74.2966087384927,123.034788605589));
#6341=CARTESIAN_POINT('Ctrl Pts',(-112.911541454989,-71.6150388085622,121.606224597136));
#6342=CARTESIAN_POINT('Ctrl Pts',(-112.981497142302,-69.579349922995,120.55344629614));
#6343=CARTESIAN_POINT('Ctrl Pts',(-113.035526802608,-67.5221697324701,119.520197315178));
#6344=CARTESIAN_POINT('Ctrl Pts',(-113.074473484745,-65.4419595883291,118.505111858125));
#6345=CARTESIAN_POINT('Ctrl Pts',(-113.099147652222,-63.3348033291354,117.505926243614));
#6346=CARTESIAN_POINT('Ctrl Pts',(-113.110250682299,-61.203525819657,116.523798335323));
#6347=CARTESIAN_POINT('Ctrl Pts',(-113.108599437799,-59.0483435226282,115.558668803545));
#6348=CARTESIAN_POINT('Ctrl Pts',(-113.095033683259,-56.8708398209391,114.611270212453));
#6349=CARTESIAN_POINT('Ctrl Pts',(-113.070467137878,-54.6719858619136,113.68216001371));
#6350=CARTESIAN_POINT('Ctrl Pts',(-113.035861476677,-52.4531242453808,112.772250044796));
#6351=CARTESIAN_POINT('Ctrl Pts',(-112.992243404539,-50.2155375216955,111.882598496869));
#6352=CARTESIAN_POINT('Ctrl Pts',(-112.94068829158,-47.9604923037204,111.014500013541));
#6353=CARTESIAN_POINT('Ctrl Pts',(-112.882334332087,-45.689537980675,110.169584597291));
#6354=CARTESIAN_POINT('Ctrl Pts',(-112.818347100572,-43.4036915737465,109.349578341477));
#6355=CARTESIAN_POINT('Ctrl Pts',(-112.749966452365,-41.1051473115887,108.556881792782));
#6356=CARTESIAN_POINT('Ctrl Pts',(-112.678362862158,-38.792997428131,107.793143942237));
#6357=CARTESIAN_POINT('Ctrl Pts',(-112.604739992239,-36.4671483178452,107.060691467733));
#6358=CARTESIAN_POINT('Ctrl Pts',(-112.530360565321,-34.1291824968326,106.362701929268));
#6359=CARTESIAN_POINT('Ctrl Pts',(-112.45645231048,-31.7798438434251,105.702313660707));
#6360=CARTESIAN_POINT('Ctrl Pts',(-112.384218667814,-29.4199124565413,105.082898202258));
#6361=CARTESIAN_POINT('Ctrl Pts',(-112.314818332835,-27.050144222906,104.507908917184));
#6362=CARTESIAN_POINT('Ctrl Pts',(-112.249318946524,-24.6702753546027,103.980575158506));
#6363=CARTESIAN_POINT('Ctrl Pts',(-112.188687349068,-22.2789955884918,103.503852288467));
#6364=CARTESIAN_POINT('Ctrl Pts',(-112.133838678902,-19.8764879444282,103.080797402076));
#6365=CARTESIAN_POINT('Ctrl Pts',(-112.085540292473,-17.4619286505299,102.713770808928));
#6366=CARTESIAN_POINT('Ctrl Pts',(-112.044412151239,-15.0341987059548,102.40443888542));
#6367=CARTESIAN_POINT('Ctrl Pts',(-112.01088404339,-12.5917364708003,102.153429546546));
#6368=CARTESIAN_POINT('Ctrl Pts',(-111.98514095184,-10.1308281727804,101.959966743117));
#6369=CARTESIAN_POINT('Ctrl Pts',(-111.967103871396,-7.64777001419676,101.821814635828));
#6370=CARTESIAN_POINT('Ctrl Pts',(-111.956324391291,-5.13823620451673,101.734740541941));
#6371=CARTESIAN_POINT('Ctrl Pts',(-111.951876960947,-2.59691249002199,101.692077073275));
#6372=CARTESIAN_POINT('Ctrl Pts',(-111.952071583414,-0.877493931948259,
101.686723815949));
#6373=CARTESIAN_POINT('Ctrl Pts',(-111.952561082806,-0.0060977976224469,
101.687615063102));
#6374=CARTESIAN_POINT('Ctrl Pts',(-111.952563320075,-0.00211333787325569,
101.687619253557));
#6375=CARTESIAN_POINT('Ctrl Pts',(-111.953562378497,1.79624626801962,101.689436658774));
#6376=CARTESIAN_POINT('Ctrl Pts',(-111.957391961946,4.48160642401892,101.718353073731));
#6377=CARTESIAN_POINT('Ctrl Pts',(-111.967928972931,8.05292476689036,101.814671072906));
#6378=CARTESIAN_POINT('Ctrl Pts',(-111.978640451406,10.7276482743572,101.916539680854));
#6379=CARTESIAN_POINT('Ctrl Pts',(-111.992198293266,13.399281030811,102.048430694416));
#6380=CARTESIAN_POINT('Ctrl Pts',(-112.014017503317,16.9583839509338,102.26419016797));
#6381=CARTESIAN_POINT('Ctrl Pts',(-112.048122734797,21.4026807966579,102.60790051574));
#6382=CARTESIAN_POINT('Ctrl Pts',(-112.090272743102,25.8454667410714,103.044649924159));
#6383=CARTESIAN_POINT('Ctrl Pts',(-112.127851066249,29.4008568307336,103.444586818764));
#6384=CARTESIAN_POINT('Ctrl Pts',(-112.16760891545,32.9573200700199,103.876115261259));
#6385=CARTESIAN_POINT('Ctrl Pts',(-112.210037630794,36.5161008448091,104.351835226451));
#6386=CARTESIAN_POINT('Ctrl Pts',(-112.253809968017,40.0778279442784,104.8649776408));
#6387=CARTESIAN_POINT('Ctrl Pts',(-112.286962123198,42.7506823447595,105.266862483911));
#6388=CARTESIAN_POINT('Ctrl Pts',(-112.320088618108,45.4251157780636,105.684110461042));
#6389=CARTESIAN_POINT('Ctrl Pts',(-112.36375751261,48.9931483061564,106.258830346048));
#6390=CARTESIAN_POINT('Ctrl Pts',(-112.405976004396,52.5641833034609,106.85799866908));
#6391=CARTESIAN_POINT('Ctrl Pts',(-112.445393528488,56.137949132922,107.476042605688));
#6392=CARTESIAN_POINT('Ctrl Pts',(-112.47323985785,58.8199649860718,107.947873522235));
#6393=CARTESIAN_POINT('Ctrl Pts',(-112.499052806414,61.5034801838084,108.426816477954));
#6394=CARTESIAN_POINT('Ctrl Pts',(-112.52253314409,64.1884765684769,108.911849559371));
#6395=CARTESIAN_POINT('Ctrl Pts',(-112.543391562317,66.8748330643122,109.402010801195));
#6396=CARTESIAN_POINT('Ctrl Pts',(-112.561353596693,69.5624694736166,109.896448822297));
#6397=CARTESIAN_POINT('Ctrl Pts',(-112.576157628699,72.2512744976993,110.394390072233));
#6398=CARTESIAN_POINT('Ctrl Pts',(-112.587556249155,74.9411465519179,110.895149111465));
#6399=CARTESIAN_POINT('Ctrl Pts',(-112.59531557851,77.631974554238,111.398115393406));
#6400=CARTESIAN_POINT('Ctrl Pts',(-112.599215464821,80.3236498954036,111.902752065453));
#6401=CARTESIAN_POINT('Ctrl Pts',(-112.599049031793,83.016061838643,112.408588309126));
#6402=CARTESIAN_POINT('Ctrl Pts',(-112.594622463711,85.7091007847688,112.915215063163));
#6403=CARTESIAN_POINT('Ctrl Pts',(-112.585754510548,88.4026582233498,113.422279330767));
#6404=CARTESIAN_POINT('Ctrl Pts',(-112.572276161687,91.0966261044437,113.929479217667));
#6405=CARTESIAN_POINT('Ctrl Pts',(-112.554029993718,93.7909003249683,114.436559586613));
#6406=CARTESIAN_POINT('Ctrl Pts',(-112.530870000772,96.4853743573889,114.943306645053));
#6407=CARTESIAN_POINT('Ctrl Pts',(-112.502660497932,99.179952205347,115.449545765156));
#6408=CARTESIAN_POINT('Ctrl Pts',(-112.469276738334,101.874524183397,115.955133884588));
#6409=CARTESIAN_POINT('Ctrl Pts',(-112.430602303948,104.569012981681,116.459963116517));
#6410=CARTESIAN_POINT('Ctrl Pts',(-112.386532587545,107.263287066766,116.963944051558));
#6411=CARTESIAN_POINT('Ctrl Pts',(-112.336966900847,109.957322174605,117.46702786636));
#6412=CARTESIAN_POINT('Ctrl Pts',(-112.263439459353,113.548777188961,118.136536218733));
#6413=CARTESIAN_POINT('Ctrl Pts',(-112.157357895655,118.037151295024,118.971050765002));
#6414=CARTESIAN_POINT('Ctrl Pts',(-112.006844958272,123.420208037762,119.96857149932));
#6415=CARTESIAN_POINT('Ctrl Pts',(-111.832590625123,128.801810244358,120.962859713897));
#6416=CARTESIAN_POINT('Ctrl Pts',(-111.634186540497,134.181832748788,121.954420782884));
#6417=CARTESIAN_POINT('Ctrl Pts',(-111.411333654122,139.559452251681,122.943748911246));
#6418=CARTESIAN_POINT('Ctrl Pts',(-111.163794487423,144.934251831144,123.931496970813));
#6419=CARTESIAN_POINT('Ctrl Pts',(-110.891404344995,150.305667270312,124.918350342664));
#6420=CARTESIAN_POINT('Ctrl Pts',(-110.594054504818,155.673272111624,125.905058792796));
#6421=CARTESIAN_POINT('Ctrl Pts',(-110.271691483458,161.036624020621,126.892392563096));
#6422=CARTESIAN_POINT('Ctrl Pts',(-109.924309061285,166.395343519438,127.881144156508));
#6423=CARTESIAN_POINT('Ctrl Pts',(-109.551945211234,171.74907033229,128.8721104767));
#6424=CARTESIAN_POINT('Ctrl Pts',(-109.15467732706,177.097485111513,129.866088974457));
#6425=CARTESIAN_POINT('Ctrl Pts',(-108.732619081667,182.440297068555,130.863869196458));
#6426=CARTESIAN_POINT('Ctrl Pts',(-108.285916992961,187.777250176086,131.866228938029));
#6427=CARTESIAN_POINT('Ctrl Pts',(-107.814747577226,193.108120001924,132.873929568548));
#6428=CARTESIAN_POINT('Ctrl Pts',(-107.319314490292,198.432716014783,133.887712948998));
#6429=CARTESIAN_POINT('Ctrl Pts',(-106.799845881815,203.750881412922,134.908298232853));
#6430=CARTESIAN_POINT('Ctrl Pts',(-106.256591728461,209.062494891212,135.936379145976));
#6431=CARTESIAN_POINT('Ctrl Pts',(-105.689821258214,214.36747170625,136.972621033318));
#6432=CARTESIAN_POINT('Ctrl Pts',(-105.099820265006,219.665766148272,138.017657922184));
#6433=CARTESIAN_POINT('Ctrl Pts',(-104.486888590521,224.957373167517,139.07208891583));
#6434=CARTESIAN_POINT('Ctrl Pts',(-103.851337293299,230.242332706514,140.136474575294));
#6435=CARTESIAN_POINT('Ctrl Pts',(-103.193486402557,235.520730896903,141.211331751254));
#6436=CARTESIAN_POINT('Ctrl Pts',(-102.513661744956,240.792708893646,142.297129212725));
#6437=CARTESIAN_POINT('Ctrl Pts',(-101.812193870268,246.058459374896,143.394279246386));
#6438=CARTESIAN_POINT('Ctrl Pts',(-101.089413334509,251.318249763527,144.503134303231));
#6439=CARTESIAN_POINT('Ctrl Pts',(-100.345653939495,256.572396702368,145.623970542215));
#6440=CARTESIAN_POINT('Ctrl Pts',(-99.5812415332436,261.821339049461,146.756993421844));
#6441=CARTESIAN_POINT('Ctrl Pts',(-98.7965146970326,267.065508825998,147.902293513516));
#6442=CARTESIAN_POINT('Ctrl Pts',(-97.9917384868108,272.305906470537,149.059962711841));
#6443=CARTESIAN_POINT('Ctrl Pts',(-97.1672211652306,277.543322161303,150.229901085922));
#6444=CARTESIAN_POINT('Ctrl Pts',(-96.3232962222214,282.778538033374,151.411853047746));
#6445=CARTESIAN_POINT('Ctrl Pts',(-95.4603136709085,288.012400732817,152.605376623554));
#6446=CARTESIAN_POINT('Ctrl Pts',(-94.5786600110299,293.245820844798,153.809869720286));
#6447=CARTESIAN_POINT('Ctrl Pts',(-93.6787467700684,298.47980458636,155.024462066457));
#6448=CARTESIAN_POINT('Ctrl Pts',(-92.761055062423,303.715478910402,156.248172254638));
#6449=CARTESIAN_POINT('Ctrl Pts',(-91.8260874823877,308.954086775789,157.479555581935));
#6450=CARTESIAN_POINT('Ctrl Pts',(-90.8745002186115,314.197045973902,158.71731855001));
#6451=CARTESIAN_POINT('Ctrl Pts',(-89.9069045734033,319.445866001851,159.959108856816));
#6452=CARTESIAN_POINT('Ctrl Pts',(-88.9243008880991,324.702324117162,161.203764278244));
#6453=CARTESIAN_POINT('Ctrl Pts',(-87.9273166903436,329.968129445203,162.446990830934));
#6454=CARTESIAN_POINT('Ctrl Pts',(-86.9177814003984,335.245568733471,163.689866906497));
#6455=CARTESIAN_POINT('Ctrl Pts',(-86.2360839005146,338.772523587107,164.509652541335));
#6456=CARTESIAN_POINT('Ctrl Pts',(-85.8786207623749,340.626380590423,164.948719449716));
#6457=CARTESIAN_POINT('Ctrl Pts',(-85.85922640862,340.80634804647,165.066926697373));
#6458=CARTESIAN_POINT('Ctrl Pts',(-85.8079460157536,341.161142196805,165.233052786868));
#6459=CARTESIAN_POINT('Ctrl Pts',(-85.7243703249431,341.785035919365,165.552683928703));
#6460=CARTESIAN_POINT('Ctrl Pts',(-85.5558263319313,343.033716441762,166.165161371435));
#6461=CARTESIAN_POINT('Ctrl Pts',(-85.2282927244659,345.54070706217,167.368062790747));
#6462=CARTESIAN_POINT('Ctrl Pts',(-84.7789155991194,349.143625274591,168.988425354079));
#6463=CARTESIAN_POINT('Ctrl Pts',(-84.2654149141283,353.494570399936,170.796435151426));
#6464=CARTESIAN_POINT('Ctrl Pts',(-83.8532283523099,357.137718899584,172.191949149866));
#6465=CARTESIAN_POINT('Ctrl Pts',(-83.5305034195045,360.060375788438,173.247410993318));
#6466=CARTESIAN_POINT('Ctrl Pts',(-83.2912375369886,362.255913108711,174.00886803274));
#6467=CARTESIAN_POINT('Ctrl Pts',(-83.0542658483431,364.454589322511,174.741769191397));
#6468=CARTESIAN_POINT('Ctrl Pts',(-82.8189997244874,366.656008176527,175.446808767748));
#6469=CARTESIAN_POINT('Ctrl Pts',(-82.5849776153233,368.859845526334,176.125165912694));
#6470=CARTESIAN_POINT('Ctrl Pts',(-82.3517337396197,371.065803074933,176.777722966364));
#6471=CARTESIAN_POINT('Ctrl Pts',(-82.118864662395,373.273622874952,177.405479143189));
#6472=CARTESIAN_POINT('Ctrl Pts',(-81.8859935315989,375.483071970666,178.00932037584));
#6473=CARTESIAN_POINT('Ctrl Pts',(-81.6527802887836,377.693940559813,178.590143172328));
#6474=CARTESIAN_POINT('Ctrl Pts',(-81.3409689126964,380.643406389323,179.334981570998));
#6475=CARTESIAN_POINT('Ctrl Pts',(-80.948876658926,384.332868255149,180.212582866566));
#6476=CARTESIAN_POINT('Ctrl Pts',(-80.4727286736035,388.763156181669,181.186088975071));
#6477=CARTESIAN_POINT('Ctrl Pts',(-79.9894005379303,393.195220952686,182.085192702011));
#6478=CARTESIAN_POINT('Ctrl Pts',(-79.4976343208296,397.627961784006,182.914451897953));
#6479=CARTESIAN_POINT('Ctrl Pts',(-78.9964109434061,402.060309591855,183.677783392862));
#6480=CARTESIAN_POINT('Ctrl Pts',(-78.4848991132326,406.491213392152,184.378504960245));
#6481=CARTESIAN_POINT('Ctrl Pts',(-78.1365828045971,409.443502514877,184.805735769885));
#6482=CARTESIAN_POINT('Ctrl Pts',(-77.9605050693718,410.919070440026,185.009742147923));
#6483=CARTESIAN_POINT('Ctrl Pts',(-99.9561185614363,-118.525417038935,171.253458364265));
#6484=CARTESIAN_POINT('Ctrl Pts',(-100.087259324335,-118.412018762273,170.941324143867));
#6485=CARTESIAN_POINT('Ctrl Pts',(-100.347443650641,-118.185162727876,170.319715859061));
#6486=CARTESIAN_POINT('Ctrl Pts',(-100.731281904341,-117.844479995629,169.379135693946));
#6487=CARTESIAN_POINT('Ctrl Pts',(-101.045972976625,-117.560410266742,168.600926119));
#6488=CARTESIAN_POINT('Ctrl Pts',(-101.263392590046,-117.361284936561,168.045049529096));
#6489=CARTESIAN_POINT('Ctrl Pts',(-101.387054117271,-117.247683157207,167.743846336981));
#6490=CARTESIAN_POINT('Ctrl Pts',(-101.448245314423,-117.190447179728,167.561678925053));
#6491=CARTESIAN_POINT('Ctrl Pts',(-102.037265040512,-116.654592863457,166.487823505998));
#6492=CARTESIAN_POINT('Ctrl Pts',(-103.118899122102,-115.58395099919,164.477231954871));
#6493=CARTESIAN_POINT('Ctrl Pts',(-104.634479756846,-113.814261685168,161.486267554684));
#6494=CARTESIAN_POINT('Ctrl Pts',(-106.043525410813,-111.884196933712,158.539404275532));
#6495=CARTESIAN_POINT('Ctrl Pts',(-107.354642568684,-109.782842736036,155.62229969239));
#6496=CARTESIAN_POINT('Ctrl Pts',(-108.564802989292,-107.51437182876,152.748771964567));
#6497=CARTESIAN_POINT('Ctrl Pts',(-109.673843195185,-105.080870663153,149.92385562637));
#6498=CARTESIAN_POINT('Ctrl Pts',(-110.680201593832,-102.489195511263,147.157490970089));
#6499=CARTESIAN_POINT('Ctrl Pts',(-111.584335249351,-99.7435956508758,144.453876289234));
#6500=CARTESIAN_POINT('Ctrl Pts',(-112.385219808096,-96.8569791906765,141.823518910637));
#6501=CARTESIAN_POINT('Ctrl Pts',(-113.087124979523,-93.8267691852567,139.260673775832));
#6502=CARTESIAN_POINT('Ctrl Pts',(-113.695058800991,-90.638647619107,136.752264213096));
#6503=CARTESIAN_POINT('Ctrl Pts',(-114.208410542141,-87.301916125012,134.305167974141));
#6504=CARTESIAN_POINT('Ctrl Pts',(-114.629255619004,-83.819051883887,131.918869973288));
#6505=CARTESIAN_POINT('Ctrl Pts',(-114.95918346185,-80.1987144846483,129.596759495544));
#6506=CARTESIAN_POINT('Ctrl Pts',(-115.201253298726,-76.4492753245618,127.340175679101));
#6507=CARTESIAN_POINT('Ctrl Pts',(-115.332863404319,-73.2263808385468,125.516086887543));
#6508=CARTESIAN_POINT('Ctrl Pts',(-115.398615600578,-70.5954409861229,124.091558795146));
#6509=CARTESIAN_POINT('Ctrl Pts',(-115.428899301177,-68.5972568326964,123.040595450805));
#6510=CARTESIAN_POINT('Ctrl Pts',(-115.440956010239,-66.5770776012923,122.007910186611));
#6511=CARTESIAN_POINT('Ctrl Pts',(-115.435678800839,-64.5334199660841,120.992098834914));
#6512=CARTESIAN_POINT('Ctrl Pts',(-115.413881898375,-62.4624645340942,119.990850690543));
#6513=CARTESIAN_POINT('Ctrl Pts',(-115.376433843902,-60.36702089766,119.005278558275));
#6514=CARTESIAN_POINT('Ctrl Pts',(-115.324288593858,-58.2473443774592,118.035283576423));
#6515=CARTESIAN_POINT('Ctrl Pts',(-115.258478065876,-56.1050408865456,117.081566256806));
#6516=CARTESIAN_POINT('Ctrl Pts',(-115.180123591781,-53.9411228617441,116.144663117863));
#6517=CARTESIAN_POINT('Ctrl Pts',(-115.090431748559,-51.7569749524461,115.225478907294));
#6518=CARTESIAN_POINT('Ctrl Pts',(-114.990703822647,-49.5539297825522,114.325083229313));
#6519=CARTESIAN_POINT('Ctrl Pts',(-114.882319856143,-47.333309363991,113.444802550541));
#6520=CARTESIAN_POINT('Ctrl Pts',(-114.766760200532,-45.0967179714045,112.586326179044));
#6521=CARTESIAN_POINT('Ctrl Pts',(-114.645548415243,-42.8452364209152,111.75146389605));
#6522=CARTESIAN_POINT('Ctrl Pts',(-114.520337570368,-40.5811029150172,110.942740033119));
#6523=CARTESIAN_POINT('Ctrl Pts',(-114.392658094002,-38.3034935104546,110.161938230896));
#6524=CARTESIAN_POINT('Ctrl Pts',(-114.26411646964,-36.0123746921147,109.411557530168));
#6525=CARTESIAN_POINT('Ctrl Pts',(-114.13643456101,-33.7093468436347,108.694995530744));
#6526=CARTESIAN_POINT('Ctrl Pts',(-114.01128641432,-31.395160018766,108.015638497835));
#6527=CARTESIAN_POINT('Ctrl Pts',(-113.890324549712,-29.0705679063902,107.377136758541));
#6528=CARTESIAN_POINT('Ctrl Pts',(-113.775146436537,-26.7362597342826,106.783248288751));
#6529=CARTESIAN_POINT('Ctrl Pts',(-113.66722178732,-24.3918705933713,106.237517893901));
#6530=CARTESIAN_POINT('Ctrl Pts',(-113.567878736719,-22.0359450515571,105.743220190041));
#6531=CARTESIAN_POINT('Ctrl Pts',(-113.478385208071,-19.6684285850183,105.303744879353));
#6532=CARTESIAN_POINT('Ctrl Pts',(-113.399791464849,-17.2881949857912,104.921765712202));
#6533=CARTESIAN_POINT('Ctrl Pts',(-113.33293320318,-14.8937362086031,104.599235935276));
#6534=CARTESIAN_POINT('Ctrl Pts',(-113.278363751118,-12.4830084976374,104.337024650587));
#6535=CARTESIAN_POINT('Ctrl Pts',(-113.236269793588,-10.0517331051007,104.134526892092));
#6536=CARTESIAN_POINT('Ctrl Pts',(-113.206446503141,-7.59551864749168,103.989597580759));
#6537=CARTESIAN_POINT('Ctrl Pts',(-113.188139890021,-5.10923240877782,103.89797834063));
#6538=CARTESIAN_POINT('Ctrl Pts',(-113.17988952328,-2.58663766601413,103.852824526566));
#6539=CARTESIAN_POINT('Ctrl Pts',(-113.179466438847,-0.876008299215617,
103.846922790432));
#6540=CARTESIAN_POINT('Ctrl Pts',(-113.179923184432,-0.00791671584809811,
103.847710672364));
#6541=CARTESIAN_POINT('Ctrl Pts',(-113.179925284072,-0.00393866223960744,
103.847714404888));
#6542=CARTESIAN_POINT('Ctrl Pts',(-113.18085373305,1.78761707321287,103.849314849503));
#6543=CARTESIAN_POINT('Ctrl Pts',(-113.186808861351,4.46184469293374,103.879240051975));
#6544=CARTESIAN_POINT('Ctrl Pts',(-113.205049999042,8.01706980923961,103.979740785679));
#6545=CARTESIAN_POINT('Ctrl Pts',(-113.224027299228,10.6792540162079,104.08616922057));
#6546=CARTESIAN_POINT('Ctrl Pts',(-113.248362628265,13.338029843962,104.22402379614));
#6547=CARTESIAN_POINT('Ctrl Pts',(-113.287880595185,16.8797514260795,104.449540005915));
#6548=CARTESIAN_POINT('Ctrl Pts',(-113.350266982597,21.3022127499491,104.808671601948));
#6549=CARTESIAN_POINT('Ctrl Pts',(-113.428402236882,25.7237669002765,105.264509493733));
#6550=CARTESIAN_POINT('Ctrl Pts',(-113.498924069728,29.2628713002612,105.681437546746));
#6551=CARTESIAN_POINT('Ctrl Pts',(-113.574206075974,32.8035945657533,106.13093265607));
#6552=CARTESIAN_POINT('Ctrl Pts',(-113.655741697195,36.3475679357385,106.625822497087));
#6553=CARTESIAN_POINT('Ctrl Pts',(-113.741569452831,39.8955532258594,107.158831193748));
#6554=CARTESIAN_POINT('Ctrl Pts',(-113.807572738144,42.5586472210809,107.575847076273));
#6555=CARTESIAN_POINT('Ctrl Pts',(-113.874695556965,45.2238773961419,108.008343425926));
#6556=CARTESIAN_POINT('Ctrl Pts',(-113.96500352534,48.7803787395963,108.603417348102));
#6557=CARTESIAN_POINT('Ctrl Pts',(-114.055500926947,52.340983850187,109.22277780564));
#6558=CARTESIAN_POINT('Ctrl Pts',(-114.144221637321,55.9053613519944,109.860537249326));
#6559=CARTESIAN_POINT('Ctrl Pts',(-114.209420196813,58.5808332652759,110.346858937928));
#6560=CARTESIAN_POINT('Ctrl Pts',(-114.272819147489,61.258279606904,110.839939984911));
#6561=CARTESIAN_POINT('Ctrl Pts',(-114.333989706829,63.937655835798,111.338715713664));
#6562=CARTESIAN_POINT('Ctrl Pts',(-114.392517795524,66.6188142206023,111.842187579702));
#6563=CARTESIAN_POINT('Ctrl Pts',(-114.448012781336,69.3016464425317,112.349477149775));
#6564=CARTESIAN_POINT('Ctrl Pts',(-114.50010356418,71.986013000587,112.859790576178));
#6565=CARTESIAN_POINT('Ctrl Pts',(-114.548440907035,74.6717839114911,113.372429300642));
#6566=CARTESIAN_POINT('Ctrl Pts',(-114.592696074103,77.3588200606545,113.886775547028));
#6567=CARTESIAN_POINT('Ctrl Pts',(-114.632561122724,80.0469852735492,114.402290747251));
#6568=CARTESIAN_POINT('Ctrl Pts',(-114.667748059839,82.7361419712882,114.918507050754));
#6569=CARTESIAN_POINT('Ctrl Pts',(-114.69798843594,85.4261545353095,115.435022499656));
#6570=CARTESIAN_POINT('Ctrl Pts',(-114.723032515194,88.116889374621,115.951494694837));
#6571=CARTESIAN_POINT('Ctrl Pts',(-114.742648661859,90.8082143569992,116.467635297283));
#6572=CARTESIAN_POINT('Ctrl Pts',(-114.756622366851,93.5000023323583,116.983205165211));
#6573=CARTESIAN_POINT('Ctrl Pts',(-114.764755759138,96.1921247930916,117.498008460739));
#6574=CARTESIAN_POINT('Ctrl Pts',(-114.766866211348,98.8844648035158,118.011890071814));
#6575=CARTESIAN_POINT('Ctrl Pts',(-114.762786618219,101.576892825133,118.524727566118));
#6576=CARTESIAN_POINT('Ctrl Pts',(-114.752362554255,104.269312654564,119.036434571587));
#6577=CARTESIAN_POINT('Ctrl Pts',(-114.735455349165,106.961574999188,119.546943547006));
#6578=CARTESIAN_POINT('Ctrl Pts',(-114.71193414403,109.653638560704,120.056228031557));
#6579=CARTESIAN_POINT('Ctrl Pts',(-114.671606110853,113.242497559047,120.73359660466));
#6580=CARTESIAN_POINT('Ctrl Pts',(-114.604102705312,117.727649336035,121.57722860243));
#6581=CARTESIAN_POINT('Ctrl Pts',(-114.495051054753,123.10676596099,122.584726569539));
#6582=CARTESIAN_POINT('Ctrl Pts',(-114.357329884974,128.484255758627,123.588190799138));
#6583=CARTESIAN_POINT('Ctrl Pts',(-114.190452748918,133.859906977195,124.588270620713));
#6584=CARTESIAN_POINT('Ctrl Pts',(-113.994068845658,139.232820801356,125.585586029108));
#6585=CARTESIAN_POINT('Ctrl Pts',(-113.767917880073,144.60251415529,126.580897692678));
#6586=CARTESIAN_POINT('Ctrl Pts',(-113.511834467232,149.968365886108,127.574978958908));
#6587=CARTESIAN_POINT('Ctrl Pts',(-113.225730299038,155.329901097978,128.568647826519));
#6588=CARTESIAN_POINT('Ctrl Pts',(-112.909590252654,160.686637307375,129.562722864202));
#6589=CARTESIAN_POINT('Ctrl Pts',(-112.563463180365,166.038162890644,130.558025577427));
#6590=CARTESIAN_POINT('Ctrl Pts',(-112.187457275146,171.38409335651,131.55536323954));
#6591=CARTESIAN_POINT('Ctrl Pts',(-111.781734497779,176.724093035084,132.555526103402));
#6592=CARTESIAN_POINT('Ctrl Pts',(-111.346506723541,182.057862777042,133.559280193255));
#6593=CARTESIAN_POINT('Ctrl Pts',(-110.88203195207,187.385146267284,134.567364941947));
#6594=CARTESIAN_POINT('Ctrl Pts',(-110.388611235366,192.705727021153,135.580490179841));
#6595=CARTESIAN_POINT('Ctrl Pts',(-109.866585763762,198.019430873657,136.599334907088));
#6596=CARTESIAN_POINT('Ctrl Pts',(-109.316334241139,203.326126003115,137.624546117695));
#6597=CARTESIAN_POINT('Ctrl Pts',(-108.738270293626,208.625724884107,138.656738268881));
#6598=CARTESIAN_POINT('Ctrl Pts',(-108.132839973996,213.918185515885,139.696492669584));
#6599=CARTESIAN_POINT('Ctrl Pts',(-107.500519119743,219.203514016263,140.744357028517));
#6600=CARTESIAN_POINT('Ctrl Pts',(-106.841810819022,224.481766316715,141.800844458289));
#6601=CARTESIAN_POINT('Ctrl Pts',(-106.157242443105,229.753052491265,142.866432576095));
#6602=CARTESIAN_POINT('Ctrl Pts',(-105.447363154419,235.017537864075,143.941561141035));
#6603=CARTESIAN_POINT('Ctrl Pts',(-104.71274028633,240.275451666544,145.026630534309));
#6604=CARTESIAN_POINT('Ctrl Pts',(-103.953957720415,245.527083243119,146.121996240323));
#6605=CARTESIAN_POINT('Ctrl Pts',(-103.17161019646,250.772804848367,147.227968348665));
#6606=CARTESIAN_POINT('Ctrl Pts',(-102.366305826663,256.013045636767,148.34479786152));
#6607=CARTESIAN_POINT('Ctrl Pts',(-101.538652950373,261.248363885853,149.472684969132));
#6608=CARTESIAN_POINT('Ctrl Pts',(-100.689280753375,266.479317403542,150.611737270071));
#6609=CARTESIAN_POINT('Ctrl Pts',(-99.8187446820044,271.707036643033,151.762087843423));
#6610=CARTESIAN_POINT('Ctrl Pts',(-98.9276498495927,276.932446802712,152.923703873288));
#6611=CARTESIAN_POINT('Ctrl Pts',(-98.0166308910988,282.156468811364,154.096426055465));
#6612=CARTESIAN_POINT('Ctrl Pts',(-97.0863362750459,287.38008950133,155.27993536604));
#6613=CARTESIAN_POINT('Ctrl Pts',(-96.1374531992111,292.604361394983,156.473786023915));
#6614=CARTESIAN_POINT('Ctrl Pts',(-95.1706794688001,297.830429550919,157.677284961743));
#6615=CARTESIAN_POINT('Ctrl Pts',(-94.1867911328421,303.059561354431,158.889670172721));
#6616=CARTESIAN_POINT('Ctrl Pts',(-93.1865429233971,308.293128492535,160.109713612301));
#6617=CARTESIAN_POINT('Ctrl Pts',(-92.1708897884537,313.532686455199,161.336413094832));
#6618=CARTESIAN_POINT('Ctrl Pts',(-91.1406125379125,318.77984810243,162.567625779595));
#6619=CARTESIAN_POINT('Ctrl Pts',(-90.097078629254,324.036537694329,163.802600112751));
#6620=CARTESIAN_POINT('Ctrl Pts',(-89.0408520935893,329.304502620429,165.037098057009));
#6621=CARTESIAN_POINT('Ctrl Pts',(-87.9745037907528,334.586256366753,166.272976608256));
#6622=CARTESIAN_POINT('Ctrl Pts',(-87.2557111985383,338.117349272666,167.088606917768));
#6623=CARTESIAN_POINT('Ctrl Pts',(-86.8807457694889,339.974136986763,167.527189728406));
#6624=CARTESIAN_POINT('Ctrl Pts',(-86.8709396601445,340.157087118072,167.65517725206));
#6625=CARTESIAN_POINT('Ctrl Pts',(-86.8287602623857,340.515414839692,167.831932930294));
#6626=CARTESIAN_POINT('Ctrl Pts',(-86.7656842223505,341.146589879319,168.173931705228));
#6627=CARTESIAN_POINT('Ctrl Pts',(-86.6356979093963,342.409219221446,168.828033065228));
#6628=CARTESIAN_POINT('Ctrl Pts',(-86.3876847338399,344.944574379397,170.11253540211));
#6629=CARTESIAN_POINT('Ctrl Pts',(-86.0525097467264,348.58774130151,171.839944818572));
#6630=CARTESIAN_POINT('Ctrl Pts',(-85.6764281162567,352.986218748787,173.763116194245));
#6631=CARTESIAN_POINT('Ctrl Pts',(-85.3766868707823,356.667688068922,175.243582420558));
#6632=CARTESIAN_POINT('Ctrl Pts',(-85.1420326891701,359.620066889978,176.361092496192));
#6633=CARTESIAN_POINT('Ctrl Pts',(-84.9675971377533,361.837366180905,177.166180504175));
#6634=CARTESIAN_POINT('Ctrl Pts',(-84.7941455196548,364.057260124652,177.940019397397));
#6635=CARTESIAN_POINT('Ctrl Pts',(-84.6209025297518,366.279317510528,178.683410400696));
#6636=CARTESIAN_POINT('Ctrl Pts',(-84.4473085712939,368.50320190633,179.397702999048));
#6637=CARTESIAN_POINT('Ctrl Pts',(-84.2727805473642,370.728599972178,180.083915095022));
#6638=CARTESIAN_POINT('Ctrl Pts',(-84.0968332404872,372.95524823696,180.74319701045));
#6639=CARTESIAN_POINT('Ctrl Pts',(-83.9190125212637,375.182910223047,181.376571831429));
#6640=CARTESIAN_POINT('Ctrl Pts',(-83.7389177547665,377.411377127978,181.985074373594));
#6641=CARTESIAN_POINT('Ctrl Pts',(-83.4952882422805,380.383493093211,182.764518162973));
#6642=CARTESIAN_POINT('Ctrl Pts',(-83.1833593987479,384.099754888062,183.681378480737));
#6643=CARTESIAN_POINT('Ctrl Pts',(-82.7950622354839,388.559852428843,184.696515618682));
#6644=CARTESIAN_POINT('Ctrl Pts',(-82.3910871716223,393.019465996132,185.632578451289));
#6645=CARTESIAN_POINT('Ctrl Pts',(-81.970076185326,397.477593265711,186.494829145088));
#6646=CARTESIAN_POINT('Ctrl Pts',(-81.5309405436974,401.933267333376,187.287788695724));
#6647=CARTESIAN_POINT('Ctrl Pts',(-81.0727894287686,406.385538957659,188.015286934733));
#6648=CARTESIAN_POINT('Ctrl Pts',(-80.7541865297941,409.350833853151,188.458750566229));
#6649=CARTESIAN_POINT('Ctrl Pts',(-80.5914874635852,410.832610808821,188.670526697393));
#6650=CARTESIAN_POINT('',(-113.179927326217,-3.33066907387547E-14,103.847717939172));
#6651=CARTESIAN_POINT('Ctrl Pts',(-110.72040883889,-102.302824947465,147.003635245679));
#6652=CARTESIAN_POINT('Ctrl Pts',(-111.017755015052,-101.463866793807,146.14796916063));
#6653=CARTESIAN_POINT('Ctrl Pts',(-111.600385001079,-99.6857477662893,144.401163844697));
#6654=CARTESIAN_POINT('Ctrl Pts',(-112.385219808096,-96.8569791906765,141.823518910637));
#6655=CARTESIAN_POINT('Ctrl Pts',(-113.087124979523,-93.8267691852567,139.260673775832));
#6656=CARTESIAN_POINT('Ctrl Pts',(-113.695058800991,-90.638647619107,136.752264213096));
#6657=CARTESIAN_POINT('Ctrl Pts',(-114.208410542141,-87.301916125012,134.305167974141));
#6658=CARTESIAN_POINT('Ctrl Pts',(-114.629255619004,-83.819051883887,131.918869973288));
#6659=CARTESIAN_POINT('Ctrl Pts',(-114.95918346185,-80.1987144846483,129.596759495544));
#6660=CARTESIAN_POINT('Ctrl Pts',(-115.201253298726,-76.4492753245618,127.340175679101));
#6661=CARTESIAN_POINT('Ctrl Pts',(-115.332863404319,-73.2263808385468,125.516086887543));
#6662=CARTESIAN_POINT('Ctrl Pts',(-115.398615600578,-70.5954409861229,124.091558795146));
#6663=CARTESIAN_POINT('Ctrl Pts',(-115.428899301177,-68.5972568326964,123.040595450805));
#6664=CARTESIAN_POINT('Ctrl Pts',(-115.440956010239,-66.5770776012923,122.007910186611));
#6665=CARTESIAN_POINT('Ctrl Pts',(-115.435678800839,-64.5334199660841,120.992098834914));
#6666=CARTESIAN_POINT('Ctrl Pts',(-115.413881898375,-62.4624645340942,119.990850690543));
#6667=CARTESIAN_POINT('Ctrl Pts',(-115.376433843902,-60.36702089766,119.005278558275));
#6668=CARTESIAN_POINT('Ctrl Pts',(-115.324288593858,-58.2473443774592,118.035283576423));
#6669=CARTESIAN_POINT('Ctrl Pts',(-115.258478065876,-56.1050408865456,117.081566256806));
#6670=CARTESIAN_POINT('Ctrl Pts',(-115.180123591781,-53.9411228617441,116.144663117863));
#6671=CARTESIAN_POINT('Ctrl Pts',(-115.090431748559,-51.7569749524461,115.225478907294));
#6672=CARTESIAN_POINT('Ctrl Pts',(-114.990703822647,-49.5539297825522,114.325083229313));
#6673=CARTESIAN_POINT('Ctrl Pts',(-114.882319856143,-47.333309363991,113.444802550541));
#6674=CARTESIAN_POINT('Ctrl Pts',(-114.766760200532,-45.0967179714045,112.586326179044));
#6675=CARTESIAN_POINT('Ctrl Pts',(-114.645548415243,-42.8452364209152,111.75146389605));
#6676=CARTESIAN_POINT('Ctrl Pts',(-114.520337570368,-40.5811029150172,110.942740033119));
#6677=CARTESIAN_POINT('Ctrl Pts',(-114.392658094002,-38.3034935104546,110.161938230896));
#6678=CARTESIAN_POINT('Ctrl Pts',(-114.26411646964,-36.0123746921147,109.411557530168));
#6679=CARTESIAN_POINT('Ctrl Pts',(-114.13643456101,-33.7093468436347,108.694995530744));
#6680=CARTESIAN_POINT('Ctrl Pts',(-114.01128641432,-31.395160018766,108.015638497835));
#6681=CARTESIAN_POINT('Ctrl Pts',(-113.890324549712,-29.0705679063902,107.377136758541));
#6682=CARTESIAN_POINT('Ctrl Pts',(-113.775146436537,-26.7362597342826,106.783248288751));
#6683=CARTESIAN_POINT('Ctrl Pts',(-113.66722178732,-24.3918705933713,106.237517893901));
#6684=CARTESIAN_POINT('Ctrl Pts',(-113.567878736719,-22.0359450515571,105.743220190041));
#6685=CARTESIAN_POINT('Ctrl Pts',(-113.478385208071,-19.6684285850183,105.303744879353));
#6686=CARTESIAN_POINT('Ctrl Pts',(-113.399791464849,-17.2881949857912,104.921765712202));
#6687=CARTESIAN_POINT('Ctrl Pts',(-113.33293320318,-14.8937362086031,104.599235935276));
#6688=CARTESIAN_POINT('Ctrl Pts',(-113.278363751118,-12.4830084976374,104.337024650587));
#6689=CARTESIAN_POINT('Ctrl Pts',(-113.236269793588,-10.0517331051007,104.134526892092));
#6690=CARTESIAN_POINT('Ctrl Pts',(-113.206446503141,-7.59551864749168,103.989597580759));
#6691=CARTESIAN_POINT('Ctrl Pts',(-113.188139890021,-5.10923240877782,103.89797834063));
#6692=CARTESIAN_POINT('Ctrl Pts',(-113.17988952328,-2.58663766601413,103.852824526566));
#6693=CARTESIAN_POINT('Ctrl Pts',(-113.179466438847,-0.876008299215617,
103.846922790432));
#6694=CARTESIAN_POINT('Ctrl Pts',(-113.179923184432,-0.00791671584809811,
103.847710672364));
#6695=CARTESIAN_POINT('Ctrl Pts',(-113.179925284072,-0.00393866223960744,
103.847714404888));
#6696=CARTESIAN_POINT('Ctrl Pts',(-113.179927323086,-4.13607319140613E-6,
103.847717919706));
#6697=CARTESIAN_POINT('Ctrl Pts',(-113.179927324158,-2.06802933113113E-6,
103.847717921553));
#6698=CARTESIAN_POINT('Ctrl Pts',(-113.179927325229,1.45227133211239E-11,
103.847717923401));
#6699=CARTESIAN_POINT('Ctrl Pts',(-113.179927325229,1.45227133211239E-11,
103.847717923401));
#6700=CARTESIAN_POINT('Ctrl Pts',(-113.180853742236,1.78762119818341,103.849314895662));
#6701=CARTESIAN_POINT('Ctrl Pts',(-113.186808871903,4.46184674939653,103.879240110108));
#6702=CARTESIAN_POINT('Ctrl Pts',(-113.205049999042,8.01706980923961,103.979740785679));
#6703=CARTESIAN_POINT('Ctrl Pts',(-113.224027299228,10.6792540162079,104.08616922057));
#6704=CARTESIAN_POINT('Ctrl Pts',(-113.248362628265,13.338029843962,104.22402379614));
#6705=CARTESIAN_POINT('Ctrl Pts',(-113.287880595185,16.8797514260795,104.449540005915));
#6706=CARTESIAN_POINT('Ctrl Pts',(-113.350266982597,21.3022127499491,104.808671601948));
#6707=CARTESIAN_POINT('Ctrl Pts',(-113.428402236882,25.7237669002765,105.264509493733));
#6708=CARTESIAN_POINT('Ctrl Pts',(-113.498924069728,29.2628713002612,105.681437546746));
#6709=CARTESIAN_POINT('Ctrl Pts',(-113.574206075974,32.8035945657533,106.13093265607));
#6710=CARTESIAN_POINT('Ctrl Pts',(-113.655741697195,36.3475679357385,106.625822497087));
#6711=CARTESIAN_POINT('Ctrl Pts',(-113.741569452831,39.8955532258594,107.158831193748));
#6712=CARTESIAN_POINT('Ctrl Pts',(-113.807572738144,42.5586472210809,107.575847076273));
#6713=CARTESIAN_POINT('Ctrl Pts',(-113.874695556965,45.2238773961419,108.008343425926));
#6714=CARTESIAN_POINT('Ctrl Pts',(-113.96500352534,48.7803787395963,108.603417348102));
#6715=CARTESIAN_POINT('Ctrl Pts',(-114.055500926947,52.340983850187,109.22277780564));
#6716=CARTESIAN_POINT('Ctrl Pts',(-114.144221637321,55.9053613519944,109.860537249326));
#6717=CARTESIAN_POINT('Ctrl Pts',(-114.209420196813,58.5808332652759,110.346858937928));
#6718=CARTESIAN_POINT('Ctrl Pts',(-114.272819147489,61.258279606904,110.839939984911));
#6719=CARTESIAN_POINT('Ctrl Pts',(-114.333989706829,63.937655835798,111.338715713664));
#6720=CARTESIAN_POINT('Ctrl Pts',(-114.392517795524,66.6188142206023,111.842187579702));
#6721=CARTESIAN_POINT('Ctrl Pts',(-114.448012781336,69.3016464425317,112.349477149775));
#6722=CARTESIAN_POINT('Ctrl Pts',(-114.50010356418,71.986013000587,112.859790576178));
#6723=CARTESIAN_POINT('Ctrl Pts',(-114.548440907035,74.6717839114911,113.372429300642));
#6724=CARTESIAN_POINT('Ctrl Pts',(-114.592696074103,77.3588200606545,113.886775547028));
#6725=CARTESIAN_POINT('Ctrl Pts',(-114.632561122724,80.0469852735492,114.402290747251));
#6726=CARTESIAN_POINT('Ctrl Pts',(-114.667748059839,82.7361419712882,114.918507050754));
#6727=CARTESIAN_POINT('Ctrl Pts',(-114.69798843594,85.4261545353095,115.435022499656));
#6728=CARTESIAN_POINT('Ctrl Pts',(-114.723032515194,88.116889374621,115.951494694837));
#6729=CARTESIAN_POINT('Ctrl Pts',(-114.742648661859,90.8082143569992,116.467635297283));
#6730=CARTESIAN_POINT('Ctrl Pts',(-114.756622366851,93.5000023323583,116.983205165211));
#6731=CARTESIAN_POINT('Ctrl Pts',(-114.764755759138,96.1921247930916,117.498008460739));
#6732=CARTESIAN_POINT('Ctrl Pts',(-114.766866211348,98.8844648035158,118.011890071814));
#6733=CARTESIAN_POINT('Ctrl Pts',(-114.762786618219,101.576892825133,118.524727566118));
#6734=CARTESIAN_POINT('Ctrl Pts',(-114.752362554255,104.269312654564,119.036434571587));
#6735=CARTESIAN_POINT('Ctrl Pts',(-114.735455349165,106.961574999188,119.546943547006));
#6736=CARTESIAN_POINT('Ctrl Pts',(-114.71193414403,109.653638560704,120.056228031557));
#6737=CARTESIAN_POINT('Ctrl Pts',(-114.671606110853,113.242497559047,120.73359660466));
#6738=CARTESIAN_POINT('Ctrl Pts',(-114.604102705312,117.727649336035,121.57722860243));
#6739=CARTESIAN_POINT('Ctrl Pts',(-114.495051054753,123.10676596099,122.584726569539));
#6740=CARTESIAN_POINT('Ctrl Pts',(-114.357329884974,128.484255758627,123.588190799138));
#6741=CARTESIAN_POINT('Ctrl Pts',(-114.190452748918,133.859906977195,124.588270620713));
#6742=CARTESIAN_POINT('Ctrl Pts',(-113.994068845658,139.232820801356,125.585586029108));
#6743=CARTESIAN_POINT('Ctrl Pts',(-113.767917880073,144.60251415529,126.580897692678));
#6744=CARTESIAN_POINT('Ctrl Pts',(-113.511834467232,149.968365886108,127.574978958908));
#6745=CARTESIAN_POINT('Ctrl Pts',(-113.225730299038,155.329901097978,128.568647826519));
#6746=CARTESIAN_POINT('Ctrl Pts',(-112.909590252654,160.686637307375,129.562722864202));
#6747=CARTESIAN_POINT('Ctrl Pts',(-112.563463180365,166.038162890644,130.558025577427));
#6748=CARTESIAN_POINT('Ctrl Pts',(-112.187457275146,171.38409335651,131.55536323954));
#6749=CARTESIAN_POINT('Ctrl Pts',(-111.781734497779,176.724093035084,132.555526103402));
#6750=CARTESIAN_POINT('Ctrl Pts',(-111.346506723541,182.057862777042,133.559280193255));
#6751=CARTESIAN_POINT('Ctrl Pts',(-110.88203195207,187.385146267284,134.567364941947));
#6752=CARTESIAN_POINT('Ctrl Pts',(-110.388611235366,192.705727021153,135.580490179841));
#6753=CARTESIAN_POINT('Ctrl Pts',(-109.866585763762,198.019430873657,136.599334907088));
#6754=CARTESIAN_POINT('Ctrl Pts',(-109.316334241139,203.326126003115,137.624546117695));
#6755=CARTESIAN_POINT('Ctrl Pts',(-108.738270293626,208.625724884107,138.656738268881));
#6756=CARTESIAN_POINT('Ctrl Pts',(-108.132839973996,213.918185515885,139.696492669584));
#6757=CARTESIAN_POINT('Ctrl Pts',(-107.500519119743,219.203514016263,140.744357028517));
#6758=CARTESIAN_POINT('Ctrl Pts',(-106.841810819022,224.481766316715,141.800844458289));
#6759=CARTESIAN_POINT('Ctrl Pts',(-106.246284846949,229.067411715495,142.727830603151));
#6760=CARTESIAN_POINT('Ctrl Pts',(-105.868016485129,231.893024438979,143.303741252423));
#6761=CARTESIAN_POINT('Ctrl Pts',(-105.723181282108,232.962953605454,143.522502565528));
#6762=CARTESIAN_POINT('Ctrl Pts',(-107.050764398893,238.700883019585,147.621753996697));
#6763=CARTESIAN_POINT('Ctrl Pts',(-101.190369381518,215.245625359698,129.175230842444));
#6764=CARTESIAN_POINT('Ctrl Pts',(-94.6024024855374,162.741260199931,113.554329452646));
#6765=CARTESIAN_POINT('Ctrl Pts',(-88.2616920130194,120.108879700931,88.4817628349511));
#6766=CARTESIAN_POINT('Ctrl Pts',(-112.313922846131,221.660505347048,147.910370727584));
#6767=CARTESIAN_POINT('Ctrl Pts',(-106.224370527634,199.994330926603,129.908035607373));
#6768=CARTESIAN_POINT('Ctrl Pts',(-98.5758925865935,151.459101460727,115.084418573637));
#6769=CARTESIAN_POINT('Ctrl Pts',(-91.4568231685858,112.054718462137,90.135549875411));
#6770=CARTESIAN_POINT('Ctrl Pts',(-122.542512328732,187.452455656668,148.471236606762));
#6771=CARTESIAN_POINT('Ctrl Pts',(-115.996841183941,169.337246371622,131.332087454556));
#6772=CARTESIAN_POINT('Ctrl Pts',(-106.154974717289,128.686513135393,118.057824784109));
#6773=CARTESIAN_POINT('Ctrl Pts',(-97.4340438394109,95.6945094052306,93.3493369610381));
#6774=CARTESIAN_POINT('Ctrl Pts',(-135.404383621172,136.600689114971,149.213805761444));
#6775=CARTESIAN_POINT('Ctrl Pts',(-128.315635078871,123.640374805936,133.217488252933));
#6776=CARTESIAN_POINT('Ctrl Pts',(-115.501148435728,94.4710990934083,121.994523054058));
#6777=CARTESIAN_POINT('Ctrl Pts',(-104.631496092527,70.8097845207512,97.604292108242));
#6778=CARTESIAN_POINT('Ctrl Pts',(-144.714892510192,87.3008709469747,149.808018335742));
#6779=CARTESIAN_POINT('Ctrl Pts',(-137.299919966015,79.2060444233395,134.72620815454));
#6780=CARTESIAN_POINT('Ctrl Pts',(-122.209653397307,60.9145691993843,125.144715327025));
#6781=CARTESIAN_POINT('Ctrl Pts',(-109.728615827262,46.0885797163417,101.00915727885));
#6782=CARTESIAN_POINT('Ctrl Pts',(-150.005936269722,40.8899261795767,150.204247413359));
#6783=CARTESIAN_POINT('Ctrl Pts',(-142.478342541172,37.2211081207854,135.732243235002));
#6784=CARTESIAN_POINT('Ctrl Pts',(-126.034187252913,28.8827535066454,127.245306651784));
#6785=CARTESIAN_POINT('Ctrl Pts',(-112.619533788581,22.1309933195561,103.279567977502));
#6786=CARTESIAN_POINT('Ctrl Pts',(-151.005728282967,12.9353392268376,150.303326523117));
#6787=CARTESIAN_POINT('Ctrl Pts',(-143.488192591338,11.8039523246231,135.983807458299));
#6788=CARTESIAN_POINT('Ctrl Pts',(-126.771041935649,9.22082029430843,127.770570268669));
#6789=CARTESIAN_POINT('Ctrl Pts',(-113.179836248023,7.13079530890864,103.847295798393));
#6790=CARTESIAN_POINT('Ctrl Pts',(-151.005823369727,-7.39898817336649,150.303326523117));
#6791=CARTESIAN_POINT('Ctrl Pts',(-143.488356609511,-6.75184612665567,135.983807458299));
#6792=CARTESIAN_POINT('Ctrl Pts',(-126.770929933721,-5.27405438287094,127.77057026867));
#6793=CARTESIAN_POINT('Ctrl Pts',(-113.179848869515,-4.07858103687579,103.847295798393));
#6794=CARTESIAN_POINT('Ctrl Pts',(-149.891801534181,-22.2463867751686,150.174419279953));
#6795=CARTESIAN_POINT('Ctrl Pts',(-142.486478867922,-20.4090892336163,135.65650889271));
#6796=CARTESIAN_POINT('Ctrl Pts',(-126.058992904797,-16.2220670625846,127.087174092099));
#6797=CARTESIAN_POINT('Ctrl Pts',(-112.697392181368,-12.8336108399968,103.108651411732));
#6798=CARTESIAN_POINT('Ctrl Pts',(-144.891185858434,-44.155074239256,149.667984544916));
#6799=CARTESIAN_POINT('Ctrl Pts',(-137.915097546678,-40.851962990931,134.370659019005));
#6800=CARTESIAN_POINT('Ctrl Pts',(-122.589698273107,-33.3487732651299,124.402332239064));
#6801=CARTESIAN_POINT('Ctrl Pts',(-110.101507118105,-27.2732916584968,100.206757266274));
#6802=CARTESIAN_POINT('Ctrl Pts',(-136.644236661611,-65.191755933134,148.922123798791));
#6803=CARTESIAN_POINT('Ctrl Pts',(-130.27452205639,-60.7315283862784,132.476900791427));
#6804=CARTESIAN_POINT('Ctrl Pts',(-116.497092076988,-50.631003896288,120.448183739379));
#6805=CARTESIAN_POINT('Ctrl Pts',(-105.236943798141,-42.4474018918056,95.932941149866));
#6806=CARTESIAN_POINT('Ctrl Pts',(-125.313310333958,-84.8586867234105,148.010484900778));
#6807=CARTESIAN_POINT('Ctrl Pts',(-119.649538068103,-79.5182014469634,130.162227881423));
#6808=CARTESIAN_POINT('Ctrl Pts',(-107.658646426711,-67.4611783170559,115.615169534574));
#6809=CARTESIAN_POINT('Ctrl Pts',(-97.8180232849638,-57.6866393421214,90.7092086570248));
#6810=CARTESIAN_POINT('Ctrl Pts',(-115.864864991649,-96.7411817358484,147.341305440312));
#6811=CARTESIAN_POINT('Ctrl Pts',(-110.699338587455,-90.9653802538301,128.463165267436));
#6812=CARTESIAN_POINT('Ctrl Pts',(-99.949085330828,-77.9531885785199,112.067543555643));
#6813=CARTESIAN_POINT('Ctrl Pts',(-91.0971167633788,-67.4002888232449,86.874779807186));
#6814=CARTESIAN_POINT('Ctrl Pts',(-110.720404740991,-102.302823685508,147.003635304499));
#6815=CARTESIAN_POINT('Ctrl Pts',(-105.805680078597,-96.3374627838873,127.605812737187));
#6816=CARTESIAN_POINT('Ctrl Pts',(-95.6716228570669,-82.9125238831226,110.277399929168));
#6817=CARTESIAN_POINT('Ctrl Pts',(-87.3112921076304,-72.0226315266844,84.9399145176999));
#6818=CARTESIAN_POINT('Origin',(0.,0.,0.));
#6819=CARTESIAN_POINT('',(92.8450867892488,0.660586921325258,0.));
#6820=CARTESIAN_POINT('',(92.8474367765948,1.71783483931641E-11,0.));
#6821=CARTESIAN_POINT('Ctrl Pts',(92.8450867892488,0.660586921325236,-2.71964949231929E-15));
#6822=CARTESIAN_POINT('Ctrl Pts',(92.8458868538637,0.440510971668147,-2.71964949231929E-15));
#6823=CARTESIAN_POINT('Ctrl Pts',(92.8466702031804,0.220316764180032,-2.71964949231929E-15));
#6824=CARTESIAN_POINT('Ctrl Pts',(92.8474367765947,1.71559988437764E-11,
-2.71964949231929E-15));
#6825=CARTESIAN_POINT('Origin',(0.,0.,0.));
#6826=CARTESIAN_POINT('Origin',(0.,0.,0.));
#6827=CARTESIAN_POINT('',(-92.8474367765948,1.13705316257493E-14,0.));
#6828=CARTESIAN_POINT('',(-92.8450867892488,0.66058692132011,0.));
#6829=CARTESIAN_POINT('Ctrl Pts',(-92.8474367765948,4.85722573273506E-16,
6.20453532634381E-16));
#6830=CARTESIAN_POINT('Ctrl Pts',(-92.8466738259564,0.219275561514744,6.20453532634381E-16));
#6831=CARTESIAN_POINT('Ctrl Pts',(-92.8458906395898,0.439469621684364,6.20453532634381E-16));
#6832=CARTESIAN_POINT('Ctrl Pts',(-92.8450867892488,0.660586921320099,6.20453532634381E-16));
#6833=CARTESIAN_POINT('Origin',(0.,0.,0.));
#6834=CARTESIAN_POINT('Ctrl Pts',(92.8474367784278,0.,0.00131685367897899));
#6835=CARTESIAN_POINT('Ctrl Pts',(92.8474367772058,0.,0.000877904000965856));
#6836=CARTESIAN_POINT('Ctrl Pts',(92.8474367765948,0.,0.000438952774641788));
#6837=CARTESIAN_POINT('Ctrl Pts',(92.8474367765948,0.,0.));
#6838=CARTESIAN_POINT('Ctrl Pts',(92.8474367784278,0.220197438468756,0.00131685367897899));
#6839=CARTESIAN_POINT('Ctrl Pts',(92.8474367772058,0.220197458725481,0.000877904000965857));
#6840=CARTESIAN_POINT('Ctrl Pts',(92.8474367765948,0.220197478987438,0.000438952774641787));
#6841=CARTESIAN_POINT('Ctrl Pts',(92.8474367765948,0.220197499254627,0.));
#6842=CARTESIAN_POINT('Ctrl Pts',(92.8466534499057,0.440394877478994,0.00131683631142881));
#6843=CARTESIAN_POINT('Ctrl Pts',(92.8466534462806,0.440394917808784,0.00087789242256378));
#6844=CARTESIAN_POINT('Ctrl Pts',(92.8466534432664,0.44039495814907,0.000438946985423103));
#6845=CARTESIAN_POINT('Ctrl Pts',(92.8466534408631,0.440394998499851,0.));
#6846=CARTESIAN_POINT('Ctrl Pts',(92.8450868125901,0.660586743802619,0.00131680173365878));
#6847=CARTESIAN_POINT('Ctrl Pts',(92.8450868041912,0.660586804023063,0.000877869370646824));
#6848=CARTESIAN_POINT('Ctrl Pts',(92.8450867964032,0.660586864259297,0.00043893545942949));
#6849=CARTESIAN_POINT('Ctrl Pts',(92.8450867892261,0.660586924511319,0.));
#6850=CARTESIAN_POINT('Ctrl Pts',(92.8474367765948,0.,0.));
#6851=CARTESIAN_POINT('Ctrl Pts',(92.8474367765948,0.220198462645034,0.00131674905947454));
#6852=CARTESIAN_POINT('Ctrl Pts',(92.846653468106,0.440394013913004,0.00131680637828897));
#6853=CARTESIAN_POINT('Ctrl Pts',(92.8450867892489,0.660586921306844,0.));
#6854=CARTESIAN_POINT('Ctrl Pts',(-92.8450868126128,0.660586740611659,0.00131680173379917));
#6855=CARTESIAN_POINT('Ctrl Pts',(-92.8450868042139,0.660586800832103,0.000877869370740413));
#6856=CARTESIAN_POINT('Ctrl Pts',(-92.8450867964259,0.660586861068335,0.000438935459476285));
#6857=CARTESIAN_POINT('Ctrl Pts',(-92.8450867892488,0.660586921320357,0.));
#6858=CARTESIAN_POINT('Ctrl Pts',(-92.8466534499134,0.440394875338723,0.00131683631156887));
#6859=CARTESIAN_POINT('Ctrl Pts',(-92.8466534462882,0.440394915668513,0.000877892422657151));
#6860=CARTESIAN_POINT('Ctrl Pts',(-92.846653443274,0.440394956008798,0.000438946985469788));
#6861=CARTESIAN_POINT('Ctrl Pts',(-92.8466534408708,0.440394996359579,0.));
#6862=CARTESIAN_POINT('Ctrl Pts',(-92.8474367784278,0.220197437379239,0.00131685367911888));
#6863=CARTESIAN_POINT('Ctrl Pts',(-92.8474367772059,0.220197457635964,0.000877904001059117));
#6864=CARTESIAN_POINT('Ctrl Pts',(-92.8474367765949,0.220197477897921,0.000438952774688418));
#6865=CARTESIAN_POINT('Ctrl Pts',(-92.8474367765949,0.22019749816511,0.));
#6866=CARTESIAN_POINT('Ctrl Pts',(-92.8474367784278,-3.8747210915837E-11,
0.00131685367911887));
#6867=CARTESIAN_POINT('Ctrl Pts',(-92.8474367772058,-3.87472144806417E-11,
0.000877904001059115));
#6868=CARTESIAN_POINT('Ctrl Pts',(-92.8474367765948,-3.87472180463669E-11,
0.000438952774688417));
#6869=CARTESIAN_POINT('Ctrl Pts',(-92.8474367765948,-3.87472216130126E-11,
0.));
#6870=CARTESIAN_POINT('Ctrl Pts',(-92.8450867892488,0.660586921320357,0.));
#6871=CARTESIAN_POINT('Ctrl Pts',(-92.846653468106,0.440394013916075,0.00131680637842885));
#6872=CARTESIAN_POINT('Ctrl Pts',(-92.8474367765948,0.220198462637661,0.00131674905938128));
#6873=CARTESIAN_POINT('Ctrl Pts',(-92.8474367765948,5.55111512312578E-15,
0.));
#6874=CARTESIAN_POINT('Ctrl Pts',(0.,-1140.,25.0000000000003));
#6875=CARTESIAN_POINT('Ctrl Pts',(0.,-1140.,21.2500000000003));
#6876=CARTESIAN_POINT('Ctrl Pts',(6.95982170512438E-50,-1137.8125,13.2187500000003));
#6877=CARTESIAN_POINT('Ctrl Pts',(9.51292190555055E-50,-1126.30208333333,
1.76041666666692));
#6878=CARTESIAN_POINT('Ctrl Pts',(1.37186440652584E-49,-1107.95138888889,
-8.32638888888867));
#6879=CARTESIAN_POINT('Ctrl Pts',(1.77085569051945E-49,-1089.34606481481,
-15.3807870370368));
#6880=CARTESIAN_POINT('Ctrl Pts',(2.16996271608302E-49,-1070.703125,-20.8229166666665));
#6881=CARTESIAN_POINT('Ctrl Pts',(2.45518646054106E-49,-1049.40104166667,
-26.0937499999999));
#6882=CARTESIAN_POINT('Ctrl Pts',(3.97541619739509E-49,-1017.5,-32.2916666666666));
#6883=CARTESIAN_POINT('Ctrl Pts',(4.6991110605442E-49,-969.861111111111,
-38.8819444444444));
#6884=CARTESIAN_POINT('Ctrl Pts',(6.7289961908857E-49,-916.770833333333,
-43.9427083333333));
#6885=CARTESIAN_POINT('Ctrl Pts',(8.33178552499786E-49,-860.341796875,-47.6015625));
#6886=CARTESIAN_POINT('Ctrl Pts',(1.30858585268901E-48,-783.7109375,-50.8984375));
#6887=CARTESIAN_POINT('Ctrl Pts',(1.23445888313137E-48,-715.625,-52.));
#6888=CARTESIAN_POINT('Ctrl Pts',(2.85275734608863E-48,-609.583333333333,
-52.));
#6889=CARTESIAN_POINT('Ctrl Pts',(-1.78923873989341E-48,-489.488874646849,
-52.));
#6890=CARTESIAN_POINT('Ctrl Pts',(1.36407999134982E-47,-302.40134260226,
-52.));
#6891=CARTESIAN_POINT('Ctrl Pts',(-1.62662905899971E-47,-129.205498587397,
-52.));
#6892=CARTESIAN_POINT('Ctrl Pts',(3.5256776744585E-47,-36.8944159603652,
-52.0000000000001));
#6893=CARTESIAN_POINT('Ctrl Pts',(-3.53207639839102E-46,221.666666666667,
-52.0000000000001));
#6894=CARTESIAN_POINT('Ctrl Pts',(-5.7398758363487E-30,487.150489745292,
-52.));
#6895=CARTESIAN_POINT('Ctrl Pts',(-2.18767654688484E-29,915.,-52.));
#6896=CARTESIAN_POINT('Ctrl Pts',(-3.3218439680791E-29,1319.,25.5));
#6897=CARTESIAN_POINT('Ctrl Pts',(-3.3218439680791E-29,1469.,25.5000000000001));
#6898=CARTESIAN_POINT('Ctrl Pts',(0.,-1140.,25.0000000000003));
#6899=CARTESIAN_POINT('Ctrl Pts',(-0.280499344070516,-1140.,21.2500000000003));
#6900=CARTESIAN_POINT('Ctrl Pts',(-0.86943151831383,-1137.8125,13.2187500000003));
#6901=CARTESIAN_POINT('Ctrl Pts',(-1.70779597720301,-1126.30208333333,1.76041666666692));
#6902=CARTESIAN_POINT('Ctrl Pts',(-2.46451870838359,-1107.95138888889,-8.32638888888867));
#6903=CARTESIAN_POINT('Ctrl Pts',(-3.0123302224163,-1089.34606481481,-15.3807870370368));
#6904=CARTESIAN_POINT('Ctrl Pts',(-3.4513953107318,-1070.703125,-20.8229166666665));
#6905=CARTESIAN_POINT('Ctrl Pts',(-3.88981722064158,-1049.40104166667,-26.0937499999999));
#6906=CARTESIAN_POINT('Ctrl Pts',(-4.43441284264577,-1017.5,-32.2916666666666));
#6907=CARTESIAN_POINT('Ctrl Pts',(-5.07531418564634,-969.861111111111,-38.8819444444444));
#6908=CARTESIAN_POINT('Ctrl Pts',(-5.6447157663839,-916.770833333333,-43.9427083333333));
#6909=CARTESIAN_POINT('Ctrl Pts',(-6.14276919966766,-860.341796875,-47.6015625));
#6910=CARTESIAN_POINT('Ctrl Pts',(-6.7162829482973,-783.7109375,-50.8984375));
#6911=CARTESIAN_POINT('Ctrl Pts',(-7.11474183515326,-715.625,-52.));
#6912=CARTESIAN_POINT('Ctrl Pts',(-7.63328170249533,-609.583333333333,-52.));
#6913=CARTESIAN_POINT('Ctrl Pts',(-8.13191194561555,-489.488874646849,-52.));
#6914=CARTESIAN_POINT('Ctrl Pts',(-8.71830425869172,-302.40134260226,-52.));
#6915=CARTESIAN_POINT('Ctrl Pts',(-9.11161256489231,-129.205498587397,-52.));
#6916=CARTESIAN_POINT('Ctrl Pts',(-9.22407479426136,-36.8944159603652,-52.0000000000001));
#6917=CARTESIAN_POINT('Ctrl Pts',(-9.31896585512591,221.666666666667,-52.0000000000001));
#6918=CARTESIAN_POINT('Ctrl Pts',(-8.40969913299535,487.150489745292,-52.0000000000013));
#6919=CARTESIAN_POINT('Ctrl Pts',(-5.61100464923225,915.000000000001,-52.0000000000036));
#6920=CARTESIAN_POINT('Ctrl Pts',(-3.47358819364831,1319.,25.4999999999958));
#6921=CARTESIAN_POINT('Ctrl Pts',(-2.87979326579064,1469.,25.5000000000001));
#6922=CARTESIAN_POINT('Ctrl Pts',(0.,-1140.,25.0000000000003));
#6923=CARTESIAN_POINT('Ctrl Pts',(-0.842466473675647,-1139.99994996462,
21.2987152750007));
#6924=CARTESIAN_POINT('Ctrl Pts',(-2.61172187664472,-1137.71994644127,13.3983787549055));
#6925=CARTESIAN_POINT('Ctrl Pts',(-5.12907657039251,-1125.81000463376,2.17832490859069));
#6926=CARTESIAN_POINT('Ctrl Pts',(-7.39495805006917,-1106.91448659759,-7.67257132730998));
#6927=CARTESIAN_POINT('Ctrl Pts',(-9.02910867782934,-1087.82182879301,-14.5502209557857));
#6928=CARTESIAN_POINT('Ctrl Pts',(-10.333438431576,-1068.7432904425,-19.8505376900444));
#6929=CARTESIAN_POINT('Ctrl Pts',(-11.6316951028689,-1046.98118113564,-24.980817374188));
#6930=CARTESIAN_POINT('Ctrl Pts',(-13.2354014170474,-1014.47256418408,-31.0083100885218));
#6931=CARTESIAN_POINT('Ctrl Pts',(-15.1052553344685,-966.105041648183,-37.411961511778));
#6932=CARTESIAN_POINT('Ctrl Pts',(-16.7479462241568,-912.408255078017,-42.3269009761051));
#6933=CARTESIAN_POINT('Ctrl Pts',(-18.1686145385018,-855.536251646797,-45.8804834111553));
#6934=CARTESIAN_POINT('Ctrl Pts',(-19.7871036891066,-778.538577700659,-49.0847799393908));
#6935=CARTESIAN_POINT('Ctrl Pts',(-20.8915009217758,-710.427861013003,-50.16133154946));
#6936=CARTESIAN_POINT('Ctrl Pts',(-22.3112930734097,-604.723585694228,-50.1800516057659));
#6937=CARTESIAN_POINT('Ctrl Pts',(-23.6551880916187,-485.274019234395,-50.1891702295232));
#6938=CARTESIAN_POINT('Ctrl Pts',(-25.1876762446961,-299.619856853919,-50.178785572616));
#6939=CARTESIAN_POINT('Ctrl Pts',(-26.1848310896137,-127.970061774057,-50.1524754861461));
#6940=CARTESIAN_POINT('Ctrl Pts',(-26.4635937475059,-36.5456236048062,-50.1299883078437));
#6941=CARTESIAN_POINT('Ctrl Pts',(-26.7131906933449,219.571460239336,-50.0520621849605));
#6942=CARTESIAN_POINT('Ctrl Pts',(-24.0670777025448,480.606465156943,-49.7722280123751));
#6943=CARTESIAN_POINT('Ctrl Pts',(-16.0482706421098,908.382445703447,-48.9748832407247));
#6944=CARTESIAN_POINT('Ctrl Pts',(-10.0047718702657,1307.71827912084,25.929759486729));
#6945=CARTESIAN_POINT('Ctrl Pts',(-8.6380801049926,1469.,26.1514353431916));
#6946=CARTESIAN_POINT('Ctrl Pts',(0.,-1140.,25.0000000000003));
#6947=CARTESIAN_POINT('Ctrl Pts',(-1.93496274465964,-1139.99999918327,21.6383797024604));
#6948=CARTESIAN_POINT('Ctrl Pts',(-5.99895717134238,-1137.27007842844,14.5607985632851));
#6949=CARTESIAN_POINT('Ctrl Pts',(-11.771174484969,-1123.42001519855,4.70081695967981));
#6950=CARTESIAN_POINT('Ctrl Pts',(-16.9416924424568,-1101.87849306829,-3.85722378083534));
#6951=CARTESIAN_POINT('Ctrl Pts',(-20.6470043026086,-1080.41909020155,-9.78739172062289));
#6952=CARTESIAN_POINT('Ctrl Pts',(-23.5843942476815,-1059.22386161311,-14.3365032473753));
#6953=CARTESIAN_POINT('Ctrl Pts',(-26.4925304364145,-1035.22838338407,-18.7273289861396));
#6954=CARTESIAN_POINT('Ctrl Pts',(-30.0518133096835,-999.768882252165,-23.8660851755505));
#6955=CARTESIAN_POINT('Ctrl Pts',(-34.1369502465216,-947.861573881269,-29.3045086774661));
#6956=CARTESIAN_POINT('Ctrl Pts',(-37.6568881768964,-891.219319735969,-33.4690562624256));
#6957=CARTESIAN_POINT('Ctrl Pts',(-40.6400507179112,-832.195018879524,-36.4811997294477));
#6958=CARTESIAN_POINT('Ctrl Pts',(-43.9728481243966,-753.417105554062,-39.2072254875735));
#6959=CARTESIAN_POINT('Ctrl Pts',(-46.1697988973863,-685.185129898326,-40.1482414115799));
#6960=CARTESIAN_POINT('Ctrl Pts',(-48.9264677356357,-581.120550760198,-40.243321759968));
#6961=CARTESIAN_POINT('Ctrl Pts',(-51.4513178065142,-464.803198339708,-40.2872422322762));
#6962=CARTESIAN_POINT('Ctrl Pts',(-54.1372778177136,-286.110088580171,-40.2223331115042));
#6963=CARTESIAN_POINT('Ctrl Pts',(-55.7573231989433,-121.970085166944,-40.0672346863562));
#6964=CARTESIAN_POINT('Ctrl Pts',(-56.1809091125202,-34.8520334223474,-39.9321680529207));
#6965=CARTESIAN_POINT('Ctrl Pts',(-56.6130768724305,209.398830501885,-39.4509332570996));
#6966=CARTESIAN_POINT('Ctrl Pts',(-50.8358814566327,448.821688595299,-37.8947380894112));
#6967=CARTESIAN_POINT('Ctrl Pts',(-33.7956208108649,876.239223418453,-33.4682377764403));
#6968=CARTESIAN_POINT('Ctrl Pts',(-21.2573180053605,1252.91927854052,28.6514492348146));
#6969=CARTESIAN_POINT('Ctrl Pts',(-19.5835749416742,1469.,29.9718594205347));
#6970=CARTESIAN_POINT('Ctrl Pts',(0.,-1140.,25.0000000000003));
#6971=CARTESIAN_POINT('Ctrl Pts',(-3.13819845994024,-1140.0000088427,22.5350774909324));
#6972=CARTESIAN_POINT('Ctrl Pts',(-9.73922898062939,-1136.41024101643,17.4886321522728));
#6973=CARTESIAN_POINT('Ctrl Pts',(-19.1204392128063,-1118.85137137876,10.7499928886518));
#6974=CARTESIAN_POINT('Ctrl Pts',(-27.4958709484038,-1092.25166869087,5.05961671783114));
#6975=CARTESIAN_POINT('Ctrl Pts',(-33.4662649815872,-1066.26787487206,1.19145730725185));
#6976=CARTESIAN_POINT('Ctrl Pts',(-38.1701967778571,-1041.02659972232,-1.73911299417675));
#6977=CARTESIAN_POINT('Ctrl Pts',(-42.8042051457712,-1012.76144941214,-4.54550678674213));
#6978=CARTESIAN_POINT('Ctrl Pts',(-48.4256283048166,-971.660879732805,-7.79282251759819));
#6979=CARTESIAN_POINT('Ctrl Pts',(-54.7766717189812,-912.986979976133,-11.1863335739723));
#6980=CARTESIAN_POINT('Ctrl Pts',(-60.138618353967,-850.713925038216,-13.7596725403464));
#6981=CARTESIAN_POINT('Ctrl Pts',(-64.5826946827546,-787.57543547713,-15.6134774679368));
#6982=CARTESIAN_POINT('Ctrl Pts',(-69.436692122681,-705.393985022478,-17.2955788426354));
#6983=CARTESIAN_POINT('Ctrl Pts',(-72.5035027762763,-636.930570837125,-17.8993303396024));
#6984=CARTESIAN_POINT('Ctrl Pts',(-76.2301097696288,-536.000490967101,-18.0460395190284));
#6985=CARTESIAN_POINT('Ctrl Pts',(-79.4881915371008,-425.671163774488,-18.0748010561635));
#6986=CARTESIAN_POINT('Ctrl Pts',(-82.5852891173442,-260.285665757639,-17.8228986564638));
#6987=CARTESIAN_POINT('Ctrl Pts',(-84.1878420943694,-110.501330149199,-17.3676203464695));
#6988=CARTESIAN_POINT('Ctrl Pts',(-84.5357872915331,-31.6148843599226,-16.9932259644623));
#6989=CARTESIAN_POINT('Ctrl Pts',(-84.9843858437785,189.954505753389,-15.6644944506621));
#6990=CARTESIAN_POINT('Ctrl Pts',(-75.9642765819847,388.059418589491,-11.9461626986798));
#6991=CARTESIAN_POINT('Ctrl Pts',(-50.1371017740569,814.786126285423,-1.39680935123966));
#6992=CARTESIAN_POINT('Ctrl Pts',(-31.6542001772512,1148.14893086377,35.6843560923515));
#6993=CARTESIAN_POINT('Ctrl Pts',(-31.1316009107666,1469.,39.1733173870676));
#6994=CARTESIAN_POINT('Ctrl Pts',(0.,-1140.,25.0000000000003));
#6995=CARTESIAN_POINT('Ctrl Pts',(-3.82167270667906,-1140.00006946129,23.8319471155025));
#6996=CARTESIAN_POINT('Ctrl Pts',(-11.921184671999,-1135.68297747913,21.5581152473152));
#6997=CARTESIAN_POINT('Ctrl Pts',(-23.5490103992323,-1114.98713454557,18.7985236888897));
#6998=CARTESIAN_POINT('Ctrl Pts',(-33.9731299438457,-1084.10885737627,16.650414634555));
#6999=CARTESIAN_POINT('Ctrl Pts',(-41.4114811794113,-1054.29790589098,15.2904532495193));
#7000=CARTESIAN_POINT('Ctrl Pts',(-47.2666045149025,-1025.63382622768,14.3187000519844));
#7001=CARTESIAN_POINT('Ctrl Pts',(-53.0276813631246,-993.757020408625,13.4275112219625));
#7002=CARTESIAN_POINT('Ctrl Pts',(-59.9969163334096,-947.884478887298,12.4703411689467));
#7003=CARTESIAN_POINT('Ctrl Pts',(-67.8205159149328,-883.486259623527,11.5865855704831));
#7004=CARTESIAN_POINT('Ctrl Pts',(-74.3630850175163,-816.449903205476,11.0275469748685));
#7005=CARTESIAN_POINT('Ctrl Pts',(-79.7236411746701,-749.830930154199,10.7220651349672));
#7006=CARTESIAN_POINT('Ctrl Pts',(-85.5062666834997,-664.770683602586,10.5635206691284));
#7007=CARTESIAN_POINT('Ctrl Pts',(-89.068643118199,-596.111648621183,10.6768754302401));
#7008=CARTESIAN_POINT('Ctrl Pts',(-93.3074147271191,-497.834184602084,11.0411378945322));
#7009=CARTESIAN_POINT('Ctrl Pts',(-96.8945317610191,-392.571420854037,11.5497611909579));
#7010=CARTESIAN_POINT('Ctrl Pts',(-99.9981608199891,-238.444205911282,12.5695519063431));
#7011=CARTESIAN_POINT('Ctrl Pts',(-101.343049912691,-100.803384872441,13.6996325344166));
#7012=CARTESIAN_POINT('Ctrl Pts',(-101.532250987759,-28.8782204477777,14.4233823602791));
#7013=CARTESIAN_POINT('Ctrl Pts',(-101.783540636815,173.516555726673,16.7359295740351));
#7014=CARTESIAN_POINT('Ctrl Pts',(-90.5846079882596,336.654321758425,21.1247597472953));
#7015=CARTESIAN_POINT('Ctrl Pts',(-59.0963238082788,762.777626103964,33.478990435861));
#7016=CARTESIAN_POINT('Ctrl Pts',(-36.9603404506216,1059.47116845228,46.9182369947161));
#7017=CARTESIAN_POINT('Ctrl Pts',(-37.5351354617446,1469.,52.4793514830175));
#7018=CARTESIAN_POINT('Ctrl Pts',(0.,-1140.,25.0000000000003));
#7019=CARTESIAN_POINT('Ctrl Pts',(-3.99435313276269,-1140.,24.6978663980094));
#7020=CARTESIAN_POINT('Ctrl Pts',(-12.4794034703581,-1135.54465942087,24.1716068748038));
#7021=CARTESIAN_POINT('Ctrl Pts',(-24.7012167047728,-1114.25127570671,23.7347620112755));
#7022=CARTESIAN_POINT('Ctrl Pts',(-35.6779454324463,-1082.55780938056,23.5771209643428));
#7023=CARTESIAN_POINT('Ctrl Pts',(-43.5192985994517,-1052.01752462774,23.6007777074518));
#7024=CARTESIAN_POINT('Ctrl Pts',(-49.6953189841054,-1022.70142506054,23.7044083351268));
#7025=CARTESIAN_POINT('Ctrl Pts',(-55.7742026067792,-990.136021514367,23.8646832664543));
#7026=CARTESIAN_POINT('Ctrl Pts',(-63.1308832135202,-943.353910622596,24.1714913643591));
#7027=CARTESIAN_POINT('Ctrl Pts',(-71.3919058638224,-877.864784568713,24.7061114442911));
#7028=CARTESIAN_POINT('Ctrl Pts',(-78.3004825583118,-809.92037364928,25.3404147613271));
#7029=CARTESIAN_POINT('Ctrl Pts',(-83.9597016220346,-742.638252847568,26.0213250960709));
#7030=CARTESIAN_POINT('Ctrl Pts',(-90.0619855136332,-657.029093889853,26.9346090919272));
#7031=CARTESIAN_POINT('Ctrl Pts',(-93.8172830136098,-588.33342817872,27.7140156389088));
#7032=CARTESIAN_POINT('Ctrl Pts',(-98.2796347582702,-490.562334846058,28.8573278395878));
#7033=CARTESIAN_POINT('Ctrl Pts',(-102.048025646882,-386.266601639628,30.1151261411804));
#7034=CARTESIAN_POINT('Ctrl Pts',(-105.278720063886,-234.286719137027,32.036345963855));
#7035=CARTESIAN_POINT('Ctrl Pts',(-106.635072393391,-98.9595384579075,33.8171344067481));
#7036=CARTESIAN_POINT('Ctrl Pts',(-106.782609070708,-28.3585548442482,34.7882499058929));
#7037=CARTESIAN_POINT('Ctrl Pts',(-106.850365300152,170.394927979646,37.6077284232928));
#7038=CARTESIAN_POINT('Ctrl Pts',(-94.9807414173412,326.851729519425,40.6505110166367));
#7039=CARTESIAN_POINT('Ctrl Pts',(-61.6446103455909,752.837049220038,49.0643991018871));
#7040=CARTESIAN_POINT('Ctrl Pts',(-38.2361415169245,1042.51058142717,54.8796351658635));
#7041=CARTESIAN_POINT('Ctrl Pts',(-38.5,1469.,61.1202067342094));
#7042=CARTESIAN_POINT('Ctrl Pts',(0.,-1140.,25.0000000000003));
#7043=CARTESIAN_POINT('Ctrl Pts',(-4.03922872340426,-1140.,25.0000000000003));
#7044=CARTESIAN_POINT('Ctrl Pts',(-12.6165969552935,-1135.54486128316,25.0665965542262));
#7045=CARTESIAN_POINT('Ctrl Pts',(-24.9653747233927,-1114.25215455928,25.3848853860767));
#7046=CARTESIAN_POINT('Ctrl Pts',(-36.0538561821265,-1082.5594828571,25.8586355572028));
#7047=CARTESIAN_POINT('Ctrl Pts',(-43.9745840095069,-1052.01984502997,26.3151498827411));
#7048=CARTESIAN_POINT('Ctrl Pts',(-50.2133397977433,-1022.70428886245,26.7533663222182));
#7049=CARTESIAN_POINT('Ctrl Pts',(-56.3542842430735,-990.139438707662,27.2401540401572));
#7050=CARTESIAN_POINT('Ctrl Pts',(-63.7869666055572,-943.358024700105,27.9394545945393));
#7051=CARTESIAN_POINT('Ctrl Pts',(-72.1356823399369,-877.869699652962,28.9183908448078));
#7052=CARTESIAN_POINT('Ctrl Pts',(-79.1205200861189,-809.925950810815,29.9340313986404));
#7053=CARTESIAN_POINT('Ctrl Pts',(-84.8450646939287,-742.644342773764,30.9397741021826));
#7054=CARTESIAN_POINT('Ctrl Pts',(-91.0210652112738,-657.03568300243,32.2194742674556));
#7055=CARTESIAN_POINT('Ctrl Pts',(-94.8257652974928,-588.340233514798,33.2463514349915));
#7056=CARTESIAN_POINT('Ctrl Pts',(-99.3504592236894,-490.569243640756,34.7078572246421));
#7057=CARTESIAN_POINT('Ctrl Pts',(-103.176406413069,-386.27339148063,36.2668983263493));
#7058=CARTESIAN_POINT('Ctrl Pts',(-106.466243078675,-234.292456776162,38.538748251074));
#7059=CARTESIAN_POINT('Ctrl Pts',(-107.850161995213,-98.9631576143246,40.5616852642594));
#7060=CARTESIAN_POINT('Ctrl Pts',(-107.992103650163,-28.3599224852661,41.6170805000032));
#7061=CARTESIAN_POINT('Ctrl Pts',(-107.993133493898,170.403144952804,44.5882417227263));
#7062=CARTESIAN_POINT('Ctrl Pts',(-95.9845442823432,326.856960732764,46.9269534188439));
#7063=CARTESIAN_POINT('Ctrl Pts',(-62.2266900691672,752.831508665722,53.2945300262371));
#7064=CARTESIAN_POINT('Ctrl Pts',(-38.5,1042.49579887891,57.624506000873));
#7065=CARTESIAN_POINT('Ctrl Pts',(-38.5,1469.,64.));
#7066=CARTESIAN_POINT('Ctrl Pts',(0.,-1140.,25.0000000000003));
#7067=CARTESIAN_POINT('Ctrl Pts',(0.,-1140.,21.2500000000003));
#7068=CARTESIAN_POINT('Ctrl Pts',(6.95982170512438E-50,-1137.8125,13.2187500000003));
#7069=CARTESIAN_POINT('Ctrl Pts',(9.51292190555055E-50,-1126.30208333333,
1.76041666666692));
#7070=CARTESIAN_POINT('Ctrl Pts',(1.37186440652584E-49,-1107.95138888889,
-8.32638888888867));
#7071=CARTESIAN_POINT('Ctrl Pts',(1.77085569051945E-49,-1089.34606481481,
-15.3807870370368));
#7072=CARTESIAN_POINT('Ctrl Pts',(2.16996271608302E-49,-1070.703125,-20.8229166666665));
#7073=CARTESIAN_POINT('Ctrl Pts',(2.45518646054106E-49,-1049.40104166667,
-26.0937499999999));
#7074=CARTESIAN_POINT('Ctrl Pts',(3.97541619739509E-49,-1017.5,-32.2916666666666));
#7075=CARTESIAN_POINT('Ctrl Pts',(4.6991110605442E-49,-969.861111111111,
-38.8819444444444));
#7076=CARTESIAN_POINT('Ctrl Pts',(6.7289961908857E-49,-916.770833333333,
-43.9427083333333));
#7077=CARTESIAN_POINT('Ctrl Pts',(8.33178552499786E-49,-860.341796875,-47.6015625));
#7078=CARTESIAN_POINT('Ctrl Pts',(1.30858585268901E-48,-783.7109375,-50.8984375));
#7079=CARTESIAN_POINT('Ctrl Pts',(1.23445888313137E-48,-715.625,-52.));
#7080=CARTESIAN_POINT('Ctrl Pts',(2.85275734608863E-48,-609.583333333333,
-52.));
#7081=CARTESIAN_POINT('Ctrl Pts',(-1.78923873989341E-48,-489.488874646849,
-52.));
#7082=CARTESIAN_POINT('Ctrl Pts',(1.36407999134982E-47,-302.40134260226,
-52.));
#7083=CARTESIAN_POINT('Ctrl Pts',(-1.62662905899971E-47,-129.205498587397,
-52.));
#7084=CARTESIAN_POINT('Ctrl Pts',(3.5256776744585E-47,-36.8944159603652,
-52.0000000000001));
#7085=CARTESIAN_POINT('Ctrl Pts',(-3.53207639839102E-46,221.666666666667,
-52.0000000000001));
#7086=CARTESIAN_POINT('Ctrl Pts',(-5.7398758363487E-30,487.150489745292,
-52.));
#7087=CARTESIAN_POINT('Ctrl Pts',(-2.18767654688484E-29,915.,-52.));
#7088=CARTESIAN_POINT('Ctrl Pts',(-3.3218439680791E-29,1319.,25.5));
#7089=CARTESIAN_POINT('Ctrl Pts',(-3.3218439680791E-29,1469.,25.5000000000001));
#7090=CARTESIAN_POINT('Ctrl Pts',(0.,-1140.,25.0000000000003));
#7091=CARTESIAN_POINT('Ctrl Pts',(4.03922872340426,-1140.,25.0000000000003));
#7092=CARTESIAN_POINT('Ctrl Pts',(12.6165969552914,-1135.54486128316,25.0665965542142));
#7093=CARTESIAN_POINT('Ctrl Pts',(24.9653747233831,-1114.25215455928,25.3848853860218));
#7094=CARTESIAN_POINT('Ctrl Pts',(36.0538561821076,-1082.55948285711,25.8586355570946));
#7095=CARTESIAN_POINT('Ctrl Pts',(43.97458400948,-1052.01984502997,26.3151498825873));
#7096=CARTESIAN_POINT('Ctrl Pts',(50.2133397977094,-1022.70428886245,26.7533663220241));
#7097=CARTESIAN_POINT('Ctrl Pts',(56.3542842430321,-990.139438707663,27.2401540399207));
#7098=CARTESIAN_POINT('Ctrl Pts',(63.7869666055059,-943.358024700105,27.9394545942462));
#7099=CARTESIAN_POINT('Ctrl Pts',(72.1356823398729,-877.869699652963,28.9183908444429));
#7100=CARTESIAN_POINT('Ctrl Pts',(79.1205200860431,-809.925950810815,29.9340313982077));
#7101=CARTESIAN_POINT('Ctrl Pts',(84.845064693842,-742.644342773764,30.9397741016879));
#7102=CARTESIAN_POINT('Ctrl Pts',(91.0210652111741,-657.03568300243,32.219474266887));
#7103=CARTESIAN_POINT('Ctrl Pts',(94.8257652973838,-588.340233514798,33.2463514343692));
#7104=CARTESIAN_POINT('Ctrl Pts',(99.3504592235679,-490.569243640756,34.7078572239487));
#7105=CARTESIAN_POINT('Ctrl Pts',(103.176406412935,-386.273391480629,36.2668983255858));
#7106=CARTESIAN_POINT('Ctrl Pts',(106.466243078526,-234.292456776162,38.5387482502254));
#7107=CARTESIAN_POINT('Ctrl Pts',(107.850161995054,-98.9631576143245,40.5616852633536));
#7108=CARTESIAN_POINT('Ctrl Pts',(107.992103650001,-28.3599224852661,41.6170804990831));
#7109=CARTESIAN_POINT('Ctrl Pts',(107.993133493737,170.403144952804,44.5882417218062));
#7110=CARTESIAN_POINT('Ctrl Pts',(95.98454428221,326.856960732764,46.9269534180828));
#7111=CARTESIAN_POINT('Ctrl Pts',(62.2266900691121,752.831508665721,53.294530025923));
#7112=CARTESIAN_POINT('Ctrl Pts',(38.5,1042.49579887891,57.6245060008729));
#7113=CARTESIAN_POINT('Ctrl Pts',(38.5,1469.,64.));
#7114=CARTESIAN_POINT('Ctrl Pts',(0.,-1140.,25.0000000000003));
#7115=CARTESIAN_POINT('Ctrl Pts',(3.99435313276269,-1140.,24.6978663980094));
#7116=CARTESIAN_POINT('Ctrl Pts',(12.4794034703555,-1135.54465942087,24.1716068747924));
#7117=CARTESIAN_POINT('Ctrl Pts',(24.7012167047608,-1114.25127570672,23.7347620112234));
#7118=CARTESIAN_POINT('Ctrl Pts',(35.6779454324225,-1082.55780938056,23.5771209642402));
#7119=CARTESIAN_POINT('Ctrl Pts',(43.5192985994179,-1052.01752462774,23.6007777073058));
#7120=CARTESIAN_POINT('Ctrl Pts',(49.6953189840628,-1022.70142506054,23.7044083349427));
#7121=CARTESIAN_POINT('Ctrl Pts',(55.7742026067273,-990.136021514368,23.8646832662299));
#7122=CARTESIAN_POINT('Ctrl Pts',(63.1308832134559,-943.353910622596,24.1714913640811));
#7123=CARTESIAN_POINT('Ctrl Pts',(71.3919058637423,-877.864784568714,24.706111443945));
#7124=CARTESIAN_POINT('Ctrl Pts',(78.3004825582168,-809.92037364928,25.3404147609166));
#7125=CARTESIAN_POINT('Ctrl Pts',(83.9597016219259,-742.638252847568,26.0213250956016));
#7126=CARTESIAN_POINT('Ctrl Pts',(90.0619855135083,-657.029093889854,26.9346090913877));
#7127=CARTESIAN_POINT('Ctrl Pts',(93.8172830134732,-588.33342817872,27.7140156383185));
#7128=CARTESIAN_POINT('Ctrl Pts',(98.2796347581179,-490.562334846058,28.85732783893));
#7129=CARTESIAN_POINT('Ctrl Pts',(102.048025646714,-386.266601639628,30.1151261404559));
#7130=CARTESIAN_POINT('Ctrl Pts',(105.2787200637,-234.286719137027,32.0363459630499));
#7131=CARTESIAN_POINT('Ctrl Pts',(106.635072393192,-98.9595384579074,33.8171344058889));
#7132=CARTESIAN_POINT('Ctrl Pts',(106.782609070506,-28.3585548442482,34.78824990502));
#7133=CARTESIAN_POINT('Ctrl Pts',(106.85036529995,170.394927979646,37.6077284224199));
#7134=CARTESIAN_POINT('Ctrl Pts',(94.9807414171719,326.851729519425,40.6505110159174));
#7135=CARTESIAN_POINT('Ctrl Pts',(61.6446103455154,752.837049220038,49.064399101597));
#7136=CARTESIAN_POINT('Ctrl Pts',(38.2361415169167,1042.51058142717,54.8796351658731));
#7137=CARTESIAN_POINT('Ctrl Pts',(38.5,1469.,61.1202067342094));
#7138=CARTESIAN_POINT('Ctrl Pts',(0.,-1140.,25.0000000000003));
#7139=CARTESIAN_POINT('Ctrl Pts',(3.87555190072439,-1140.00005003538,24.1182523373483));
#7140=CARTESIAN_POINT('Ctrl Pts',(12.0974169281314,-1135.63686692996,22.4230301020005));
#7141=CARTESIAN_POINT('Ctrl Pts',(23.9177994519938,-1114.74184780189,20.4342357732384));
#7142=CARTESIAN_POINT('Ctrl Pts',(34.5231171285557,-1083.59184285492,18.9477071941688));
#7143=CARTESIAN_POINT('Ctrl Pts',(42.0945474721482,-1053.53778281714,18.0481556939899));
#7144=CARTESIAN_POINT('Ctrl Pts',(48.0561063924301,-1024.65635024334,17.4345268405774));
#7145=CARTESIAN_POINT('Ctrl Pts',(53.9228807508659,-992.550023999741,16.8936749302569));
#7146=CARTESIAN_POINT('Ctrl Pts',(61.0214784361749,-946.374293734214,16.3579663185056));
#7147=CARTESIAN_POINT('Ctrl Pts',(68.9918283771272,-881.612428172929,15.9476022951749));
#7148=CARTESIAN_POINT('Ctrl Pts',(75.6577803103208,-814.273391056251,15.78721996929));
#7149=CARTESIAN_POINT('Ctrl Pts',(81.1194579566771,-747.433358202292,15.8115319392328));
#7150=CARTESIAN_POINT('Ctrl Pts',(87.0107740292637,-662.190158067635,16.0116190714119));
#7151=CARTESIAN_POINT('Ctrl Pts',(90.6392599536499,-593.518900875299,16.3481368432278));
#7152=CARTESIAN_POINT('Ctrl Pts',(94.9551174562211,-495.410238837109,16.9737062534999));
#7153=CARTESIAN_POINT('Ctrl Pts',(98.6053771197102,-390.46981732465,17.7337794709451));
#7154=CARTESIAN_POINT('Ctrl Pts',(101.754995183723,-237.058368932564,19.0563573037491));
#7155=CARTESIAN_POINT('Ctrl Pts',(103.106347203237,-100.188771003103,20.4050145072293));
#7156=CARTESIAN_POINT('Ctrl Pts',(103.282370485434,-28.7050026723478,21.211671480208));
#7157=CARTESIAN_POINT('Ctrl Pts',(103.472479309743,172.476048167277,23.6931963798851));
#7158=CARTESIAN_POINT('Ctrl Pts',(92.0485705295989,333.38678631348,27.6337379734059));
#7159=CARTESIAN_POINT('Ctrl Pts',(59.9403574272825,759.464101609706,38.6756304127797));
#7160=CARTESIAN_POINT('Ctrl Pts',(37.3774146702108,1053.81764381764,49.5743197787632));
#7161=CARTESIAN_POINT('Ctrl Pts',(37.8485646568085,1469.,55.3619198950074));
#7162=CARTESIAN_POINT('Ctrl Pts',(0.,-1140.,25.0000000000003));
#7163=CARTESIAN_POINT('Ctrl Pts',(3.4443068304687,-1140.00000081673,23.0474914037593));
#7164=CARTESIAN_POINT('Ctrl Pts',(10.7122729777777,-1136.08627354328,19.1064922013447));
#7165=CARTESIAN_POINT('Ctrl Pts',(21.0852400150537,-1117.12982843122,13.9717172078978));
#7166=CARTESIAN_POINT('Ctrl Pts',(30.3604519691473,-1088.62401129498,9.71603323779064));
#7167=CARTESIAN_POINT('Ctrl Pts',(36.9732718739708,-1060.93521763207,6.86579788201451));
#7168=CARTESIAN_POINT('Ctrl Pts',(42.1796694237481,-1034.16923323979,4.73034683546729));
#7169=CARTESIAN_POINT('Ctrl Pts',(47.3047440778134,-1004.29501102378,2.70110919032634));
#7170=CARTESIAN_POINT('Ctrl Pts',(53.5117209588942,-961.068572060392,0.381887867680318));
#7171=CARTESIAN_POINT('Ctrl Pts',(60.4997575776988,-899.844661461559,-1.99888163330002));
#7172=CARTESIAN_POINT('Ctrl Pts',(66.3696210271617,-835.449578600503,-3.76608971714811));
#7173=CARTESIAN_POINT('Ctrl Pts',(71.2055409119659,-770.760671138259,-5.00840467002144));
#7174=CARTESIAN_POINT('Ctrl Pts',(76.4536968255883,-687.296569385487,-6.10058832089982));
#7175=CARTESIAN_POINT('Ctrl Pts',(79.727269772786,-618.746076936083,-6.44537668430463));
#7176=CARTESIAN_POINT('Ctrl Pts',(83.663649615496,-518.9974822404,-6.44257087843722));
#7177=CARTESIAN_POINT('Ctrl Pts',(87.0504756464257,-410.925118582762,-6.30632219010653));
#7178=CARTESIAN_POINT('Ctrl Pts',(90.1303381448018,-250.555022602575,-5.79961829493888));
#7179=CARTESIAN_POINT('Ctrl Pts',(91.6068020018941,-106.180475252692,-5.10418445538663));
#7180=CARTESIAN_POINT('Ctrl Pts',(91.884095611323,-30.3954668181943,-4.59490441816318));
#7181=CARTESIAN_POINT('Ctrl Pts',(92.2610449280141,182.629896251795,-2.86339151787713));
#7182=CARTESIAN_POINT('Ctrl Pts',(82.3013014209522,365.159605816065,1.31632224120708));
#7183=CARTESIAN_POINT('Ctrl Pts',(54.0450912171202,791.619988018851,13.1427158500834));
#7184=CARTESIAN_POINT('Ctrl Pts',(34.0040797396625,1108.65043307971,40.0359533988497));
#7185=CARTESIAN_POINT('Ctrl Pts',(34.0281405794654,1469.,44.4164250583258));
#7186=CARTESIAN_POINT('Ctrl Pts',(0.,-1140.,25.0000000000003));
#7187=CARTESIAN_POINT('Ctrl Pts',(2.47417589322839,-1139.9999911573,21.9135885637333));
#7188=CARTESIAN_POINT('Ctrl Pts',(7.6684945869189,-1136.94596676793,15.4821079147854));
#7189=CARTESIAN_POINT('Ctrl Pts',(15.0364234727629,-1121.69784449917,6.65497568521985));
#7190=CARTESIAN_POINT('Ctrl Pts',(21.6204010851154,-1098.249640332,-0.936860855981015));
#7191=CARTESIAN_POINT('Ctrl Pts',(26.3248357808672,-1075.0847755314,-6.16558509796947));
#7192=CARTESIAN_POINT('Ctrl Pts',(30.0428565138605,-1052.36444955779,-10.1616569510099));
#7193=CARTESIAN_POINT('Ctrl Pts',(33.7150748702347,-1026.75950414336,-14.0099322050271));
#7194=CARTESIAN_POINT('Ctrl Pts',(38.1908626648848,-989.17363595296,-18.4997047507722));
#7195=CARTESIAN_POINT('Ctrl Pts',(43.2914996310331,-934.715744592231,-23.2372608194472));
#7196=CARTESIAN_POINT('Ctrl Pts',(47.6472895288595,-875.950989611445,-26.8600356027145));
#7197=CARTESIAN_POINT('Ctrl Pts',(51.3037321287882,-815.37590459337,-29.4835815738704));
#7198=CARTESIAN_POINT('Ctrl Pts',(55.3500535123462,-735.314983408088,-31.8689905565638));
#7199=CARTESIAN_POINT('Ctrl Pts',(57.971293037515,-666.995775042943,-32.7173090276103));
#7200=CARTESIAN_POINT('Ctrl Pts',(61.218513607276,-564.112607180142,-32.8752728412264));
#7201=CARTESIAN_POINT('Ctrl Pts',(64.1392798603904,-450.052303261553,-32.9535479561273));
#7202=CARTESIAN_POINT('Ctrl Pts',(67.1204732646133,-276.375347111439,-32.8631111022583));
#7203=CARTESIAN_POINT('Ctrl Pts',(68.8292024475746,-117.64664515871,-32.6254772951385));
#7204=CARTESIAN_POINT('Ctrl Pts',(69.2539175857421,-33.6316389941777,-32.4115826449761));
#7205=CARTESIAN_POINT('Ctrl Pts',(69.7298771433646,202.068351733749,-31.6359112521856));
#7206=CARTESIAN_POINT('Ctrl Pts',(62.5128680249832,425.918139240918,-29.1654621173851));
#7207=CARTESIAN_POINT('Ctrl Pts',(41.4864043050346,853.077042690677,-22.1409394823246));
#7208=CARTESIAN_POINT('Ctrl Pts',(26.1894344594701,1213.4313397195,30.7528517035989));
#7209=CARTESIAN_POINT('Ctrl Pts',(24.8266826129324,1469.,32.8683990892334));
#7210=CARTESIAN_POINT('Ctrl Pts',(0.,-1140.,25.0000000000003));
#7211=CARTESIAN_POINT('Ctrl Pts',(1.1215322444266,-1139.99993053871,21.3183813149012));
#7212=CARTESIAN_POINT('Ctrl Pts',(3.47775245440545,-1137.67366286728,13.4756346997409));
#7213=CARTESIAN_POINT('Ctrl Pts',(6.83177178554793,-1125.56396458788,2.36778395295085));
#7214=CARTESIAN_POINT('Ctrl Pts',(9.85067181589317,-1106.39603766777,-7.36899376594475));
#7215=CARTESIAN_POINT('Ctrl Pts',(12.0273386282972,-1087.05971680298,-14.1598691205481));
#7216=CARTESIAN_POINT('Ctrl Pts',(13.7640259698344,-1067.7633597708,-19.389956621783));
#7217=CARTESIAN_POINT('Ctrl Pts',(15.4920757119692,-1045.77125570393,-24.450262848618));
#7218=CARTESIAN_POINT('Ctrl Pts',(17.6254496059308,-1012.95885267884,-30.3922714891427));
#7219=CARTESIAN_POINT('Ctrl Pts',(20.1102683617964,-964.226997268228,-36.7014046598757));
#7220=CARTESIAN_POINT('Ctrl Pts',(22.2903225897551,-910.226962504618,-41.5416721587012));
#7221=CARTESIAN_POINT('Ctrl Pts',(24.1731112462714,-853.13345975815,-45.0406163477915));
#7222=CARTESIAN_POINT('Ctrl Pts',(26.3152020217504,-775.952404354929,-48.1958995291169));
#7223=CARTESIAN_POINT('Ctrl Pts',(27.7735037688699,-707.829280121909,-49.2576432216602));
#7224=CARTESIAN_POINT('Ctrl Pts',(29.6452541367284,-602.293718105226,-49.2824601330084));
#7225=CARTESIAN_POINT('Ctrl Pts',(31.4131959151657,-483.166595841293,-49.2926715796324));
#7226=CARTESIAN_POINT('Ctrl Pts',(33.4206160794432,-298.2291018988,-49.2724508625135));
#7227=CARTESIAN_POINT('Ctrl Pts',(34.7210727161211,-127.352345770648,-49.2296215502612));
#7228=CARTESIAN_POINT('Ctrl Pts',(35.0833534293583,-36.3712335656466,-49.1949825535633));
#7229=CARTESIAN_POINT('Ctrl Pts',(35.4102987903702,218.523909560089,-49.0780924921789));
#7230=CARTESIAN_POINT('Ctrl Pts',(31.8963592444091,477.334445814851,-48.6604654726006));
#7231=CARTESIAN_POINT('Ctrl Pts',(21.2691592639032,905.073670255743,-47.4704176937638));
#7232=CARTESIAN_POINT('Ctrl Pts',(13.2737879737526,1302.07742524186,26.1323508516639));
#7233=CARTESIAN_POINT('Ctrl Pts',(11.5206485169825,1469.,26.4648645382555));
#7234=CARTESIAN_POINT('Ctrl Pts',(0.,-1140.,25.0000000000003));
#7235=CARTESIAN_POINT('Ctrl Pts',(0.280499344070521,-1140.,21.2500000000003));
#7236=CARTESIAN_POINT('Ctrl Pts',(0.869431518313051,-1137.8125,13.2187500000003));
#7237=CARTESIAN_POINT('Ctrl Pts',(1.70779597719949,-1126.30208333333,1.76041666666692));
#7238=CARTESIAN_POINT('Ctrl Pts',(2.46451870837663,-1107.95138888889,-8.32638888888867));
#7239=CARTESIAN_POINT('Ctrl Pts',(3.01233022240642,-1089.34606481481,-15.3807870370368));
#7240=CARTESIAN_POINT('Ctrl Pts',(3.45139531071932,-1070.703125,-20.8229166666665));
#7241=CARTESIAN_POINT('Ctrl Pts',(3.88981722062639,-1049.40104166667,-26.0937499999999));
#7242=CARTESIAN_POINT('Ctrl Pts',(4.43441284262694,-1017.5,-32.2916666666666));
#7243=CARTESIAN_POINT('Ctrl Pts',(5.0753141856229,-969.861111111111,-38.8819444444444));
#7244=CARTESIAN_POINT('Ctrl Pts',(5.6447157663561,-916.770833333333,-43.9427083333333));
#7245=CARTESIAN_POINT('Ctrl Pts',(6.14276919963588,-860.341796875,-47.6015625));
#7246=CARTESIAN_POINT('Ctrl Pts',(6.71628294826077,-783.7109375,-50.8984375));
#7247=CARTESIAN_POINT('Ctrl Pts',(7.11474183511329,-715.625,-52.));
#7248=CARTESIAN_POINT('Ctrl Pts',(7.63328170245078,-609.583333333333,-52.));
#7249=CARTESIAN_POINT('Ctrl Pts',(8.13191194556649,-489.488874646849,-52.));
#7250=CARTESIAN_POINT('Ctrl Pts',(8.71830425863719,-302.40134260226,-52.));
#7251=CARTESIAN_POINT('Ctrl Pts',(9.11161256483412,-129.205498587397,-52.));
#7252=CARTESIAN_POINT('Ctrl Pts',(9.22407479420226,-36.8944159603649,-52.0000000000001));
#7253=CARTESIAN_POINT('Ctrl Pts',(9.31896585506677,221.666666666667,-52.0000000000001));
#7254=CARTESIAN_POINT('Ctrl Pts',(8.40969913294647,487.150489745292,-51.9999999999988));
#7255=CARTESIAN_POINT('Ctrl Pts',(5.61100464921205,914.999999999999,-51.9999999999965));
#7256=CARTESIAN_POINT('Ctrl Pts',(3.47358819364833,1319.,25.5000000000042));
#7257=CARTESIAN_POINT('Ctrl Pts',(2.87979326579065,1469.,25.5000000000001));
#7258=CARTESIAN_POINT('Ctrl Pts',(0.,-1140.,25.0000000000003));
#7259=CARTESIAN_POINT('Ctrl Pts',(0.,-1140.,21.2500000000003));
#7260=CARTESIAN_POINT('Ctrl Pts',(-6.52093126695188E-16,-1137.8125,13.2187500000003));
#7261=CARTESIAN_POINT('Ctrl Pts',(-2.97951061612323E-15,-1126.30208333333,
1.76041666666692));
#7262=CARTESIAN_POINT('Ctrl Pts',(-5.87423370986292E-15,-1107.95138888889,
-8.32638888888867));
#7263=CARTESIAN_POINT('Ctrl Pts',(-8.35426873958132E-15,-1089.34606481481,
-15.3807870370368));
#7264=CARTESIAN_POINT('Ctrl Pts',(-1.05388963333589E-14,-1070.703125,-20.8229166666665));
#7265=CARTESIAN_POINT('Ctrl Pts',(-1.28416483617299E-14,-1049.40104166667,
-26.0937499999999));
#7266=CARTESIAN_POINT('Ctrl Pts',(-1.59123055644155E-14,-1017.5,-32.2916666666666));
#7267=CARTESIAN_POINT('Ctrl Pts',(-1.9810990002742E-14,-969.861111111111,
-38.8819444444444));
#7268=CARTESIAN_POINT('Ctrl Pts',(-2.34950078503066E-14,-916.770833333333,
-43.9427083333333));
#7269=CARTESIAN_POINT('Ctrl Pts',(-2.68635053127286E-14,-860.341796875,
-47.6015625));
#7270=CARTESIAN_POINT('Ctrl Pts',(-3.0872967539533E-14,-783.7109375,-50.8984375));
#7271=CARTESIAN_POINT('Ctrl Pts',(-3.37839736915486E-14,-715.625,-52.));
#7272=CARTESIAN_POINT('Ctrl Pts',(-3.76491998887191E-14,-609.583333333333,
-52.));
#7273=CARTESIAN_POINT('Ctrl Pts',(-4.14604884819675E-14,-489.488874646849,
-52.));
#7274=CARTESIAN_POINT('Ctrl Pts',(-4.60770520642473E-14,-302.40134260226,
-52.));
#7275=CARTESIAN_POINT('Ctrl Pts',(-4.9178659602646E-14,-129.205498587397,
-52.));
#7276=CARTESIAN_POINT('Ctrl Pts',(-4.9960036108132E-14,-36.8944159603649,
-52.0000000000001));
#7277=CARTESIAN_POINT('Ctrl Pts',(-4.9960036108132E-14,221.666666666667,
-52.0000000000001));
#7278=CARTESIAN_POINT('Ctrl Pts',(-3.98324317928806E-14,487.150489745292,
-52.0000000000001));
#7279=CARTESIAN_POINT('Ctrl Pts',(-1.13600331319366E-14,914.999999999999,
-52.));
#7280=CARTESIAN_POINT('Ctrl Pts',(8.65154760011532E-15,1319.,25.5));
#7281=CARTESIAN_POINT('Ctrl Pts',(8.65154760011532E-15,1469.,25.5000000000001));
#7282=UNCERTAINTY_MEASURE_WITH_UNIT(LENGTH_MEASURE(0.01),#7286,
'DISTANCE_ACCURACY_VALUE',
'Maximum model space distance between geometric entities at asserted c
onnectivities');
#7283=UNCERTAINTY_MEASURE_WITH_UNIT(LENGTH_MEASURE(0.01),#7286,
'DISTANCE_ACCURACY_VALUE',
'Maximum model space distance between geometric entities at asserted c
onnectivities');
#7284=(
GEOMETRIC_REPRESENTATION_CONTEXT(3)
GLOBAL_UNCERTAINTY_ASSIGNED_CONTEXT((#7282))
GLOBAL_UNIT_ASSIGNED_CONTEXT((#7286,#7288,#7289))
REPRESENTATION_CONTEXT('','3D')
);
#7285=(
GEOMETRIC_REPRESENTATION_CONTEXT(3)
GLOBAL_UNCERTAINTY_ASSIGNED_CONTEXT((#7283))
GLOBAL_UNIT_ASSIGNED_CONTEXT((#7286,#7288,#7289))
REPRESENTATION_CONTEXT('','3D')
);
#7286=(
LENGTH_UNIT()
NAMED_UNIT(*)
SI_UNIT(.MILLI.,.METRE.)
);
#7287=(
LENGTH_UNIT()
NAMED_UNIT(*)
SI_UNIT($,.METRE.)
);
#7288=(
NAMED_UNIT(*)
PLANE_ANGLE_UNIT()
SI_UNIT($,.RADIAN.)
);
#7289=(
NAMED_UNIT(*)
SI_UNIT($,.STERADIAN.)
SOLID_ANGLE_UNIT()
);
#7290=SHAPE_DEFINITION_REPRESENTATION(#7291,#7292);
#7291=PRODUCT_DEFINITION_SHAPE('',$,#7294);
#7292=SHAPE_REPRESENTATION('',(#398),#7284);
#7293=PRODUCT_DEFINITION_CONTEXT('part definition',#7298,'design');
#7294=PRODUCT_DEFINITION('Fuselage With Hatch',
'simplified_fuselage_geom',#7295,#7293);
#7295=PRODUCT_DEFINITION_FORMATION('',$,#7300);
#7296=PRODUCT_RELATED_PRODUCT_CATEGORY('simplified_fuselage_geom',
'simplified_fuselage_geom',(#7300));
#7297=APPLICATION_PROTOCOL_DEFINITION('international standard',
'automotive_design',2009,#7298);
#7298=APPLICATION_CONTEXT(
'Core Data for Automotive Mechanical Design Process');
#7299=PRODUCT_CONTEXT('part definition',#7298,'mechanical');
#7300=PRODUCT('Fuselage With Hatch','simplified_fuselage_geom',$,(#7299));
#7301=PRESENTATION_STYLE_ASSIGNMENT((#7303));
#7302=PRESENTATION_STYLE_ASSIGNMENT((#7304));
#7303=SURFACE_STYLE_USAGE(.BOTH.,#7305);
#7304=SURFACE_STYLE_USAGE(.BOTH.,#7306);
#7305=SURFACE_SIDE_STYLE('',(#7307));
#7306=SURFACE_SIDE_STYLE('',(#7308));
#7307=SURFACE_STYLE_FILL_AREA(#7309);
#7308=SURFACE_STYLE_FILL_AREA(#7310);
#7309=FILL_AREA_STYLE('Carbon Fiber - Plain',(#7311));
#7310=FILL_AREA_STYLE('Plastic - Matte (Gray)',(#7312));
#7311=FILL_AREA_STYLE_COLOUR('Carbon Fiber - Plain',#7313);
#7312=FILL_AREA_STYLE_COLOUR('Plastic - Matte (Gray)',#7314);
#7313=COLOUR_RGB('Carbon Fiber - Plain',0.0980392156862745,0.0980392156862745,
0.0980392156862745);
#7314=COLOUR_RGB('Plastic - Matte (Gray)',0.701960784313725,0.701960784313725,
0.701960784313725);
ENDSEC;
END-ISO-10303-21;
